product_id,title,batch_id,field,changed,old_sha256,new_sha256,old_word_count,new_word_count,qa_status
228,"Custom Cylindrical Paper Tube Box",BATCH-06,post_excerpt,YES,566eacbb92a79a28e701c539b0ffdedde32678b7f761473755c9c4da712225e5,29cda21981b2cecc2feb80eb76e741ebd2b8ffbe83b9d8052772094dab335eb7,31,51,PASS
228,"Custom Cylindrical Paper Tube Box",BATCH-06,post_content,YES,1e8d30ac1b2b94c7cab000eef9d0622d203b3863491caeb9e3c9a28d8781eb13,a419b5d775eaa0439ecb9ce306b57d798dac5a34a54843a9249d4e36ac7f8a60,858,981,PASS
228,"Custom Cylindrical Paper Tube Box",BATCH-06,rank_math_title,YES,5758c54748861ba2831b0c0fc4aaf65789d49ba844fdacdd168858fc705c067d,2b0e836adf62cdc128583e13a7737317bbb8443ca85ebdbcc6a5e290bd786b2e,8,9,PASS
228,"Custom Cylindrical Paper Tube Box",BATCH-06,rank_math_description,YES,dd5630425a2b358989da83c86aada740ee015557cb169672d0fab2b11be508b2,9366283a4e8a4822177c334943ea2469cb904b7af3304bff0e6ac1a0691bd2cb,25,22,PASS
228,"Custom Cylindrical Paper Tube Box",BATCH-06,rank_math_focus_keyword,NO,ca44a565ce812c47a02a3bec7a77e139225fc05ff47fa42ca97fde64e5e12ae1,ca44a565ce812c47a02a3bec7a77e139225fc05ff47fa42ca97fde64e5e12ae1,4,4,PASS
229,"Custom Flat Rigid Gift Box with Ribbon",BATCH-13,post_excerpt,YES,caab1701e60fd2e9f6f6418323e6c7a97fba55d74327492aa6edcd9bc8c7c794,c66a22faafe95b1efd210fce18c8eb101d2bd7d6fa99f07390978a8c9e5fa5cf,31,42,PASS
229,"Custom Flat Rigid Gift Box with Ribbon",BATCH-13,post_content,YES,a7368a099c87dc87afaa7ba41632953dd728e05e6f21a7982b73bc6efd18b865,3649a8d166307a484df117a6bd4ddd5d6e876b76f29c1218542d1eabfa6e2c3c,858,937,PASS
229,"Custom Flat Rigid Gift Box with Ribbon",BATCH-13,rank_math_title,YES,fb469ea2390c0a66c1dc5a90ec3ad073480391ddfe633da550c7f3b237e16327,2d61077b8f1f1111d37be84c71c4814fab344793cf6fd2ab6e99434cf580e4b6,10,10,PASS
229,"Custom Flat Rigid Gift Box with Ribbon",BATCH-13,rank_math_description,YES,39b3dcea9a5c9d27ae690315c23616ddbae1e6ffd5c53c00d4506040195c5c1d,808e00c70e3abe39dc8db477319a77cf89ed8ec62315a9587acd8fa9f7e60a8e,24,20,PASS
229,"Custom Flat Rigid Gift Box with Ribbon",BATCH-13,rank_math_focus_keyword,NO,77dfea4155bc7bfbe5e0bca05110d92d00ad545b7ce1bf1d8aa3652947d40343,77dfea4155bc7bfbe5e0bca05110d92d00ad545b7ce1bf1d8aa3652947d40343,4,4,PASS
230,"Custom Pastry Display Box with Drawer",BATCH-11,post_excerpt,YES,b6f27b34beb2e7aa33a30e090e8cb1fb3a453c59cdc9b6599dc6d5bf4e09015f,e354c8e14ce26ed678bb0c1ca694f31607bbba59b40f6ce23eee18c49cbb1b88,31,41,PASS
230,"Custom Pastry Display Box with Drawer",BATCH-11,post_content,YES,f36d7cddae83493766e8de78531e41a37ab81931be45c4bc27af1df55b9e363a,6ba9dd9cf1005267bd7a238e6a64032d3be24614c8afcfd1e24e3c4a51c1306c,911,1037,PASS
230,"Custom Pastry Display Box with Drawer",BATCH-11,rank_math_title,YES,9527ee2f6c4c592415b5be5faa276f5ab354c0c47d379933c058f1b9b551a05e,a534e78c7401c74c7be8a09a1728f2321eb3e78c25c2b2cb557c298df7d34ead,9,9,PASS
230,"Custom Pastry Display Box with Drawer",BATCH-11,rank_math_description,YES,0fa2481db14aba92efb45cad777b8fc6d3740a8a772eccf5cf0f217b5437906d,64a069946e34fc02f821900c2377a23e09220239be4ad1ee05bb7ded18ef50e4,24,20,PASS
230,"Custom Pastry Display Box with Drawer",BATCH-11,rank_math_focus_keyword,NO,204a7569416d615917eb0149dc32501b1dadffbf2d284612cb185174c454494a,204a7569416d615917eb0149dc32501b1dadffbf2d284612cb185174c454494a,5,5,PASS
231,"Custom Wine Drawer Box with Insert",BATCH-12,post_excerpt,YES,4d4cbb7ebcc7d35ec6482f0b48a8accffeeeb1bc2c54cc54333d4dbfb5ed6827,d694c018425c702bff20c99ced9b867d178aef2b4d19286fa86253ad377eb6dc,33,41,PASS
231,"Custom Wine Drawer Box with Insert",BATCH-12,post_content,YES,5b9c5c4538cd84e3d36ea6b2a5bbd66f5f27a0937184ddc2caaf98045a626aaa,07dee519dc4b101ef31ff416aba2a56116e62b59c59841ca73a9183708290936,948,1072,PASS
231,"Custom Wine Drawer Box with Insert",BATCH-12,rank_math_title,YES,b9d70b974b5530b46cbc058a42f305dae95ac0f0a072033819d685adfdafd5a2,ad64cb831b1fd106802632565ead09a75013c13846940b94f60e78e9df64f8e2,9,9,PASS
231,"Custom Wine Drawer Box with Insert",BATCH-12,rank_math_description,YES,af124312c3a52b2d10993bc75c246ba18a9314b98b5209937ef1c6c4c437098f,936da51eee14224505019bfa28044c3e343bffb2de41c62d4503ce76ed6eca18,24,22,PASS
231,"Custom Wine Drawer Box with Insert",BATCH-12,rank_math_focus_keyword,NO,e472f914ba734a35f1e24daa7c60b7b790616b3cb16a850e4cb5f5677310a133,e472f914ba734a35f1e24daa7c60b7b790616b3cb16a850e4cb5f5677310a133,5,5,PASS
232,"Luxury Wine Bottle Packaging Boxes",BATCH-12,post_excerpt,YES,59760466604693297ee3de66643f839f9d6fa6a9ea9d95b2ab7ba222701e5c19,2a7d60030c598a209cec8e2f7831dbb6c9d7fac0b6ca8e1d3c62ec28ca14b9dd,14,42,PASS
232,"Luxury Wine Bottle Packaging Boxes",BATCH-12,post_content,YES,80c181c102f7dcb019f53c3dbf9da14b1976d6255deb24ecdded909dd9db390a,23d276a499fc37708845e1cdd1579cfe36f284443cf5c6eec492d09e5757fa0b,126,967,PASS
232,"Luxury Wine Bottle Packaging Boxes",BATCH-12,rank_math_title,YES,e3b0c44298fc1c149afbf4c8996fb92427ae41e4649b934ca495991b7852b855,c132eff77acb893d869760ad74f23084f5e301144b9804480de42db1005ded4a,0,7,PASS
232,"Luxury Wine Bottle Packaging Boxes",BATCH-12,rank_math_description,YES,e3b0c44298fc1c149afbf4c8996fb92427ae41e4649b934ca495991b7852b855,c2eec09dd86716f195a9e963295da41bca83ce6762a3e52e677571a083403a32,0,19,PASS
232,"Luxury Wine Bottle Packaging Boxes",BATCH-12,rank_math_focus_keyword,YES,e3b0c44298fc1c149afbf4c8996fb92427ae41e4649b934ca495991b7852b855,1e68b8b6733cfa85cd19b5054f1d0edb9cd6c7209314e2792c2331ab07b5e86d,0,5,PASS
233,"Custom Candle Jar Box with Insert",BATCH-17,post_excerpt,YES,da1cc985be3321ce872f24d6d7a43732beb9fe754c7836c8a128ec73f33b31dd,5161ba3cc99d63ab2d5c2543a3d6d2a609a92007a8be99b298e6cd6f31b50852,32,44,PASS
233,"Custom Candle Jar Box with Insert",BATCH-17,post_content,YES,6b1c3fc85b480c8d08bc0106809931dd652201b5a8285887d8094aa549bffe72,dabcd4521bd53494f7d06e821c43d609477e68d81118570e97ff873fa2f407a7,963,926,PASS
233,"Custom Candle Jar Box with Insert",BATCH-17,rank_math_title,YES,5f75239ceeb472fc8f2510be557a5fd95587fa1b05472aeac9fadce7f83ece3e,00720e7a73b8ba1faa82891177bb3d980fc2448b6dad3a5e44a03ccf41d06371,9,9,PASS
233,"Custom Candle Jar Box with Insert",BATCH-17,rank_math_description,YES,4d88738a3e8bcc84db6815f93a6fd9c564858015e7ec30670cdacbf2e9b23ba2,3afe5a5c97353d157707b84965ce30424f5f01cb2a9b751c57338275d1423bf6,24,22,PASS
233,"Custom Candle Jar Box with Insert",BATCH-17,rank_math_focus_keyword,NO,e372df899476269c358576ad8ce6e0dc65a78f5ffbc5b6cc1261abfdc4034498,e372df899476269c358576ad8ce6e0dc65a78f5ffbc5b6cc1261abfdc4034498,5,5,PASS
234,"Custom Incense Packaging Box with Window",BATCH-09,post_excerpt,YES,794847a64ec2f6dbd510414a4f5ed573d77f5fdf609461fc82c37b089a297853,fa2b1b9e2289f74accc258c77f478fe2319c8d765d2d3408b94f07344ca215a5,31,42,PASS
234,"Custom Incense Packaging Box with Window",BATCH-09,post_content,YES,bb05a6b336737c99b0c6baa97d764b34ba59b4c1fe13a35a13fcab8f7d0e9a75,63e558c07da028f22d2d8ecdd9dbb0b03418df8d5db92b30deefb101d9e9f83d,910,1003,PASS
234,"Custom Incense Packaging Box with Window",BATCH-09,rank_math_title,YES,31e0c937425bee73622f718c511ed141f06455768d2c4a024d8438f23cdc32cb,b47ffb6188b87d83e6f26f60bf5be602b7a7e93d62f87c0ee4517dcfda94de76,9,9,PASS
234,"Custom Incense Packaging Box with Window",BATCH-09,rank_math_description,YES,4a01859fa702bc69262e82f57fd5d068e937ca186a5dac5c671320f463c69bb2,39a7e3d3fc89c029d13521d37a00cbf70379ab74d99071554e216f29a1f907cf,24,20,PASS
234,"Custom Incense Packaging Box with Window",BATCH-09,rank_math_focus_keyword,NO,2ca1df268f0d7f13756e185fd08ef5ab2bb781455d967e5118de3b86d200b10b,2ca1df268f0d7f13756e185fd08ef5ab2bb781455d967e5118de3b86d200b10b,5,5,PASS
235,"Custom Essential Oil Packaging Box with Insert",BATCH-08,post_excerpt,YES,1b2afec6250ee521e67a4b57a5d63b90703272fda2ba09dc15a298da75b56065,d3f413ddb95125749cc6b26097f7be3f672d8dca09b800184036fa4c4a1f2262,32,40,PASS
235,"Custom Essential Oil Packaging Box with Insert",BATCH-08,post_content,YES,fbdcaa195da54f4bd9a056857df8f8fc43fb4ae5ca637aafd7ee57bc25a95236,76a2767c6ced03d64305d96ecbbc1045a9ba81c03e2e0e1f99c2a4e82e2688b4,955,1025,PASS
235,"Custom Essential Oil Packaging Box with Insert",BATCH-08,rank_math_title,YES,e399ad92d63a76397d898d38b9a180bbf17444f0fac6dc7560dded2acaa5828d,ddabe0fc68e26a3e7c562050be02fd7c7fff0ccb1a58318c8a374eca569c143c,10,8,PASS
235,"Custom Essential Oil Packaging Box with Insert",BATCH-08,rank_math_description,YES,9907f6804ec1c5c35bf10c2025bb23f392f63309682e272be24cad4b6032a8e3,780e8323222d8d3d34db24afd1c89d20d592ac06d1e6d7d3ebd6647e9556304e,24,21,PASS
235,"Custom Essential Oil Packaging Box with Insert",BATCH-08,rank_math_focus_keyword,NO,cb9d49de79e9d8f010cafb39f53c39be663934a96a58a472982d47b9539e7bf7,cb9d49de79e9d8f010cafb39f53c39be663934a96a58a472982d47b9539e7bf7,4,4,PASS
236,"Custom Wallet Drawer Box",BATCH-13,post_excerpt,YES,ccbe4f779a739b8998d6a4ee9320de64d581e683a58107fb9dc09be02a67838f,576eb9f5d2ee10b37c57976efd53ec5a2e8005492db6da68ec374a26aa1d2b2f,30,41,PASS
236,"Custom Wallet Drawer Box",BATCH-13,post_content,YES,a8bc585961407ea3a147579f13a1ae8ad3704a3a532da0ca8f17925a0226f896,70a9dcb863e8f101c0d81c037493c1515b826766b49eb43601df9f793ea1898f,809,997,PASS
236,"Custom Wallet Drawer Box",BATCH-13,rank_math_title,YES,1c1551d397500688a6550c0e4ed15f759601e95520b37ebe4f096c4e61b12fb3,6e41f5148eda44835a2034305701b4438b3e0d6e665ccc53e6c74fc4554ad4a4,7,8,PASS
236,"Custom Wallet Drawer Box",BATCH-13,rank_math_description,YES,8f5ec52953ecd7fe16fdba812639c06099132baa72d845e9e23037ba34540816,8929d02e3b7da13a02167e349fcc196ca30505afb1e0d43a47e705e3549a075f,24,21,PASS
236,"Custom Wallet Drawer Box",BATCH-13,rank_math_focus_keyword,NO,459685ca6475841a5abb06822b61383c5803dd47a39c52e8e18a943d9a4ae118,459685ca6475841a5abb06822b61383c5803dd47a39c52e8e18a943d9a4ae118,4,4,PASS
237,"Custom Rigid Gift Box with Ribbon Closure",BATCH-09,post_excerpt,YES,12c9199b3fe7c134d22cec438f9163b3e86154eb47c497072a5fbcf620360e9b,3a1060423e956fd0f95d60fcc10fa54819f0b45ea52db224454c000d09c1a34f,33,45,PASS
237,"Custom Rigid Gift Box with Ribbon Closure",BATCH-09,post_content,YES,c7d4a08c2b25dafcd8892b9a24adcbd4fe2d0d457f7cc860d0f95ad16c653daa,1d500ddd4e0debdeef1b984f43d8530129e83cb9415face6c3651437a163c546,964,929,PASS
237,"Custom Rigid Gift Box with Ribbon Closure",BATCH-09,rank_math_title,YES,593cf38b65c7d778e413bb7ee0d4d6d397b2e814a106666edc19ce7fb48a1bf8,df989a23360e7e1073570337731f7c07fe4b9154afcd1211baf859c416bf2ec9,10,10,PASS
237,"Custom Rigid Gift Box with Ribbon Closure",BATCH-09,rank_math_description,YES,e6a73d13d42ae7f219922add0a8dcf559ad7e3f74285cc266fcf6a1f0980b8fa,2554334d1eddd2ba296b501b589e58834597387672b0d7d20e8f7693515f60de,23,20,PASS
237,"Custom Rigid Gift Box with Ribbon Closure",BATCH-09,rank_math_focus_keyword,NO,7e4dc1b81e611d2a1f5986685d835de7d2678d08df99d440031eb46957eea83c,7e4dc1b81e611d2a1f5986685d835de7d2678d08df99d440031eb46957eea83c,5,5,PASS
238,"Custom Wine Gift Box with Accessories",BATCH-12,post_excerpt,YES,6bee1363b3a4985d7fa27db8bfdebb49d85ee74326b644bf1ec09cd8af4f94ce,be5a3514801170ed957cfb6a55a49c5cb58ec6b557119cca6ee80292ac261791,33,41,PASS
238,"Custom Wine Gift Box with Accessories",BATCH-12,post_content,YES,75ebc2c03f0532aa4c47b8fbdb6e4a66c782d2a5b641ec01112d57e50e38d01d,cfb61e99331476a98fc658791641fc255848b18db9a08b47b8f48ac5d988b7b6,946,1097,PASS
238,"Custom Wine Gift Box with Accessories",BATCH-12,rank_math_title,YES,284758e08e9c4e003d49de8999b32dd3e4468c4ff726ad2333ee17b6208adf21,0f15c27bf958eece26c927738a5856bb5c1f0e0fe78a1c6965ae001b4ff7a396,9,9,PASS
238,"Custom Wine Gift Box with Accessories",BATCH-12,rank_math_description,YES,2a44b9996a36cac04d20189bfe66756d4696980b06cb64aaed53ff47e8952749,4e54fcdedf58d7d90c4541d02ce403448fe27207fc5ae5f391d0be8197fad2dd,25,21,PASS
238,"Custom Wine Gift Box with Accessories",BATCH-12,rank_math_focus_keyword,NO,84805eea71003341f9f19ae738d986d8d70eb98237974ee1711d40600f53f3c0,84805eea71003341f9f19ae738d986d8d70eb98237974ee1711d40600f53f3c0,5,5,PASS
239,"Custom Pizza Packaging Box",BATCH-10,post_excerpt,YES,fe8974b51d4704a80b898a8be66d7b52077f488b0b5479155052f93845d91616,c1b5ef4f80cbe75a6b46c222276a271bbbec1852227a59a40018b82b6ee04c2c,29,49,PASS
239,"Custom Pizza Packaging Box",BATCH-10,post_content,YES,f8ea579c5a99fc162ff9b2ba5efd86dcb613b0cc6e42a185f7a1105c5b06a499,3b89619090008812c5357f0b9635c645c9ad35000969b36a720f4a0f50715e16,772,1045,PASS
239,"Custom Pizza Packaging Box",BATCH-10,rank_math_title,YES,30ccb9151940c35ea985c731044a0387ac9d9b1249794a75454e2a70f54f1c84,9ce681fa9931a93e21ad37cc1936b6e5a65465b5fa87a9904957d0f9fe96b105,7,8,PASS
239,"Custom Pizza Packaging Box",BATCH-10,rank_math_description,YES,5053047c8c455e996615c5fb0d846191421bb93577f925a8587cded3c9dd4568,4b65976d085769cda0a8abca6757e8493ffe47c5e7787d2daba1b3227a307fa7,22,20,PASS
239,"Custom Pizza Packaging Box",BATCH-10,rank_math_focus_keyword,NO,d43c3625c608def526d1e3f8c8f67adc1afc3f6944f5bf610e51ac95a2ad2df6,d43c3625c608def526d1e3f8c8f67adc1afc3f6944f5bf610e51ac95a2ad2df6,4,4,PASS
240,"Custom Cosmetic Tube Packaging Box with Insert",BATCH-03,post_excerpt,YES,62567694959d2a970e10f714918f476eacdc60fe0102fa8ea15470829ef9cdf4,b029b03b4360db6a6e4d9d123c09d5096cbd1199668c770d8f1dbb20d5566083,32,46,PASS
240,"Custom Cosmetic Tube Packaging Box with Insert",BATCH-03,post_content,YES,d0e780e8cd166cd02997c95a104f4bd2e46cd3f886fd23805de98e716d6000cc,92c719cc77c67acf137e5aafc4293d01b87077ed7c3969ef11b4b08adbda75fd,808,1033,PASS
240,"Custom Cosmetic Tube Packaging Box with Insert",BATCH-03,rank_math_title,YES,e9845ace78c3ca22e4f65cf3b5eaf7d377ecd9f754deba97a1c4154a8e670698,3f50b07c4af927e7791eaeff5fef2be60f7b53262f26a6d04cce79f0fb31174f,10,8,PASS
240,"Custom Cosmetic Tube Packaging Box with Insert",BATCH-03,rank_math_description,YES,fcc8cf4efb2ecccf6ed3b5b32cddaeaced444222048f1eaf3712ab6f4918cfdd,98fc29b0f54c91eee316aac39a615f741625343f7c1d40865f92ee7723aa45b0,25,21,PASS
240,"Custom Cosmetic Tube Packaging Box with Insert",BATCH-03,rank_math_focus_keyword,NO,267fa97e6b01a8c5ca3e7593f0d2d83ae7efa2b741233e9f64ca890601155246,267fa97e6b01a8c5ca3e7593f0d2d83ae7efa2b741233e9f64ca890601155246,4,4,PASS
241,"Custom Perfume Box with Insert",BATCH-09,post_excerpt,YES,e259ca3c26952fb45838c5c88051b976f583de57ab7c33dfe6aa40c8c3583d5f,8256b381da799ec92700dee7e9b9cef136be2431aa1bd3522a35ff461f287d5a,33,51,PASS
241,"Custom Perfume Box with Insert",BATCH-09,post_content,YES,99ec837b38788bd3f2d3237091f3bddd8f88c777c3fa0b2ad014cbf3a48f5756,ddd7494cfa611f6c821d474c46d9b89abb6f46091bea76aed96389e9a3290000,929,910,PASS
241,"Custom Perfume Box with Insert",BATCH-09,rank_math_title,YES,79b1746fc0f38e9b17378a33976e2990953b86fc6bad416baa86bc7e30680b0d,8e919618d18145773b5298ba953ca28af6a2ddbdec9a8650bee46684591cf240,8,9,PASS
241,"Custom Perfume Box with Insert",BATCH-09,rank_math_description,YES,47f3f509691af476187f9def14b28f403a8316f2e9ef2f7add3b59576b635a09,4993f3fb9fb03a3305680acb4ba088d5cfee09e861525a4eb4452611686c9d04,22,20,PASS
241,"Custom Perfume Box with Insert",BATCH-09,rank_math_focus_keyword,NO,5e454e44f16ba5a7f123b7292eaee9db2c79f56aeeef546781e73046cddb1186,5e454e44f16ba5a7f123b7292eaee9db2c79f56aeeef546781e73046cddb1186,4,4,PASS
242,"Custom Gift Box with Ribbon Bow",BATCH-09,post_excerpt,YES,4e1051fc6ddc7a085000f731f355af421b3a3561fa26dda3e10a1f60d2e80d3d,98c774028013b305b462869caee095c13a35454fde7398eae99d5d40b4429124,32,50,PASS
242,"Custom Gift Box with Ribbon Bow",BATCH-09,post_content,YES,e875c0271195bf17d7588bd4045fd6f5d5bbdbd4124833e2f9a6248502a354a8,2c0d7327fb75d73826e160c2fb27cdd0ebf20bbeb16b0766a12f428dcd10a9ac,846,921,PASS
242,"Custom Gift Box with Ribbon Bow",BATCH-09,rank_math_title,YES,0369210a15f9a42d08decc26f37276e60a4cc1d0eb5a945abd695a2c085ce1b3,5346497ad722c6a24525fad9d6b8e6855d9acd48e5b8dc418ca55d7d4bb50097,9,10,PASS
242,"Custom Gift Box with Ribbon Bow",BATCH-09,rank_math_description,YES,d5fe4c4d058353abd76f388c8204d4e739c8fb1dc3fdd205e017029bf8f17d29,538f655201599c328061921d95562978952693f2cdbfae4e30b63b3cb5369dda,23,20,PASS
242,"Custom Gift Box with Ribbon Bow",BATCH-09,rank_math_focus_keyword,NO,7801ccfd405d0f8ab59bf56e17f0d3062903a8e3a943a0b59629f57c64c377e8,7801ccfd405d0f8ab59bf56e17f0d3062903a8e3a943a0b59629f57c64c377e8,5,5,PASS
243,"Custom Nested Kraft Gift Boxes with Ribbon",BATCH-09,post_excerpt,YES,f94df27ad684af881cac358265591bb47424ca8be390209eec53770c6ca40d07,0b6f816e95648a4a303847a0a3311f30035c2d1df9d683357dda4c4b3d988bc0,33,49,PASS
243,"Custom Nested Kraft Gift Boxes with Ribbon",BATCH-09,post_content,YES,462f014035cc406a4adc7675c9624e7fd93721c5c070ea8e5c18578ee0e1e882,84160f9c56da6e8cca74a1246c4f2f92745f461445a13a0a9eee0d307b0e6711,885,926,PASS
243,"Custom Nested Kraft Gift Boxes with Ribbon",BATCH-09,rank_math_title,YES,538b3195957fa5e9d32937d587fde9ed49744173e42ba43e9a230c4988b8419a,46408543b6c1afdac1732adf3be7147420e9039ce264d21924b872479ad005f5,10,10,PASS
243,"Custom Nested Kraft Gift Boxes with Ribbon",BATCH-09,rank_math_description,YES,dc94fc383ea2c3b13fad18b78ac4a5012fb4053e3ddb86146438d9ab36584c1f,3f6cb905b01be7d477b26e624371e85e5d488b19d29974534f50b57c822e7bf2,24,21,PASS
243,"Custom Nested Kraft Gift Boxes with Ribbon",BATCH-09,rank_math_focus_keyword,NO,ec96fdc15a19e3eb2b7ec05d78d9a8166af32cf8278582abdad06bcb12005ea8,ec96fdc15a19e3eb2b7ec05d78d9a8166af32cf8278582abdad06bcb12005ea8,4,4,PASS
244,"Custom Tea Gift Box with Window",BATCH-06,post_excerpt,YES,5a6893eb805de4cd5c243c886452e30304d6dfee6093e82cec79fd2f743ae1a0,cac9207564c23b7e5382e1b368378eca4d1b8811939a712f2a8c0060ecf7d5b2,34,40,PASS
244,"Custom Tea Gift Box with Window",BATCH-06,post_content,YES,4fb6835956bf4d025198c56c1210e5f5fe147aa391f1133178b0a47072a29419,9c7569ed4040805f1bfee352ae305e5c3dc247fd32fa6eab2b85c906e13766b3,983,944,PASS
244,"Custom Tea Gift Box with Window",BATCH-06,rank_math_title,YES,c480ec62f1d0a29ad8e2d3e7c66d2eac805c71eab88bb0843917010d0d535544,465c6d0cc8dfe97e6cb802fb83fbf79abbb862cfe61f8b0322fe9afeddb84146,9,10,PASS
244,"Custom Tea Gift Box with Window",BATCH-06,rank_math_description,YES,11a50d981ecd18307ed3ddabc08a038596cbc27b758a754cc707e46bc735b5e3,743952eb6093db0cdbd9298ded93468c68a8e4ec19857da77ce2e03648791d6f,25,22,PASS
244,"Custom Tea Gift Box with Window",BATCH-06,rank_math_focus_keyword,NO,deaf58ac9b350247c8ec99ed215075f26cbf15c5a18016ef19d2564fc169a60d,deaf58ac9b350247c8ec99ed215075f26cbf15c5a18016ef19d2564fc169a60d,5,5,PASS
245,"Custom Apparel Drawer Box with Ribbon Pull",BATCH-15,post_excerpt,YES,3d45e8297734be454842162e020f803fc712dfdf66eae44302a16f6b23dd739d,d3eb6873aab7823b962245af5bb2cd71b4d4e37a3d4da6fef1ea79c1bb28767f,32,43,PASS
245,"Custom Apparel Drawer Box with Ribbon Pull",BATCH-15,post_content,YES,c809d6c893db1c9ae07523a3edf36c5b3d1a7fd2375afc2ef2f1589a803b67de,b4f86d9dbb536c18f6cf56f3a2dda03bb19c09586e364ce65cc5315014d9f692,873,912,PASS
245,"Custom Apparel Drawer Box with Ribbon Pull",BATCH-15,rank_math_title,YES,b916c6a713ddb0e837a538e67c66fb5d530eb3b766068053d6454a2185bfca79,3c145f65282ecc1ff63e8df877132e488520fa3392375bf6019519159d8af9ff,10,8,PASS
245,"Custom Apparel Drawer Box with Ribbon Pull",BATCH-15,rank_math_description,YES,016a27fa844f8f54ae52aa99ab9f4475ca652dfdb1d7f2bd9ef05f387f847daf,487e0c4b426cd1fb7aba2c60409cc1efe27fbb66938e243c172c6b6687a69cd0,24,21,PASS
245,"Custom Apparel Drawer Box with Ribbon Pull",BATCH-15,rank_math_focus_keyword,NO,0953d7b6bdea080e31df929a7b7dca265d64a09d8f8d14a5a71500335db40466,0953d7b6bdea080e31df929a7b7dca265d64a09d8f8d14a5a71500335db40466,3,3,PASS
246,"Custom Gift Box with Shredded Paper Filler",BATCH-13,post_excerpt,YES,f2e589c455901771508cf86083ef3b6d80a27efb43975aa171f4c8aa52242c6e,007569426668cafd04af3e84be348ac39c3aec2deb27f8de019bc4c6dc646286,32,50,PASS
246,"Custom Gift Box with Shredded Paper Filler",BATCH-13,post_content,YES,a00283664c592e81134a770233f61f0253fc4bdaebd9ff3ec5f716cc1d5cb86a,b3b8dcea604e565d65363c93de3f1e048c2f8cb9c3e905793220516e0ea96156,909,1037,PASS
246,"Custom Gift Box with Shredded Paper Filler",BATCH-13,rank_math_title,YES,fff84dc175c68f318dd5437e9c6d660ec56193f2400dad8e7bb257371e2d89fa,3e3f75a9fbbfaad171d46288425e4c08a8dcd1351d4f874f40011c7341f7b6f1,10,10,PASS
246,"Custom Gift Box with Shredded Paper Filler",BATCH-13,rank_math_description,YES,d9668f7f977b0edc1254700499327269e63fe34cb9ead9b17640e3456e516ab7,0d49b3d759e474f05cfb8f26fe86a9615953321698c8419e98666c280d724192,24,20,PASS
246,"Custom Gift Box with Shredded Paper Filler",BATCH-13,rank_math_focus_keyword,NO,1175670da51140c5e5daaadab847cfa38cea759879c290b2b976594955a76b24,1175670da51140c5e5daaadab847cfa38cea759879c290b2b976594955a76b24,5,5,PASS
247,"Custom Kraft Bakery Box with Window",BATCH-10,post_excerpt,YES,837fd45178d375ac34e7a884fa52454ef9c4c4528837191f36b15fc19498bc6b,c5dd58d2f4c96625fbd38aa2f808885a60febf620b19cceb73df7e6cc4c5b94c,30,50,PASS
247,"Custom Kraft Bakery Box with Window",BATCH-10,post_content,YES,f7d784d2db13f0bdb5be674156f3226998caeb25641e6ec0ba8db7e0a5fcea7e,552db0471f72c7a746e690a2904c79bdba14febf83326ae13a25fc061ff19112,155,922,PASS
247,"Custom Kraft Bakery Box with Window",BATCH-10,rank_math_title,YES,5d1c0bb7a2991a02b2b899db86f83b5dad0a48586295bd9a8448e4adb191fed8,a7571a67a175007b2b79ee717be0142d8eb4cdc564d7b4a64eb6dd763a4aa9ef,9,8,PASS
247,"Custom Kraft Bakery Box with Window",BATCH-10,rank_math_description,YES,b113be99cacd40f39cf237bf9279b134f40ab5281a897e72ebea582996b529d8,e6552380798d7b8a5fed1ac055d331972c33e9c3138fac168b44f38ee38a4545,22,20,PASS
247,"Custom Kraft Bakery Box with Window",BATCH-10,rank_math_focus_keyword,NO,29bb6f3101d0ce3608c5fa12dc3f70098d381a221ce68eb5ccdeb1578ce367ac,29bb6f3101d0ce3608c5fa12dc3f70098d381a221ce68eb5ccdeb1578ce367ac,5,5,PASS
248,"Custom Pastry Sleeve Box with Insert",BATCH-11,post_excerpt,YES,f6786b2a4fe5d5d2cc07a1d5c96fbb1306048a8b5ee90f17debc5baa9eed0106,8d69955ff70adbb66da3ed5798ba09bd385f5594c398daff120e5301eda4f23b,32,51,PASS
248,"Custom Pastry Sleeve Box with Insert",BATCH-11,post_content,YES,e19338bea44d07114ddbf930c37da170d31343b8565eedd40933168908052e8f,18f71beddfdfe083ab61e466d7215ae1f2b11e2c442bbc760142780f61f50b44,881,1022,PASS
248,"Custom Pastry Sleeve Box with Insert",BATCH-11,rank_math_title,YES,f84739f535f0d0d8d1060549157e6d668bc49ba91a34a57dbd0a891f0717ad8e,61877711a3b77ab83f088ced8c5f32ada934a76df2bc5215d4db208a227ffc96,9,9,PASS
248,"Custom Pastry Sleeve Box with Insert",BATCH-11,rank_math_description,YES,82d8cace550b8836fabad41486ce4b2a9b0679e50e8c9b8bb3650d78d5b4c1d0,01f27ec0aa1e34e0c1ccb282a408228ba7aa6d58591764f7e8171415a292fdc6,24,21,PASS
248,"Custom Pastry Sleeve Box with Insert",BATCH-11,rank_math_focus_keyword,NO,77329fe2ab1f3cfa08a871b9e21f1abce3b0f69a839f75e4b896c9e4ba492b88,77329fe2ab1f3cfa08a871b9e21f1abce3b0f69a839f75e4b896c9e4ba492b88,3,3,PASS
249,"Custom Mooncake Gift Box Set with Paper Bag",BATCH-11,post_excerpt,YES,30e383d7c341f12864430be82f21c1af5d4f12d72f8d8a43b77081fdde80680e,f1857870cfac5adb3e684cedd6ad4fdbbaaf5f5b1a19e120a588d186053a4b56,33,46,PASS
249,"Custom Mooncake Gift Box Set with Paper Bag",BATCH-11,post_content,YES,d7b93a06966404afc60a506f97fcd21498510f278dd250553a5685d165952f52,acc713ba62a8eff57fa679b49837b9e1463fce50d0b6d81e330067e714ff3d70,981,1108,PASS
249,"Custom Mooncake Gift Box Set with Paper Bag",BATCH-11,rank_math_title,YES,cdd047bc890bc1b21dab7b285fea68788a756e6484f309d5b83737d569fcbed6,45df5f2b47d96969046cc2cc2e5ee9fd015fcc95a23db38933ef62eed8059924,11,11,PASS
249,"Custom Mooncake Gift Box Set with Paper Bag",BATCH-11,rank_math_description,YES,fac23094e6f395286067a2304aec6b92f832ab34049868efcf0f0ddaebcb2c0f,bc54f8dc6406dfbfbf9cb7edf5afbf0d59c71d687e606be20fbd333919094cc8,24,22,PASS
249,"Custom Mooncake Gift Box Set with Paper Bag",BATCH-11,rank_math_focus_keyword,NO,d704b203a3df2b7cf319f7600f01fd7139ddc184be35502845eaf37943bf2e1d,d704b203a3df2b7cf319f7600f01fd7139ddc184be35502845eaf37943bf2e1d,4,4,PASS
250,"Custom Mooncake Handbag Gift Box with Insert",BATCH-11,post_excerpt,YES,a58894a5863dec1fc858fd5e611addef801640d05c70632b98524ecca3f100b3,75746344ae414451273fee35cc18641e5af9e5e820ed13e75945199c6bf20738,32,42,PASS
250,"Custom Mooncake Handbag Gift Box with Insert",BATCH-11,post_content,YES,6ac681d09d398f2a38a47714d12dc6f0c72241e33faa5fa419495b93c356a1b7,44f069c72723cef00c2f99d12750f9659e0c412847b750eb753473a60ac28126,968,1060,PASS
250,"Custom Mooncake Handbag Gift Box with Insert",BATCH-11,rank_math_title,YES,a9305321b7084d7a79faabd8ab011aef333c8d53f29424af7e70c89ca5d114d0,eea725eb1acb28a25386d2456aff61be28286b31f746878f565f566d3128befe,10,10,PASS
250,"Custom Mooncake Handbag Gift Box with Insert",BATCH-11,rank_math_description,YES,6b2347cbe5ee522da262fb7956c0780590c04d91920841bc4e9d6fd5ddb3d85a,5dcf5c2bb958309ebe8bf94019b1f05b0c3acd0bbdaa90a7558e546743b862f4,25,21,PASS
250,"Custom Mooncake Handbag Gift Box with Insert",BATCH-11,rank_math_focus_keyword,NO,06d48af90a915eaa991b4350de5add7da563e876566d8daa144f365db84077cc,06d48af90a915eaa991b4350de5add7da563e876566d8daa144f365db84077cc,4,4,PASS
252,"Custom Mooncake Cabinet Gift Box with Drawers",BATCH-11,post_excerpt,YES,4f6c004c330751b93ad40d2211913e419814b3de659b3926be0c1cbc71243084,d9d696f7e60a5bed0193c234256f21f3413c7de7756e97a5f4e9990bc40dda02,27,45,PASS
252,"Custom Mooncake Cabinet Gift Box with Drawers",BATCH-11,post_content,YES,876b8d17e1f294cfd9c2a2fe5a2119c7c0153de4a67754d959ee5eff1937edb8,e71530b014a1fba7c08dd97ff2992ec36139a8c3da47a9b030204bee15e229c5,970,1059,PASS
252,"Custom Mooncake Cabinet Gift Box with Drawers",BATCH-11,rank_math_title,YES,522b196b60f4d2c0763204070c968718bdda5bf7b554beef47f5ba00da934302,e1a2932dda16a515a8b013de090f0fd908e0cd13a677f568b23d8812ecfdd6b5,10,8,PASS
252,"Custom Mooncake Cabinet Gift Box with Drawers",BATCH-11,rank_math_description,YES,3f765983fcc27ea4c2a9fac1a4956d1da63d4986fa191b000516e899e95a8425,906a40135610ff60e6a6a0de9b77948b9d6e231d2db0b96afe54121206df7cd2,24,20,PASS
252,"Custom Mooncake Cabinet Gift Box with Drawers",BATCH-11,rank_math_focus_keyword,NO,433edc6566fe72a80b17ce0209273b52e8d6556145618767efba31490d7a6711,433edc6566fe72a80b17ce0209273b52e8d6556145618767efba31490d7a6711,4,4,PASS
254,"Custom Rigid Gift Box with Matching Paper Bag",BATCH-09,post_excerpt,YES,86d998ad29dbb034298b07cafffe6c4080deeaa9ca974a2b5666e7ecf85a7deb,468c0148e7517bacb460554b093e389ff028ac3b502accb79b5516ebc3c75ae8,33,46,PASS
254,"Custom Rigid Gift Box with Matching Paper Bag",BATCH-09,post_content,YES,9b5321bc6762046f64af17f0cf6ef74ce5095ecd12b3df59a46e16c6e2740e99,1751fb1bb4fd6ffe7dd26c98f70055717564fe2362f79c324f0a909f4a5b89b7,948,947,PASS
254,"Custom Rigid Gift Box with Matching Paper Bag",BATCH-09,rank_math_title,YES,4c2980d2037d4f6e593b09e04c957fc93ddc809484e36648283b2b3de41fcde6,96e7a8e8c8ceb6b601bb99bd13a8e779b529d30685d158b8e4c0ef178c1bc287,11,9,PASS
254,"Custom Rigid Gift Box with Matching Paper Bag",BATCH-09,rank_math_description,YES,00963e4bbb901ad8078c04963d4f8a5408fafe2e6bd20eeaaa32e2537f43c0a9,ff06f953e1d2bab210fb59028bd2d8af33f3eaf298c9ec4247df59ba3c30435c,25,21,PASS
254,"Custom Rigid Gift Box with Matching Paper Bag",BATCH-09,rank_math_focus_keyword,NO,7ca6cf3a2dbb8fa324e24837c8c3800a3e43cb71bbbff950db16e91cffb8dab7,7ca6cf3a2dbb8fa324e24837c8c3800a3e43cb71bbbff950db16e91cffb8dab7,6,6,PASS
255,"Custom Round Jar Drawer Box",BATCH-03,post_excerpt,YES,218ffd39a9394f92925e01ac6ba87bfb4f265868df5a3770e79b226735946f74,fd803dec67ae50cb19f5626b02160361bfaaf2e1da632a2aee412b8982673d29,32,40,PASS
255,"Custom Round Jar Drawer Box",BATCH-03,post_content,YES,9feae003ed69333789f4f3e10a149aa580cee4094648e6eff128672ef862f7ca,823088810320044d71f3d9bd90a8b9bce74cee81aa61d836f9d77d2f2570f06f,829,929,PASS
255,"Custom Round Jar Drawer Box",BATCH-03,rank_math_title,YES,888478a137afd1ada1f84844b10b239299c7c7772936f620cc2d9d98925cd75a,e3329d649c4c93a09d2362556b4bd503fb6d0bf9b0c8c412aba6ce58421e418d,8,9,PASS
255,"Custom Round Jar Drawer Box",BATCH-03,rank_math_description,YES,f8d83a242bac397d3690310713a4360e034bc79d322c5a92ffb8abb8499bcaa5,74ab14a69ddcc33b3c76a3f9a96e9c226af2ca52f15fc048c61cc99deb53c6e7,25,23,PASS
255,"Custom Round Jar Drawer Box",BATCH-03,rank_math_focus_keyword,NO,8118ea0c8ff518f439980eb51ef0904bfde5eeaf2fd177bf8bfa4fde0780f2e8,8118ea0c8ff518f439980eb51ef0904bfde5eeaf2fd177bf8bfa4fde0780f2e8,4,4,PASS
256,"Custom Luxury Watch Box with Drawer",BATCH-13,post_excerpt,YES,8d49d41cf35653be016b280ec6535f106e86cfc72840c84432d9e7fb2ebf200c,c6faf58aafeb79ae3d79dd7d0889234e75f6e46a45fc8706c9ad35ef483b4a90,32,50,PASS
256,"Custom Luxury Watch Box with Drawer",BATCH-13,post_content,YES,8a9fb7f750ac1191ae3e9b4351694854fb05de1adc6247aadf01179e5a2b51d1,0aee9e69ab6f03c5c012335d8d6b874bae7c45ec1d0f4ece0481633bc854a524,933,1035,PASS
256,"Custom Luxury Watch Box with Drawer",BATCH-13,rank_math_title,YES,d915f7c7b77907dfe013a5fec7df25ea724ab9fc82f86262b7c7333d444e5637,38503caaeabe8fd900ad48be5b1b254e8cc25dbbd4c0b9b3b00b1d0743d5cc6d,9,9,PASS
256,"Custom Luxury Watch Box with Drawer",BATCH-13,rank_math_description,YES,939c30ee557fa79825ca8f4490a274230bbbe80a4c5c2982f32727381cf242db,674c1169e7e4748960af28d2e40cdcabc960db18f69e715093129a6509a3fc73,25,20,PASS
256,"Custom Luxury Watch Box with Drawer",BATCH-13,rank_math_focus_keyword,NO,6c1b544fc125e12a77e3a25493ab92c7fc5cece33498857b4168ecd023633921,6c1b544fc125e12a77e3a25493ab92c7fc5cece33498857b4168ecd023633921,5,5,PASS
257,"Custom Watch Box with Pillow Insert",BATCH-13,post_excerpt,YES,0d531a42e06a68629a1725b873f43333d6ec5467e44db7501861109f50caf229,659ce44d3542b6e42ac893108db8412a9a0a96df1c1aaaf91539b03fe1db24e1,33,51,PASS
257,"Custom Watch Box with Pillow Insert",BATCH-13,post_content,YES,1a9e50137d5643c0312e0ed3ccb225f5a5feb5db31525d7248ce7aa3827f812e,69b4d539b0b00b5cf0302f07fa6c077af6c98327c49feb6e4a3202fa2574ebb7,831,1022,PASS
257,"Custom Watch Box with Pillow Insert",BATCH-13,rank_math_title,YES,025b04ded336d041a959546fa6d640882271c27881e7cd7352bf51fe06f53726,d02571b731238992ef03660f2c6f6e0d35e99586fdc032e434cc81faabaef8cc,9,9,PASS
257,"Custom Watch Box with Pillow Insert",BATCH-13,rank_math_description,YES,40b187ca5c236ddf123e0474b1da273fbd5181d7061a2926cd68ddd054de0a2a,4287597a83de281a457cc06e2559e1bced64ca73a599f952823ce46bf1c1d436,23,20,PASS
257,"Custom Watch Box with Pillow Insert",BATCH-13,rank_math_focus_keyword,NO,babca0d6047c73a3f089c2ee79565c8e368f74ebc211bc3eb5d0b3a4c5b47bd0,babca0d6047c73a3f089c2ee79565c8e368f74ebc211bc3eb5d0b3a4c5b47bd0,4,4,PASS
295,"Custom Pastry Box with Clear Window",BATCH-10,post_excerpt,YES,be82e0db0d60a7949fd18576af32ab79f436be2600f5a993a22ef98118aa6a69,a313ed8069403157eccc3f3a6cedf44259a1d51dbb68936d20ddbbf47da3504b,25,51,PASS
295,"Custom Pastry Box with Clear Window",BATCH-10,post_content,YES,78ab8d485c4af24818fc49a3b228bcaf5b26e60b04f527305bed303da27e9d4c,b02b17ed47450c7e3dd9eadbd06a085c7b46cd0d116d0931a4d596c92187b4d9,830,1064,PASS
295,"Custom Pastry Box with Clear Window",BATCH-10,rank_math_title,YES,0150dec478ce487d52adc93f0ff256a1871c187d027e8189ca5826aa2ba65987,a1518e94fb2e0decd334321049db9b049673fd1f358592e4053a2884a3ae8c3b,9,9,PASS
295,"Custom Pastry Box with Clear Window",BATCH-10,rank_math_description,YES,f768cddfe8e40f05ea5dc0144d1bf3eba0a7ee9499ed07eb6d76ccf5f4c6c506,ec5ffc39f89c8ba981c2894e81ec0ffb9ddc1e9ee210aebd7ee3fd31d984541e,23,20,PASS
295,"Custom Pastry Box with Clear Window",BATCH-10,rank_math_focus_keyword,NO,43e715d9a73724b744020f7de288d14734841b73e60d838dff2b11b623800d1b,43e715d9a73724b744020f7de288d14734841b73e60d838dff2b11b623800d1b,4,4,PASS
323,"Custom Tumbler Packaging Box with Insert",BATCH-12,post_excerpt,YES,7a4b3a8602b7f615afa8a648dd8482474bb93948bce8167c18bba82c2bde5a0d,fa43c220ef6fc1bb9ace2ad041a59f435ede77fee60b16d7154ad813cdb34935,30,44,PASS
323,"Custom Tumbler Packaging Box with Insert",BATCH-12,post_content,YES,9b0a6696e383d2da390346ad255b2f7d80e99a478e6c01ccdc098a74ba5d1875,2a84366bdd738494129508fdef74e3a1a843318d83a38150829ad0bc11464484,859,1009,PASS
323,"Custom Tumbler Packaging Box with Insert",BATCH-12,rank_math_title,YES,7dd4325b41e6f74012970f08368766512a38696dae29774b84ffef74328e256a,009986318686046af7e9748a4431875b533daa3b360df60000cff70594e4d568,9,7,PASS
323,"Custom Tumbler Packaging Box with Insert",BATCH-12,rank_math_description,YES,03db8bfb6449111e19c4b2d12e52a206334d23a8e520de6c051c919967a71792,327c398b9132d0ddc21368f657a73e3a0c7dbda1d14db00f116058251ac0a56b,24,21,PASS
323,"Custom Tumbler Packaging Box with Insert",BATCH-12,rank_math_focus_keyword,NO,d4db75aff77941608cdfcf6851bf79c35f0c0471a62b75991f8c30a3379cc49b,d4db75aff77941608cdfcf6851bf79c35f0c0471a62b75991f8c30a3379cc49b,3,3,PASS
325,"Custom Skincare Jar Packaging Box with Insert",BATCH-03,post_excerpt,YES,d2642d098ae2624d57f69ab33f1c9d44b40b23cbe09bdbc1a7e1fdc7fb7823ae,1f5b79f75298c90a133d2f03a6734d7fbd097b8e8d1f5193f79df3817b8297c6,34,41,PASS
325,"Custom Skincare Jar Packaging Box with Insert",BATCH-03,post_content,YES,4e59c92ad7d0eb9f6f317fe40449a163cb26a8323b61f983aa3e6aedbeade465,8233f4841192c678545272dd99f513214b6cba6f8336759fe2b6f63547dd92d6,869,925,PASS
325,"Custom Skincare Jar Packaging Box with Insert",BATCH-03,rank_math_title,YES,16d745b613da999a53e0ff5b238af807ff13df5cba2de8c53c9637837bf95349,eefee788c3a2ae0d0ceb2dd6b168fbcf85a2c67dc3904642333e8bb18f5e324c,10,8,PASS
325,"Custom Skincare Jar Packaging Box with Insert",BATCH-03,rank_math_description,YES,9eb9ad892ae026043389eda0a1060892094cb2abf0102bee800510943e1b37bd,1a149578d63725e1a7c9da6553680a1becf5e38177544ecab622168f47dc05ef,25,22,PASS
325,"Custom Skincare Jar Packaging Box with Insert",BATCH-03,rank_math_focus_keyword,NO,0b65a94afc11e7aad513af75f5832354eebe4cd6a225ff1b3baaa9577ec4c2f5,0b65a94afc11e7aad513af75f5832354eebe4cd6a225ff1b3baaa9577ec4c2f5,4,4,PASS
328,"Custom Bottle Carrier Box with Handle",BATCH-12,post_excerpt,YES,a694858ed2ab2c12194df38a50fc32898d1aeab4d04ad85637974ea35ab4db1e,47dee0f1166e33dcc3df70e3127eb1dae013bb2bd036643c90de9dbb06299043,31,41,PASS
328,"Custom Bottle Carrier Box with Handle",BATCH-12,post_content,YES,22f45eb2dbec3298b5bcdab80e1be04e2ad15ee6dae10f50f6d04839cd344c92,ecb4da49edb01155e2b800a8d78b244052bf6811c9e9f2caf8dd127d0f964f27,886,1025,PASS
328,"Custom Bottle Carrier Box with Handle",BATCH-12,rank_math_title,YES,d1947d55e9e0b93e161f6f191a80727918e639dec9c0460e8605e39dccb3d567,6faf639c922e40fb1bb9814a93caf08342449a7c644dc0a82564c1de86131e43,9,9,PASS
328,"Custom Bottle Carrier Box with Handle",BATCH-12,rank_math_description,YES,7b3fa0e8e2c34a1d3a9e33e21506b7a18f235cecf6908dde92220315d0647825,9e58bef65d6164c0f87aa232d82c0278d44a492516647a2b31d82fcbaca214a9,23,21,PASS
328,"Custom Bottle Carrier Box with Handle",BATCH-12,rank_math_focus_keyword,NO,e15bb35b5158199c691248622a3a22d921822b79e936dada5365040885a856b3,e15bb35b5158199c691248622a3a22d921822b79e936dada5365040885a856b3,3,3,PASS
334,"Custom Perfume Gift Set Box with Insert",BATCH-09,post_excerpt,YES,ecf9bc8a9c023bb55472c89b9aeea1d67d309e359c29cee3dff4999515566016,ed5c4af6e5232f5e607015ec0f31316b75a6f553e316bc318c48288fb3f82f02,34,42,PASS
334,"Custom Perfume Gift Set Box with Insert",BATCH-09,post_content,YES,3208c691b2497f49b5e0ebfda0d9687486d22f3a1db7236a0a5dfde23d283ad0,eeb192cbc0ff0a7b801fe9cb20c08a25aa627fee094e5d8d921b0cf74505801b,902,933,PASS
334,"Custom Perfume Gift Set Box with Insert",BATCH-09,rank_math_title,YES,c24da1984af6b35e21098322dcdd2b40b29e015ec31230cc925488cb00f8e224,d8f42a02cab0594c9772f8ea9d7bedc9c7674e84f134d6705518ab5ec89ecf6e,10,10,PASS
334,"Custom Perfume Gift Set Box with Insert",BATCH-09,rank_math_description,YES,40b474f8e3702dd06c9cfe8d4c8a155c93e44cc2c35641d598d7b6632f2ce218,18215144f5495396ab879a05cfe97fe5baa3ad1f05ac79966cb445575997c961,25,22,PASS
334,"Custom Perfume Gift Set Box with Insert",BATCH-09,rank_math_focus_keyword,NO,71453a474232442ee3773090748b1e86835c3fb12dd5739d8b75fc774f6827b9,71453a474232442ee3773090748b1e86835c3fb12dd5739d8b75fc774f6827b9,4,4,PASS
340,"Custom Cosmetic Drawer Box with Insert",BATCH-03,post_excerpt,YES,99df88604e91c3a22b2a23dc1b172c591fab1cb5517dceabaddc9c2aa40a6d6a,392552869fe859f1dcb5d5276981116a320ccc5b0290cc45d46363afc9540f15,32,50,PASS
340,"Custom Cosmetic Drawer Box with Insert",BATCH-03,post_content,YES,c136009086ac0a6d00a864927b403ad1ab39c602c4d1942a7cd90ef63c87cdfd,fffc44c930d8d5e6fd405b00143504de9110a1286334582312b79f4186cc5186,907,904,PASS
340,"Custom Cosmetic Drawer Box with Insert",BATCH-03,rank_math_title,YES,cb8122efd12aa15f4e6092396f9352a8f70d5dc1df792e076a88fa684eb43139,396c1dd1cabe0b3051097b2e996a0eb2c9619a43cdf60b095b522b6f92e0b05d,9,9,PASS
340,"Custom Cosmetic Drawer Box with Insert",BATCH-03,rank_math_description,YES,89968ea98e5e6d07a25f46c255c79ba1408c554de211b2b317f2d12744fef7d4,245d331549a29b07566a34a059c18917d929fdb40b7bc2185244ad46cb967f1d,24,20,PASS
340,"Custom Cosmetic Drawer Box with Insert",BATCH-03,rank_math_focus_keyword,NO,7652f715591c3db3fdfa02158f8fe618fd6bddc1cfb563bc1024760049612398,7652f715591c3db3fdfa02158f8fe618fd6bddc1cfb563bc1024760049612398,3,3,PASS
346,"Custom Rigid Square Gift Box with Foil Logo",BATCH-09,post_excerpt,YES,4d627cfe98f74f17324c104d722e27bd53657ae44c14053fcec2fb360bb527e9,1bc9c7973d9809837283bb5275411b271b6fb3d6ef94aa994167931fefb11e62,31,43,PASS
346,"Custom Rigid Square Gift Box with Foil Logo",BATCH-09,post_content,YES,f192ad8b468f693da4220538cc19bfd58acc34fb717ab28997429696235733b6,f62e3281323853304da2cc95fb562a8c5714af774d94f1e39ff28d39fe6449b5,829,938,PASS
346,"Custom Rigid Square Gift Box with Foil Logo",BATCH-09,rank_math_title,YES,5cb4b5c07f9ae55a33eed06416dbd5087354d565ea102c95811bb536766f8cf6,2b11f51a329a5ea6fb7a2d4e8f3553f4b74e3c7f14698c58bb06590c33122704,11,9,PASS
346,"Custom Rigid Square Gift Box with Foil Logo",BATCH-09,rank_math_description,YES,a28e19cd51355fbd602b54d2558c0b4ff0c49776bedbb354797422a270a1e53c,fcc70ddf319c9c4f9eafd64a51109fb3e9e6aaad03a10acd8ff5b73314fe1c53,25,21,PASS
346,"Custom Rigid Square Gift Box with Foil Logo",BATCH-09,rank_math_focus_keyword,NO,721299808237afe9d6af8d3735b4ceb78b47f5c9540769cdee7cd4c21ae48487,721299808237afe9d6af8d3735b4ceb78b47f5c9540769cdee7cd4c21ae48487,4,4,PASS
351,"Custom Luxury Mooncake Gift Box with Insert",BATCH-11,post_excerpt,YES,67ae381886efb6451260ba2ce9c06b329e6057db863b49d6d04eace84714cefb,e9f8071592f942be17521ed735393405672d48525d65b388d22c0aa5348c49b8,26,51,PASS
351,"Custom Luxury Mooncake Gift Box with Insert",BATCH-11,post_content,YES,72b313da291c320edc1c2c834b32363f4862dc8ed1b3129e5bccb1e533fd4842,7a0f5d96a253df1a9229b2d2722a8393d5835a249b2131a0f94ff0103e4dbf4f,910,1020,PASS
351,"Custom Luxury Mooncake Gift Box with Insert",BATCH-11,rank_math_title,YES,6f06361beeabaa4b1a5f43fb0c89f8be67ee3ff745185f49d52e919e30a3bdb0,44c3981c8eefc62cf0a3d78819a22a847a2f1f25b31b4976bb8767f6831ddf17,10,10,PASS
351,"Custom Luxury Mooncake Gift Box with Insert",BATCH-11,rank_math_description,YES,360063e7128ea8fd79dbaec7a0ef613b1fddfaa1a67bc68953a68313544fbdad,f93d7d656111b4ed38444454140376b3e22f3bbcf45aa7e842cb4bf27c311c4b,26,21,PASS
351,"Custom Luxury Mooncake Gift Box with Insert",BATCH-11,rank_math_focus_keyword,NO,0bfe6942f8c4890fe8d93bcc1575cfbe8ae77ee003ee942a00ad8a8ac20176c9,0bfe6942f8c4890fe8d93bcc1575cfbe8ae77ee003ee942a00ad8a8ac20176c9,4,4,PASS
357,"Custom Kraft Pastry Drawer Box with Insert",BATCH-11,post_excerpt,YES,dd29468e28feeab702a196e994eb9e175743e55096fa051ec8a12e795b7c2777,8e239306d056792f8af8fade54e3d7c5953e59568c41c4a1fb23ca44c5333bde,31,42,PASS
357,"Custom Kraft Pastry Drawer Box with Insert",BATCH-11,post_content,YES,bbe75c7bbd9dbb4bf28408c1704e787f7f52b61b5766f1df978fbf8bb328e0b3,83f814d9d0031b890f1bf82eecd2d38822a33d44e78b86c971401efe42074af3,851,1049,PASS
357,"Custom Kraft Pastry Drawer Box with Insert",BATCH-11,rank_math_title,YES,bfe613ba818c779c65bfa52e4ddc847ce1d5a78e8c171c7c8304e77183868e1b,c0be7f010d80ac8c271b01a3c03d19b78d1c1b5d42e38aa7a72be785375d6336,10,10,PASS
357,"Custom Kraft Pastry Drawer Box with Insert",BATCH-11,rank_math_description,YES,9d53ee6949be2b7927996e92ef4b399ee2604812a24d74179a799d1b389f3988,646d34f6e5977ef3d79827e28428e147bd85b0e8b23ff7df17d77f7557d3861e,23,21,PASS
357,"Custom Kraft Pastry Drawer Box with Insert",BATCH-11,rank_math_focus_keyword,NO,00301b13a064861238d8716d2fe7d97493589c02ba2aeb7bff3315b08495f4e2,00301b13a064861238d8716d2fe7d97493589c02ba2aeb7bff3315b08495f4e2,3,3,PASS
367,"Custom Mooncake Packaging Box",BATCH-11,post_excerpt,YES,e0ab986b4a02a6bea3c3afac1637275a311038be1069f931d6b672f3e9256ac1,12fb4fda61d5f81e31635be1afdc34dcab5e35e634dc4fe8a43913bfccb99fc0,29,48,PASS
367,"Custom Mooncake Packaging Box",BATCH-11,post_content,YES,17e2c58c3b42967532f835cbf7c23d59ef713f28fd4594378a5953c4cb244dec,6415588336d24943b26c62e1c146f1436c329b5438efa8deb410a713dc4d2825,845,1060,PASS
367,"Custom Mooncake Packaging Box",BATCH-11,rank_math_title,YES,331167f6c2c053937d37d78ed6323f57c93ea53ad2416977db869f9f7b4047c6,cdf140ca71aaabd1ef5a4e5f4406806aa20ba57a2fb3817e4580eb7ae7fa03b7,7,8,PASS
367,"Custom Mooncake Packaging Box",BATCH-11,rank_math_description,YES,65f12c1082a01b8078afdc174f9183ee0f940b0abb807c73735da30984657b78,cf58728f3c593c90a9d6bc717438980d0130cf1f875b913519eadd801062735b,23,19,PASS
367,"Custom Mooncake Packaging Box",BATCH-11,rank_math_focus_keyword,NO,c2a5f77f21b4417f1abb4b43766fd99518ae856a50a9a75dbcc3fb1e94a04c33,c2a5f77f21b4417f1abb4b43766fd99518ae856a50a9a75dbcc3fb1e94a04c33,3,3,PASS
373,"Custom Luxury Paper Gift Bag with Ribbon Handles",BATCH-09,post_excerpt,YES,25dc0d36ca823b00f071c7cca0d9f52852d20158cdddc1d7633cfadd31030f1a,4bbc1c9202f5d7a0afa70af3a398620ddbc929a1a70564b5ef45476a9b4d39b6,34,46,PASS
373,"Custom Luxury Paper Gift Bag with Ribbon Handles",BATCH-09,post_content,YES,c599696605bcb9eaa90d29f3df176da34f152f3a90a03e6d38b8001843ade108,4276fc1640b9f05ec2704ee9af77bcb1a352aadc0e18b858424d271b6e7884ff,939,883,PASS
373,"Custom Luxury Paper Gift Bag with Ribbon Handles",BATCH-09,rank_math_title,YES,2fb5bfa45b4d64cae50aa6d0daa02b17fc935b163cd72c49faccabe166373456,ef0e58175129aa39b1a8d2b54ec48c95dc86013cb0870fc04db693e8f1fb60d5,11,9,PASS
373,"Custom Luxury Paper Gift Bag with Ribbon Handles",BATCH-09,rank_math_description,YES,55ac8e31e0593739f743472dd669601a7789e7e78429aa17faf4cd769978db7e,0e9d2ba66a08cdab64797005398d77fe66059f9d6bde6c7850b2a254b1e89deb,23,20,PASS
373,"Custom Luxury Paper Gift Bag with Ribbon Handles",BATCH-09,rank_math_focus_keyword,NO,39058cdab06de379c9b8e33a51c66b5f707c8a091ec1963ea1fa746ae1e0a70f,39058cdab06de379c9b8e33a51c66b5f707c8a091ec1963ea1fa746ae1e0a70f,4,4,PASS
379,"Custom Paper Shopping Bag with Handles",BATCH-09,post_excerpt,YES,ce79a78bb1291f9c417b9ee996f80b54814efbd6ccbec56a77a67e8e27010218,978056e73451c527742cd7a314f87b57877dae57aa6e52fc78294d89fbb2cff0,32,52,PASS
379,"Custom Paper Shopping Bag with Handles",BATCH-09,post_content,YES,9bcea52a9fe1eaba842ecd355671fec86e67ddfdb2647d7d649e56ac0deeddd7,fb10fc2d89779ede9b7395089c1227fc48c9211b8017d3994e19939182f63492,844,846,PASS
379,"Custom Paper Shopping Bag with Handles",BATCH-09,rank_math_title,YES,4aa6247f75a63019330bf2c8648e4086c7f3cb7a118e5df309add40ab110ec35,12de5f101137b1b23c0a0829b204d0743409fe9f405bc01675241dd9bb6f639c,9,9,PASS
379,"Custom Paper Shopping Bag with Handles",BATCH-09,rank_math_description,YES,e504d4c730fc7c264f5d9ed4276e5e13b2619fae777786de2e66318e578a4d24,531d669beb9bb85c2df439b2731447a4d9acdbaaa7ac603da64682e372b56d64,23,20,PASS
379,"Custom Paper Shopping Bag with Handles",BATCH-09,rank_math_focus_keyword,NO,8ee77778862600464c1dcefb0a79589bb16a0479f47f1923d2ecc5063d086e87,8ee77778862600464c1dcefb0a79589bb16a0479f47f1923d2ecc5063d086e87,4,4,PASS
386,"Custom Printed Corrugated Ecommerce Box",BATCH-01,post_excerpt,YES,6f1405571b5a2af17664616294e4c4b47d65b24b247a25d3f5c376f338cfbc9c,4e8ef363e3441bc0696f5430be439d9a500321a7d866b78e7a8ebb353411cb99,26,43,PASS
386,"Custom Printed Corrugated Ecommerce Box",BATCH-01,post_content,YES,9415f05695a467fe896c80753cb5d9db2c9c63c9c5f0206bde8bd157dd1e8b09,d5c76cc236f13755f2e74578032683516f1fcbb87bbac4f6286cd398c653cb2a,746,1028,PASS
386,"Custom Printed Corrugated Ecommerce Box",BATCH-01,rank_math_title,YES,b45f94c224bb216bc41b98afe98d46188ebcbda4e1578179f29188fe1e369c22,0c1c035cd19e3a9b544e9c74857621bd64b5ca053088f9830f625693be677764,8,8,PASS
386,"Custom Printed Corrugated Ecommerce Box",BATCH-01,rank_math_description,YES,fbb6d584812d27e2e786939a2c202ff4e1aa636117b9919ee8be539fd0a61dfd,7cd5e715a54df5eea663dfd0a52646e821a5365664aa1c2a632a7ead16527308,22,21,PASS
386,"Custom Printed Corrugated Ecommerce Box",BATCH-01,rank_math_focus_keyword,NO,51806d3419a395634289a9c5878301feddf1a73c37bce11f6af1627413dd9b22,51806d3419a395634289a9c5878301feddf1a73c37bce11f6af1627413dd9b22,4,4,PASS
391,"Custom Corrugated Mailer Box",BATCH-01,post_excerpt,YES,4c455f8dfa0bdfe8c560012480f4e75c218be587e0058206dd5ef35ae939c43b,27d98c5f4ff6e03fe290702832c060c05340bbf966678d1a4dbfb8c6ae4a10a7,27,52,PASS
391,"Custom Corrugated Mailer Box",BATCH-01,post_content,YES,c14101774a003b404583f43ba82ec34a45c74b3ce3b33b802c8993f280ddb427,8d19331f24cef4e3d1059c8d746705fcea14a7e18e382721f70ab2b1ff018b64,650,1028,PASS
391,"Custom Corrugated Mailer Box",BATCH-01,rank_math_title,YES,9a683d9d743dec832e75a78318a6917628fd4a6933825a3dda4721e997db6de6,295f6bc6116a84a17e68c83dd9653168afd2c0ae6fec445eced227689e94c4d1,7,8,PASS
391,"Custom Corrugated Mailer Box",BATCH-01,rank_math_description,YES,765517d6e6a36cb92dbd9e41ac27330540e34513157706e9f4d24f25f898aa08,9638a699e2249d8c79673a86007efc8ac587b40bc24fdb1aaa73c3ed2b6a8c89,21,20,PASS
391,"Custom Corrugated Mailer Box",BATCH-01,rank_math_focus_keyword,NO,8f27fc4fed36348532233c6e938ffb8697a3a5490cd7450fbcbdc95cf4755850,8f27fc4fed36348532233c6e938ffb8697a3a5490cd7450fbcbdc95cf4755850,4,4,PASS
397,"Custom Magnetic Gift Box with Insert Tray",BATCH-04,post_excerpt,YES,2ac7dcbd93dc90094dc8c445fca8d5c440c9c7a60c8d8b69d29dad1e269886cf,70d3215ae1eadbd529e6d2c16e0467cbca46c963262fcf8a0e9ed66a963d1df4,30,45,PASS
397,"Custom Magnetic Gift Box with Insert Tray",BATCH-04,post_content,YES,f362dde8f9656349ffb58d9d219484afb31cddf477a2537d2be0f5ee519b147d,425e62bbea95bdd980b7ba90afe80f03c3b84b011091108466c189679ec7bed9,884,1049,PASS
397,"Custom Magnetic Gift Box with Insert Tray",BATCH-04,rank_math_title,YES,a6a0643a10519c95145a5bae90b7c6f95da4a0a52ab682def0b13bbdc1401a98,2de21dc5330109d291fc36bb83c0c9a589dd1c0e845dd52c4e561d8d00f46532,10,8,PASS
397,"Custom Magnetic Gift Box with Insert Tray",BATCH-04,rank_math_description,YES,eb24d6e6baee83105304f0f20b3e5e1a01cdce3978032b2ea59166d85b7b618a,dd8b46b3387dbe3df3e699d9572fb52f327903c51b17ad0452e5d70cc59095a0,22,20,PASS
397,"Custom Magnetic Gift Box with Insert Tray",BATCH-04,rank_math_focus_keyword,NO,bcc3011d184c70133f0f19efacf6b50041283ba68613d8dcf781f6f23ddc5a90,bcc3011d184c70133f0f19efacf6b50041283ba68613d8dcf781f6f23ddc5a90,5,5,PASS
401,"Custom Magnetic Closure Gift Box",BATCH-04,post_excerpt,YES,731630e24263d359a7fc6c9d06e69b588d8ef48835d7d95e2506b9e193b410ea,21eedd499ec1b6b2093243f90854501959181274a8ace1b8725dbde9e0157deb,27,43,PASS
401,"Custom Magnetic Closure Gift Box",BATCH-04,post_content,YES,71081c13e702b458738c6f7185e7b630bc030a6a29e1e0567e11beb7fbe3f04e,02790cafcd5ddaf47ed24416adba99ed18059cf7571e700d365c39a797a114ec,911,1011,PASS
401,"Custom Magnetic Closure Gift Box",BATCH-04,rank_math_title,YES,317b67ec190ea59181f93321a9109835813d158fc944239642347b4442b651e2,8a116311c4f3fe234a30d327be1956014cd114758df572b817263831312373b7,8,8,PASS
401,"Custom Magnetic Closure Gift Box",BATCH-04,rank_math_description,YES,685968366db06b1008b56ed1ef1448769bd18085c49b1d5d1e1688479d718f08,5028665e33dc3fc2766df03e9980bad14b0c4156a5a869f103e6febf6d84177b,23,21,PASS
401,"Custom Magnetic Closure Gift Box",BATCH-04,rank_math_focus_keyword,NO,a269f9c9bc30c147bdb72defc365f24f38d185faecc67b9c0442e0a679b854cc,a269f9c9bc30c147bdb72defc365f24f38d185faecc67b9c0442e0a679b854cc,4,4,PASS
405,"Custom Perfume Display Box with Sleeve",BATCH-09,post_excerpt,YES,984829a15cc8edcb7e0501ce7195d405c695d25ae673e8b2a9bed0180bfd2ad1,2d818b6dd619b778f918701e435f154df817a0d53936d2d229fab3533e099611,29,44,PASS
405,"Custom Perfume Display Box with Sleeve",BATCH-09,post_content,YES,1b8573980dda59544fb7880d2c8ab6b13604c4620eb7fe18de3222e5f103f316,230c99e682edaad8978fb4c3666a938edbf079a0bf159c6024b1344b2b1b7b41,870,997,PASS
405,"Custom Perfume Display Box with Sleeve",BATCH-09,rank_math_title,YES,9d8a60da8f28336dfec39bd97a9ff08b68e95972ba46788e48a80df1dc06304f,e0d410e008c4542d1dcb75f734213e24096ac2858751c93d5b92e4d694843603,7,9,PASS
405,"Custom Perfume Display Box with Sleeve",BATCH-09,rank_math_description,YES,6eba2104b6b0fa1ee77aa13b2e2f85f4087e77f7ebab92fa54bd4486cbd39022,3763d3fe85119e284fead96c30d660b4a60ecda3abd3c5ae445ed3df161b4ab9,20,19,PASS
405,"Custom Perfume Display Box with Sleeve",BATCH-09,rank_math_focus_keyword,NO,4562b6c4bbb8ae1833bd13a6a1f909dabbb8189ffe7aecd409a155678ce0d1f5,4562b6c4bbb8ae1833bd13a6a1f909dabbb8189ffe7aecd409a155678ce0d1f5,3,3,PASS
416,"Custom Pastry Gift Box with Insert",BATCH-10,post_excerpt,YES,83145adb99d0367d2c26868aa45d55bdca0e87a29349be55cf2c24da24f979d1,880cbf5ab9f5acf7092436af93eddd3af30adc03b436ec71f0d4e80cd8fafc08,29,44,PASS
416,"Custom Pastry Gift Box with Insert",BATCH-10,post_content,YES,336daab527c1fdb55d2fea98099f3edc4115586879284e1a51c08d7c5f2c20bd,2cf6bf7928b8373127b99b5c1c5ad3206fdcf04f85dbe579aced203a7e22f756,79,1022,PASS
416,"Custom Pastry Gift Box with Insert",BATCH-10,rank_math_title,YES,4c0a2defbf657dce32c15f8ff219db15c9ed607f471076dc22aaeb5b8dd865de,bdeeaa8aa7f17572eb63fa94679dc52baa87bc0d1b71c03f0f08ca39efe7ee69,9,9,PASS
416,"Custom Pastry Gift Box with Insert",BATCH-10,rank_math_description,YES,cf49efededa8a28744d0b99d2e82cdd7c02967c7a07b5d72e8e1f00362a3037e,5909419d06fdf03227abaffa971063c9053f448e2857de34b7be2f1270cd97db,24,21,PASS
416,"Custom Pastry Gift Box with Insert",BATCH-10,rank_math_focus_keyword,NO,6809964defd37a89aa0da6589dba58268433461597a4416b61f9479e69a45209,6809964defd37a89aa0da6589dba58268433461597a4416b61f9479e69a45209,5,5,PASS
422,"CUSTOM MAGNETIC GIFT BOX",BATCH-04,post_excerpt,YES,4eb597e17511a2d7314f2f5911353471ff4d181e2dc9bb305cbadd6b5b2e7876,db26f3ef8457e7759be41421187ef8e256f0f590648f6edfddf91bdd357b931c,56,40,PASS
422,"CUSTOM MAGNETIC GIFT BOX",BATCH-04,post_content,YES,7ff2cbc46d29153a9e53c2e327cad0afe25e7463c98b72e0d248f573ca5faf0b,3ceecc404546792befa262139de2a6cabd4abcfefb1190037c279f8255943492,1539,905,PASS
422,"CUSTOM MAGNETIC GIFT BOX",BATCH-04,rank_math_title,YES,6cd8ab26ab0cfb827e74719a41f2d6ee3e75dcbb9cadc70bb6fc89431bf262f7,6a97922b95aed6688222c53147055d131ef6d3c32bfcc85688b974bed1dc0177,8,8,PASS
422,"CUSTOM MAGNETIC GIFT BOX",BATCH-04,rank_math_description,YES,fc92952cf1520638a206d54381cba9f9ee3f330ee119bdc3aa9e10751a92d64c,a635370a09892d34043b4a6d9ef5451d602b9267cc4bf3edea7b59453d467397,23,22,PASS
422,"CUSTOM MAGNETIC GIFT BOX",BATCH-04,rank_math_focus_keyword,NO,4892f326d166be09c5a93183ac2d441e4db293dc9c64589f8b68259a61772991,4892f326d166be09c5a93183ac2d441e4db293dc9c64589f8b68259a61772991,3,3,PASS
426,"CUSTOM MEDICAL KIT PACKAGING BOX",BATCH-16,post_excerpt,YES,792c3c02c1b66e3fb5eb75f503852093951478081bff1df9feb25f51440225eb,b2eb00f07c02b35995133a4290f9eb3713bdb566f30fdb6f27e7745c4e53ce57,57,42,PASS
426,"CUSTOM MEDICAL KIT PACKAGING BOX",BATCH-16,post_content,YES,848a5a1bcb41e7b3e9adad566303bb1cc6840c00d0eb2a397ef6471649530db6,d4279ff1c07d12f58b69be7acb80466e71840c34bb4b29ad23dd1d974dd1fe1d,1538,1091,PASS
426,"CUSTOM MEDICAL KIT PACKAGING BOX",BATCH-16,rank_math_title,YES,0c9d559a8fdab504e6f726710da906a45ca0eaef1a02e22443a34ed3f4c0cd95,385e657f5c09cee3cbc747445fdacb75f5a1894436c60f8710e5bebb8f0c0c3c,9,8,PASS
426,"CUSTOM MEDICAL KIT PACKAGING BOX",BATCH-16,rank_math_description,YES,49216a9a2dacc120ed7ebba6a66d568b20e3307a0d6ca64af5720b0ef8541cfb,a91161f209edd3329da89153e62d9ff7c38f579bdec72f9a812da4272023f554,23,21,PASS
426,"CUSTOM MEDICAL KIT PACKAGING BOX",BATCH-16,rank_math_focus_keyword,NO,1afd59d3252dfd7488fa71821bbef738d56d0713956ab89e9ca31e6e2306210f,1afd59d3252dfd7488fa71821bbef738d56d0713956ab89e9ca31e6e2306210f,4,4,PASS
431,"Custom Watch Box with Drawer",BATCH-13,post_excerpt,YES,243e7275c52719c26d90dcc038c375c298c0c7feb6618f52cac47707093aa262,be731f3271bf98a803abb1727e90a70df8f82d6fe1fe98996fa40cd27f8cc2d1,30,43,PASS
431,"Custom Watch Box with Drawer",BATCH-13,post_content,YES,5f4645a83ff672d0c8d66b8e27c6d37993ccd43ca5ae9771d14ef9b18ee0a328,b96baadbd733b7ecea6bd2eca44f9b717e9f3ad424cbe0a949f87dc63c840b27,941,981,PASS
431,"Custom Watch Box with Drawer",BATCH-13,rank_math_title,YES,9000b8f3efef72e96ec59c09ccad3e91c0e302cf50fa86cf2079e2277356cbfb,e500787f3fa6f4ffdaec49acfcd8f5f3ac0658c9e3bd1b1fd6c0fe2094ef208f,7,9,PASS
431,"Custom Watch Box with Drawer",BATCH-13,rank_math_description,YES,ab6f4750530a2a53fe4efa57172915b4ce6dfeb52e0cef9c121d7b51fe00c53c,f807c15c12c354c373e6bb3d86b394521030959f984c3f32734865b92430ed62,21,20,PASS
431,"Custom Watch Box with Drawer",BATCH-13,rank_math_focus_keyword,YES,96d09b284575b5ba7ac37ccb56e8c142ab4555d8ed64525ac9e44d581f87b01f,6f90b5030ec7b24280fa6428473022530652934e956cb42adf36e15fed2e8382,9,4,PASS
603,"Custom Luxury Wine Bottle Gift Box with Logo",BATCH-12,post_excerpt,YES,30b138f4063486598904488913759d80e0428929218a20d00de804bd0f942a24,916c2ab1743c5519fa96c00e4316e5490dfe4b51bc3c19a22a205f108c8d7b8f,56,41,PASS
603,"Custom Luxury Wine Bottle Gift Box with Logo",BATCH-12,post_content,YES,8f5e0b6b71e4827f4286a12dd07db9da5a7a54417faf5e035ba256816f73dd6a,d86036a9251c7de3391150302faf148eae790d5131c285e05c7eea7ac2a7d42b,282,948,PASS
603,"Custom Luxury Wine Bottle Gift Box with Logo",BATCH-12,rank_math_title,YES,04092a7c9d226072ed6dc2e28a45da4994b94b43acbeb936efa0cb531c32e662,606a481c618d54cd7027a88300b48340e9e73922e5d3b4e67f63b9468d19c551,10,11,PASS
603,"Custom Luxury Wine Bottle Gift Box with Logo",BATCH-12,rank_math_description,YES,4f34ff41cb258908e31f2b195dca4e22b60680179be43b8bbaf045071aaddb7c,a0f7571248328015850a37a0f0c097e9d3ab6c61b778a1eb65c12dddd894a605,21,20,PASS
603,"Custom Luxury Wine Bottle Gift Box with Logo",BATCH-12,rank_math_focus_keyword,YES,6372e14bddb6c6993baac6a2fe549ca4585ea3d354f8baa75a55564d56498953,901b40870a4be2bed6ebea47c68a852a4b247fe4df2b6fe2920eb51097566423,5,5,PASS
725,"CUSTOM LUXURY GIFT BOX WITH PAPER BAG",BATCH-14,post_excerpt,YES,7cb256686c383a69b1c2298d048ec38b27908da95dbf30f0e5ee24dbb50b70ed,82c4f572070631a69cd133dcac5d3c9cbf7d59bd2d8308453eb04d02929a808f,65,51,PASS
725,"CUSTOM LUXURY GIFT BOX WITH PAPER BAG",BATCH-14,post_content,YES,deceee8d8d1420a6c66bed143bb744ccc6ba4f6b3ca98dad5a302cb3e0e67438,901f8a0d3bdf6f057f199edf10902c922ce9c64a514fd4df166f3a0258f4f2ed,1561,1051,PASS
725,"CUSTOM LUXURY GIFT BOX WITH PAPER BAG",BATCH-14,rank_math_title,YES,65c04f636882f9346e8c727fa06503da3d4276f90e041bc0a6c45ec0627ff7da,9ed45e0b9231313d21c1e64e618c4d782b338e3b3aea7a6a1d1c4360d12771d5,11,10,PASS
725,"CUSTOM LUXURY GIFT BOX WITH PAPER BAG",BATCH-14,rank_math_description,YES,8853b2227b7418924e002743157e5f106f63d9c15781e5aaeb868ed16d0027a0,403709d77a87e99843dbbc55a877d79e644da7b22b25100d4b1175939b696ed7,27,24,PASS
725,"CUSTOM LUXURY GIFT BOX WITH PAPER BAG",BATCH-14,rank_math_focus_keyword,NO,227c9974ce9bf2bd4d8824268b7e8dd5962d181143147f41fced91f3aec5d223,227c9974ce9bf2bd4d8824268b7e8dd5962d181143147f41fced91f3aec5d223,6,6,PASS
738,"CUSTOM MUG PACKAGING BOX WITH WINDOW",BATCH-10,post_excerpt,YES,7afe782994d8b77821006f8583e43097bd7db5c3bde333bc4d4e94262c821e97,eb34c5d112277f20b2058832f40b2cf1e1e2e82b20a8934658400ff1a5eca9b9,60,43,PASS
738,"CUSTOM MUG PACKAGING BOX WITH WINDOW",BATCH-10,post_content,YES,510059039e0100fd89ad0dc303e495b0224ef255ebb0815eb7f69bfee927b4dc,b0e0b9a658f7cc3c3d267851947fcb241d6235199947300c6bc94df4fd1ac15a,1553,1031,PASS
738,"CUSTOM MUG PACKAGING BOX WITH WINDOW",BATCH-10,rank_math_title,YES,e3b57846ae32c2dd2489ff08617043de90921e186edceb35196c1b4987c3ccc2,eb879ba304290fb752f9bfe649f7f78c8cef73ae6b642883d62cb2b3b7c8ae6d,10,9,PASS
738,"CUSTOM MUG PACKAGING BOX WITH WINDOW",BATCH-10,rank_math_description,YES,f7d2fc2c4855ccb0e0b7b3c093f07e48b4108dbc83329fb78d2ccf3d2dff418e,74517fe55d5a7733136d26f1ae030245a0b0e3f364ac5f13b7bbe216f7478618,23,22,PASS
738,"CUSTOM MUG PACKAGING BOX WITH WINDOW",BATCH-10,rank_math_focus_keyword,NO,89e54e2ce9cc99941d8d674836404b860f8b203561bd115f239bc62726b41a68,89e54e2ce9cc99941d8d674836404b860f8b203561bd115f239bc62726b41a68,5,5,PASS
739,"CUSTOM PAPER TUBE FOOD PACKAGING BOX",BATCH-06,post_excerpt,YES,2a5e425b14162503e6464490bb9cf739719faaa8c234a38557cd48454fdd7b26,7d179822ebcf5a2834f05be7b67484d82298fbfc99ac5108a5cbce9c1b4d41df,56,44,PASS
739,"CUSTOM PAPER TUBE FOOD PACKAGING BOX",BATCH-06,post_content,YES,df90dfb4d943b5aa7429360f2e0dac1a7ac804fdda095f19c350d8ca5b5c20be,e5f8b5689dc2c557138dcdc2b812a16339ea144cf2621f31ab4e0b81b0be6c07,1560,966,PASS
739,"CUSTOM PAPER TUBE FOOD PACKAGING BOX",BATCH-06,rank_math_title,YES,a4c5e15ebdaed1d02cf6f4d57fac70780ed02f97a3c43e4e144bd389f2e4f225,fef3883791b444663b64e986d45be6bf49672ad434bc60eaaeec282ad529709f,10,9,PASS
739,"CUSTOM PAPER TUBE FOOD PACKAGING BOX",BATCH-06,rank_math_description,YES,6f70ab292deb5eed6aa2e6d558ac799c00627333b55834ab170e54c7b678532d,771e5d7b3e9bdafe22d8dbbc0865eb427fea30335b6e326d973c6985c123de24,25,23,PASS
739,"CUSTOM PAPER TUBE FOOD PACKAGING BOX",BATCH-06,rank_math_focus_keyword,NO,3516490c74e18281c0f5133e46ba7c633f0f8c65df553c7968627bf49b0d1569,3516490c74e18281c0f5133e46ba7c633f0f8c65df553c7968627bf49b0d1569,5,5,PASS
744,"CUSTOM PHONE PACKAGING BOX",BATCH-16,post_excerpt,YES,d7865c1cace9c4d849e19150af2b65e6ea0f1f9e82eca1e94bed0ae58a9b3df9,d8550365002dc14d826afaa0c1f470e1f32017be8dbfecb771d4b13b52baac3b,54,45,PASS
744,"CUSTOM PHONE PACKAGING BOX",BATCH-16,post_content,YES,722e2b958b7fefc3cc2e59c2b549caf3a7bffdc05cd008e65f79adb57b87c540,dc7f0f6dba46e56ebd1995ff393ef84b6ee583916e96ba97132a3a0cf2706b37,1542,1033,PASS
744,"CUSTOM PHONE PACKAGING BOX",BATCH-16,rank_math_title,YES,8e75de4fca68575b72d2d02c8ccc94a7f9cb0929eeeb25a04e1fbe64178d58d0,efcb26104e7ed68f22d20196704406aae97c9d6d7e1876b7cdd39e0d8374503d,8,8,PASS
744,"CUSTOM PHONE PACKAGING BOX",BATCH-16,rank_math_description,YES,e714e153feaf43e648e6c9d3c82a3632fbd020307f08c032a023c5b7d3dee7dc,ddff0cd4537edae8c5effc14d1ae275d8752795b13ee615c9e46df2f8711290e,22,21,PASS
744,"CUSTOM PHONE PACKAGING BOX",BATCH-16,rank_math_focus_keyword,NO,8ea2fa3a2a5a9148b3ebf4f18081635ad88c3480ce36e53773fe98d6b5815da0,8ea2fa3a2a5a9148b3ebf4f18081635ad88c3480ce36e53773fe98d6b5815da0,3,3,PASS
752,"CUSTOM PILL PACKAGING BOX",BATCH-16,post_excerpt,YES,a2545606704b53c6bff3c0fe24dc7da76781232216286ddc509928e5963f7fe3,a412d420f7f14135799116208de7f6d747f1ac3f4ec858b0f44481eb9d4d62c1,60,43,PASS
752,"CUSTOM PILL PACKAGING BOX",BATCH-16,post_content,YES,d433b0ebcd0b6e7ae239a3f1f821afceb1c52fa1576819dcd3e036f980ae8b1c,1eede7b778d72baa16a378377671e306f33183f600d2339bc14fab9b9907d397,1546,914,PASS
752,"CUSTOM PILL PACKAGING BOX",BATCH-16,rank_math_title,YES,77bf0a5e925c8ab2fb4063c33983aacce96d2aebc7d1805585efe265f64e5ed4,c9f6e9a02d5086f52a9b42d211dc6ef8f70084e6506ca415a01a843bc12f8965,8,7,PASS
752,"CUSTOM PILL PACKAGING BOX",BATCH-16,rank_math_description,YES,ee6c5f259f532ef6d6c6cc8a5af125297893005e41fa24d7996496ca699c64ec,5876a3d48ae1c4fbf39de008e6c7166728098d93493dbb4052c619ce935b3da7,22,21,PASS
752,"CUSTOM PILL PACKAGING BOX",BATCH-16,rank_math_focus_keyword,NO,30b7a953b1ba8e43e210c7ec75d6380e8b775fd8e36ed05da121ff8f2504d088,30b7a953b1ba8e43e210c7ec75d6380e8b775fd8e36ed05da121ff8f2504d088,3,3,PASS
757,"CUSTOM PRINTED CORRUGATED PET FOOD BOX",BATCH-01,post_excerpt,YES,b5b6b1232c05faceefd5176ffd6750dd30cc2f054f9e82284c834a7a5784ac27,bd55aba58238cca6092082552f0d1f62d49f0f267496699e770a0b6fecf0ad2f,57,50,PASS
757,"CUSTOM PRINTED CORRUGATED PET FOOD BOX",BATCH-01,post_content,YES,1733dbf0d74faaca6ff91fb0ed8f5258df93da45170878d5f5f7e5b2888bdc99,be0e025de76febdd0937615bb79da14d9efa64f0a7dd733da0b544b580856459,1546,1069,PASS
757,"CUSTOM PRINTED CORRUGATED PET FOOD BOX",BATCH-01,rank_math_title,YES,80f651e0b54334e24aa4074e8d8dbaa2efb16131265ced180c8ee6392bba4736,44ac7555a9ee70fe161c3606c005b057d7856899e64d1f88d8a851b22ac086ec,10,10,PASS
757,"CUSTOM PRINTED CORRUGATED PET FOOD BOX",BATCH-01,rank_math_description,YES,7c9567750f57285179724baa9c84bffb90c208203b81f9116ba6e5467824ca02,7307d13b5981e0e0ce2ed85d3dc0fbad413c1af858f2fb7ff4c2f5543323762d,24,23,PASS
757,"CUSTOM PRINTED CORRUGATED PET FOOD BOX",BATCH-01,rank_math_focus_keyword,NO,7ba648574b2965d73c7db600b231bd78cc5d6f0ea4b931b89cdbc598c0062f97,7ba648574b2965d73c7db600b231bd78cc5d6f0ea4b931b89cdbc598c0062f97,5,5,PASS
762,"CUSTOM RIGID GIFT BOX",BATCH-04,post_excerpt,YES,80f1d7c856d965b756205f29901ff10a8fcb5e828e24069c34a356f82f7cf6b8,0b88a5628381a7a89ee8af0854ebe07bfd308ca7f1d40ea01d8b7ad25ce7a832,60,48,PASS
762,"CUSTOM RIGID GIFT BOX",BATCH-04,post_content,YES,35f252ada28b3f6681e314d82e180f4bf76724a03e5fe9f00e390868a523caef,9d04978a16dfd0a40d36ee61ae464c3ccb0698d19567773cf30c30b451e646b4,1575,961,PASS
762,"CUSTOM RIGID GIFT BOX",BATCH-04,rank_math_title,YES,7f3cdf3fc78e035f0b0f170a1feb1ef2bfe40e471e84a470a8106050f06acc01,ded75853cc8ae9f0fa081db12113c1aebff610943ac7f89984b16eac870b5b07,8,8,PASS
762,"CUSTOM RIGID GIFT BOX",BATCH-04,rank_math_description,YES,9d756ea2006cbe4db8738470b3e2e50f6e91c9deaa3b979b8c37e5400d678c8a,95733d2bd42517e2d43971b4fe335feec6de32a6f335576cc5489ec784ea77bb,22,22,PASS
762,"CUSTOM RIGID GIFT BOX",BATCH-04,rank_math_focus_keyword,NO,a20cedb878198bbcd36d91b365d9b84194a081fb96e0f3dd70c7158fbe55833b,a20cedb878198bbcd36d91b365d9b84194a081fb96e0f3dd70c7158fbe55833b,3,3,PASS
767,"CUSTOM SINGLE WINE BOTTLE GIFT BOX",BATCH-12,post_excerpt,YES,a82b02ae66923ad2d0821dd214bc71ff04e9cd2d8fc52dea3be297499457a83f,3d06feb800d14bd580446afa3b90846c6db99e4cac598762edf75e7be0b45d1d,55,45,PASS
767,"CUSTOM SINGLE WINE BOTTLE GIFT BOX",BATCH-12,post_content,YES,9ed079b3cc8f6270f554f907242c9e1e3f104625e1776575d195f950ddd8d862,d905692905eebbea76731d7939cfbbeed8f773755ce81dae853bf10658735776,1564,1109,PASS
767,"CUSTOM SINGLE WINE BOTTLE GIFT BOX",BATCH-12,rank_math_title,YES,f74192a1f78c9e7b1009018f61932093ef893410352adf179de62e58c1632902,66dadcb415e4021968a0d763d19e064e2c6747ca5cb50cff0d84ad8c167ae892,10,9,PASS
767,"CUSTOM SINGLE WINE BOTTLE GIFT BOX",BATCH-12,rank_math_description,YES,6d2e865223c0b7c08bbdd0f948471a75b6b64fa9422baa732dadf2cec2eb81d8,c19f3986146c6245d3c68c2f8ebd04c62ca9fa311cf3261998070536b3dead83,23,24,PASS
767,"CUSTOM SINGLE WINE BOTTLE GIFT BOX",BATCH-12,rank_math_focus_keyword,NO,0754b03a785568a8fab2cf1b0043dc65de3da87b7bafa27db97f8d464f87dfbc,0754b03a785568a8fab2cf1b0043dc65de3da87b7bafa27db97f8d464f87dfbc,5,5,PASS
769,"CUSTOM AMPOULE PACKAGING BOX",BATCH-03,post_excerpt,YES,ca4fec2b6606e13cf588d932b880c7c9d9f4ff8827f52bc2b13f845d70b5869f,8d0461abf72d600f5eced40da7ba3faa65896d931cbe14ef9fe7c9ea3b2b91e3,105,51,PASS
769,"CUSTOM AMPOULE PACKAGING BOX",BATCH-03,post_content,YES,a53a065c427f5742b962a2720a3f9189285c246052289970127a28ed3f9616f0,98a5a71020c252226ce69becf8e4041291c9c08c22b0adef97595b66cb2d6057,1546,1029,PASS
769,"CUSTOM AMPOULE PACKAGING BOX",BATCH-03,rank_math_title,YES,f91d676f4f04f631d7929f46064435e7bdf3cb0b0b800ced40c0dc0ce441d5d2,eb37a8a1d10e4c97c4e7f20b472358d691bbcc334776df1b74249f294ddaf2ff,8,8,PASS
769,"CUSTOM AMPOULE PACKAGING BOX",BATCH-03,rank_math_description,YES,26215fdb87e61dcac315530571b5370485aab7a3c4597ef1b2186cf4dfbbd04c,7c317f361591b2e3845e5ff1fed8d37e83df16ff964d5562722ed51af1fc7bc3,22,22,PASS
769,"CUSTOM AMPOULE PACKAGING BOX",BATCH-03,rank_math_focus_keyword,NO,d3f4b8b98da9f32a2c3e7f772db0327dc40377c326d927c018d9beba3bd0045e,d3f4b8b98da9f32a2c3e7f772db0327dc40377c326d927c018d9beba3bd0045e,3,3,PASS
770,"CUSTOM CHARGING CABLE PACKAGING BOX",BATCH-16,post_excerpt,YES,c9076f2509efd20b55221bb3d45e0af3a98d79badc25b91d29a3a2a3cee8dcba,88161d3e0a984fbd557217a767860c2e64ef84bddee261c62f61199df440c0b6,95,42,PASS
770,"CUSTOM CHARGING CABLE PACKAGING BOX",BATCH-16,post_content,YES,7eb09f3117ea4f50f81c8c0e96561d3a6b99d89e779b4a0cf3b9bd719f8c2ac6,022bdc340faad466694b99b1e0398b5a2c6cb02b71c26e2553b7c525cdc7f577,1943,1120,PASS
770,"CUSTOM CHARGING CABLE PACKAGING BOX",BATCH-16,rank_math_title,YES,5844b83f70cbb56023664d3203a18ba3fcec1703b7096b66f93260a369b52193,3497c2afeba7b3d62d0100acf46f4bc162f12785d75805e4e89ee4786d1cc6f1,9,8,PASS
770,"CUSTOM CHARGING CABLE PACKAGING BOX",BATCH-16,rank_math_description,YES,72073fd6cb239f9ca75400f8d435c1bfb57d164b5658033aad7a80583a595e6b,7ec994f2d9196f31544edd112793f28418b3e598a762b47b6d30edbc9f994c23,22,22,PASS
770,"CUSTOM CHARGING CABLE PACKAGING BOX",BATCH-16,rank_math_focus_keyword,NO,bfcf9a6456c5cb77349de668ba140bcda0fae5eefaefa4f052bc03140d44c57b,bfcf9a6456c5cb77349de668ba140bcda0fae5eefaefa4f052bc03140d44c57b,4,4,PASS
771,"CUSTOM COLORED PENCIL PACKAGING BOX",BATCH-05,post_excerpt,YES,bc40ab9a9e3eaf3ca1e3c98b9b1fec8b59b40da298df3e25fa643a364a3da7fa,1ca757a46342b7bf0cff258eb08fbd3dcc60536c6638a50d47b3f23919f5d141,90,40,PASS
771,"CUSTOM COLORED PENCIL PACKAGING BOX",BATCH-05,post_content,YES,92abcafca351423f4bc534c3ef64e34999d1c3b76e3cb3a65a317a2ee06e8d8f,e0ac6364d504824d2df1d2d939206812a517e8146c96a2ef665abda1f61cda6e,1935,1059,PASS
771,"CUSTOM COLORED PENCIL PACKAGING BOX",BATCH-05,rank_math_title,YES,776ee0289b10112d4ab428fc371fb8e502c5dab1423981ca01de42dae786f30e,e290835d5058feedf282882e1622bfb192a0718e46f57f7ccb13cf15b9bcbb2b,9,8,PASS
771,"CUSTOM COLORED PENCIL PACKAGING BOX",BATCH-05,rank_math_description,YES,db09e3e31f97ce1d1775aa7d6b1942aa110dda9be24c81514ff400e5f9ba85df,4011b49f2289ba499f69d0d19ed9197970692801364c81482559c619a18873de,22,21,PASS
771,"CUSTOM COLORED PENCIL PACKAGING BOX",BATCH-05,rank_math_focus_keyword,NO,5588e6234ed9a1ad1ffed91df4cccbea291fe4baee475c57c8d4bf9188d3eabc,5588e6234ed9a1ad1ffed91df4cccbea291fe4baee475c57c8d4bf9188d3eabc,4,4,PASS
773,"CUSTOM COSMETIC PACKAGING BOX",BATCH-02,post_excerpt,YES,910cb8d0c6512cadb6f8f1b6b78553f18858dd55557770ed484c07e357a45634,594564baf15e3dcbc43373c1f995b219430dd6e7558f05297976157b9b4fc0d9,96,42,PASS
773,"CUSTOM COSMETIC PACKAGING BOX",BATCH-02,post_content,YES,70116fb9f4ccafe4615e0e3a8cc31fec18d8f87cca41d86d5ce4f8e55ddfb3e0,0da95770d033519fe4a12fc98d374322e14dcb3b9b1c6f767420e77b2460c4bc,1838,926,PASS
773,"CUSTOM COSMETIC PACKAGING BOX",BATCH-02,rank_math_title,YES,0942ea8d1afc99365dc459aabb20b1b98f469ede7854f9d9905a966b312e43e2,dc503d139e06dc365478c1cb4ba9bcabc1205642ef668fd8519770d7b9122766,8,8,PASS
773,"CUSTOM COSMETIC PACKAGING BOX",BATCH-02,rank_math_description,YES,034197d4efe6301d86faec91086f315780c39a7eb51b590ff083c01623dd821a,50801ae88140ca55db26b74f2088e10214562f40c2dcc0811986bf5112a6dc35,21,23,PASS
773,"CUSTOM COSMETIC PACKAGING BOX",BATCH-02,rank_math_focus_keyword,NO,265699d1ae4099093328664dccf1a8e68dfe578a66c8379e644ba11bd9d4ed4f,265699d1ae4099093328664dccf1a8e68dfe578a66c8379e644ba11bd9d4ed4f,3,3,PASS
774,"CUSTOM COSMETIC PAPER BAG",BATCH-08,post_excerpt,YES,1b371444ed586e39b37fe05ec9976334ddae03190225bff620526cf05fa81327,468ef2a123ff19c16abb8681f24f1cf994fea80849751a67cb113ffaea32dc19,86,43,PASS
774,"CUSTOM COSMETIC PAPER BAG",BATCH-08,post_content,YES,5cff16a88e133d9850921f4a0fef3b0bfc7c30f2038f002bdf02a2132e598971,2bf7ef8d3d13f3c1703e0b58da3a2c7c0ea245b8b5d2167b89b82b2afab39a08,1760,840,PASS
774,"CUSTOM COSMETIC PAPER BAG",BATCH-08,rank_math_title,YES,76affa7eae8cd479150511eb54228a4a030c0a214df181e0506eb5edcd9a35eb,55565644dc39283d35978f34d13294dd158a2b099d54d1e95b96c2a1189fff23,8,8,PASS
774,"CUSTOM COSMETIC PAPER BAG",BATCH-08,rank_math_description,YES,fee8b839579a7d3935f56e4ecaf4ae17026fb0ca70222ff1c28aead19d6ebdf0,34b6b9f62a1ac16f25f5be92990e58ca7ecd629d485b38c44c38588d60b41636,23,22,PASS
774,"CUSTOM COSMETIC PAPER BAG",BATCH-08,rank_math_focus_keyword,NO,dd89a586c88548ed6ab88b933e84f665fa0ec0d5157590682024b3834679201b,dd89a586c88548ed6ab88b933e84f665fa0ec0d5157590682024b3834679201b,3,3,PASS
775,"CUSTOM CRAYON PACKAGING BOX",BATCH-05,post_excerpt,YES,d5cf341aebd001e803486a7ac7b1e1489028f5d2ede984b6273815fcfd3175a7,1a7421a18f64cf83f7b0757d02c3073b8ca0c96828fe6d18015ef00392535743,89,42,PASS
775,"CUSTOM CRAYON PACKAGING BOX",BATCH-05,post_content,YES,aa0609dc8f5796b1c0d97018a40f30d62bd967038f522d91929308dab4a40652,bd9e51a52fbb5ab822520e568362ef017693e069787afff16b0fbb1ff1d0b16c,1732,1007,PASS
775,"CUSTOM CRAYON PACKAGING BOX",BATCH-05,rank_math_title,YES,136b53ca6449e3e8c6d150cff76549b7a8f9d52709f9321ab07349efc0e9bf70,55c6d6d9d0060ffc9f1cefcc0056f7b27db6b5f5125e2a0e7df99423efc8d3b9,8,8,PASS
775,"CUSTOM CRAYON PACKAGING BOX",BATCH-05,rank_math_description,YES,3c68d232b9235244041d210f2b79a4181ffee37f8beea6c7a14c5c294a713794,904c9e4c37e144df90096117e4cdc203834929375f301b0626b0649e0e3e78b8,22,22,PASS
775,"CUSTOM CRAYON PACKAGING BOX",BATCH-05,rank_math_focus_keyword,NO,a6017a64a15e8d90726ebfae87ec571b58c6293304aaa590d4be3d94b8d9f936,a6017a64a15e8d90726ebfae87ec571b58c6293304aaa590d4be3d94b8d9f936,3,3,PASS
776,"CUSTOM DINNERWARE PACKAGING BOX",BATCH-17,post_excerpt,YES,e752f96592d817181f7af7e779bf12c01e1665c877a1695ff1d485327d389e90,098d272079c219aa493c1dac39b8b5ab2432aa574b46e12d7b4ee59a22b81bd9,86,48,PASS
776,"CUSTOM DINNERWARE PACKAGING BOX",BATCH-17,post_content,YES,620b55902868f76f57bc9386fc185c2209acec7be22b159ee88218528bf08f2f,86d5dbd6ce52d1a07865825f9186e7b8396b24ccfd08980ca3ba5ab3b3820932,1678,1039,PASS
776,"CUSTOM DINNERWARE PACKAGING BOX",BATCH-17,rank_math_title,YES,4bc86be43b75b66c46e303a66d0ea31a3668cb9b0d8184c4ef5c695c78f307bb,2c44594918ed6c8b11dd5db91992ea509b762c903f2229c40886fef5b0f1a53c,8,7,PASS
776,"CUSTOM DINNERWARE PACKAGING BOX",BATCH-17,rank_math_description,YES,f4e00d49ceeb76c64044a4da1a81f994db190bc1ca378a1719b88be99481970f,6c13e38191fb1b6120c2329879b5b48bd8977b099cd48dbd690a6885635be398,19,24,PASS
776,"CUSTOM DINNERWARE PACKAGING BOX",BATCH-17,rank_math_focus_keyword,NO,ca884f00bb2067603c5adb8c032b2395cdc39db31b04d5cb1197a55c7248bd01,ca884f00bb2067603c5adb8c032b2395cdc39db31b04d5cb1197a55c7248bd01,3,3,PASS
777,"CUSTOM PHONE CASE PACKAGING BOX",BATCH-16,post_excerpt,YES,2eed9f949d61892fa760c815af6fcc3ea2de59abb4d471ad6bdd17b13f20d06f,21ec6d007a4d00ce5a8ee5caff97dfeff73343c06d7d0c46465ae2de4242b07a,83,49,PASS
777,"CUSTOM PHONE CASE PACKAGING BOX",BATCH-16,post_content,YES,fd4223a7e68902115ef55083d999212693877af4e5a8ecab7496a046a825dde6,ae062c305037af1cea59287da4125aa781aa4dca8b081e43cbc2d76cef4ba561,1678,928,PASS
777,"CUSTOM PHONE CASE PACKAGING BOX",BATCH-16,rank_math_title,YES,2c40d792708fdabb0ec9c44e33ed86b0a223e02a670c94164f0dbdf6e43e185f,33cdab41c3ac02adde65a4a731162639822fe103216d9547607c68042e782f98,9,8,PASS
777,"CUSTOM PHONE CASE PACKAGING BOX",BATCH-16,rank_math_description,YES,dac7682c6595c3a236179d178c59f1d5d7e2ecd9e9414c37c06e80851c623004,d9299bc231528167f3325de8e6aa6cf7c06991e2f8b34883e9f4008620cc058f,23,21,PASS
777,"CUSTOM PHONE CASE PACKAGING BOX",BATCH-16,rank_math_focus_keyword,NO,0d8026bb026572f40726f164feddd986a9d62dcfae3b5cd2673318e764126d7e,0d8026bb026572f40726f164feddd986a9d62dcfae3b5cd2673318e764126d7e,4,4,PASS
778,"CUSTOM SUPPLEMENT DRAWER PACKAGING BOX",BATCH-16,post_excerpt,YES,dfd803c681b4ef17704ddec8a4adb7341fa390e2543f4053722c98b75eb68b82,0ad1e2c4cedf70a1a814fa00ba90a6d7618ae4a5b5c37ea54fc46926435039b2,87,49,PASS
778,"CUSTOM SUPPLEMENT DRAWER PACKAGING BOX",BATCH-16,post_content,YES,849d0c4e82b320110f00958f743728415ad87c4683ff8573e5f21d39c03164c3,5de3fcc7a732dee4329ccbb9339faabd28435fa656158d0a4a6234422c85ec01,1642,907,PASS
778,"CUSTOM SUPPLEMENT DRAWER PACKAGING BOX",BATCH-16,rank_math_title,YES,8498f25e074e7fafa6f0f73b588aabd2b4246cb20d990ab88e4cb59a939d5244,f47a236a763b8c63f45caa350808a9ef20b6d67e41349d9ccec144d5d35f5b46,9,8,PASS
778,"CUSTOM SUPPLEMENT DRAWER PACKAGING BOX",BATCH-16,rank_math_description,YES,5e10aac2e6a8126e2c18f29015e6602c387bb15139818e20b9a1502bab904809,fdaad1cd6566025d7a758401961333d4ed9647247c15e8da3c3a465b5a89d50c,21,20,PASS
778,"CUSTOM SUPPLEMENT DRAWER PACKAGING BOX",BATCH-16,rank_math_focus_keyword,NO,3a2c723d80f982426adef6036c6082a7fb476ca14a0e2d4b1a49892bbf6f2668,3a2c723d80f982426adef6036c6082a7fb476ca14a0e2d4b1a49892bbf6f2668,4,4,PASS
779,"CUSTOM DOUBLE WINE BOTTLE GIFT BOX",BATCH-12,post_excerpt,YES,6829d3524846aaddc3c26284678a2f275f361bd56a9c258d53381006b18101ee,78cc49fa3d74e334b78404fda90a3c94817c55d4f789bebcc13d5064162985be,94,41,PASS
779,"CUSTOM DOUBLE WINE BOTTLE GIFT BOX",BATCH-12,post_content,YES,83bd8bc49ced9763083cd8d93b8111068587622f3eae97dbfa4a500232795251,4175d73356d63c731d7e69c59c92cbff4dd02ce07e6d46eb7a977ddf06a73206,1615,1102,PASS
779,"CUSTOM DOUBLE WINE BOTTLE GIFT BOX",BATCH-12,rank_math_title,YES,076b0bbe485f6a03890ff72e7a3bde21e3f730075ad456575f18a40412386333,20a23e78f840b2d73c7071dcfea9815ee4bc6487c0ff1f6a16d784af8f881d81,10,9,PASS
779,"CUSTOM DOUBLE WINE BOTTLE GIFT BOX",BATCH-12,rank_math_description,YES,00c8856944cb51cd50925fb91d894ccf5b5db1a5538d9e67648d100379aeac89,66245e6ae1e53f73cf56f85d5eca646c2f4d92af1b41ef5c19a6b50f8d1faa3d,20,24,PASS
779,"CUSTOM DOUBLE WINE BOTTLE GIFT BOX",BATCH-12,rank_math_focus_keyword,NO,c3086e4271d8aecc4af8b49fd3548d90f5f667e6b20a496aa5bac2e8a9251244,c3086e4271d8aecc4af8b49fd3548d90f5f667e6b20a496aa5bac2e8a9251244,5,5,PASS
780,"CUSTOM DRAWER GIFT BOX",BATCH-08,post_excerpt,YES,34c0fca8e6c6255e8598ecb2dc85bd84cb107455aa7be09819479dc2eb2f2f35,fc0558874ab41636e23833d46bdf72669bee488fd8899d3eed7769e5c0d4aa71,97,52,PASS
780,"CUSTOM DRAWER GIFT BOX",BATCH-08,post_content,YES,de6d414b3078cc4b30c12c3fa153d761ce77e83f267ea52e67dd9b3345ae0b65,4d666c17a7eb02332d0bf9ffa9232ef9bf86cf2cdc2a974310a9691301e3117a,1562,1067,PASS
780,"CUSTOM DRAWER GIFT BOX",BATCH-08,rank_math_title,YES,a06422c98b7b03481e7238d2f9a99251163d611d7efa8ecd3ae7458861192a34,3b223f99f5873e6c3f6d390742f2baa4172b1bc036dd73ef3427e58db10edb1e,8,8,PASS
780,"CUSTOM DRAWER GIFT BOX",BATCH-08,rank_math_description,YES,5217a0feaf87f18f5ac1c3c2822ef5b7c52fb991a2985a6f9f13729c7b86c51d,54c5e42db2ae2e55b9dcabc46cf4e74b4dc5640eb4523bdd4454cb50b3f8b33c,20,21,PASS
780,"CUSTOM DRAWER GIFT BOX",BATCH-08,rank_math_focus_keyword,NO,a2c162123add37c0175dbcb2a8b5bf198c3c6f8706352a445b2fe1a2ab6f4b84,a2c162123add37c0175dbcb2a8b5bf198c3c6f8706352a445b2fe1a2ab6f4b84,3,3,PASS
781,"CUSTOM FOUNTAIN PEN GIFT BOX",BATCH-05,post_excerpt,YES,62ceb9e82572ae1ea25597fd3fac7d5bdc05e8d2c822b15e8147d8e8dd9472ab,29e6cca7fbe041cd4a947d276238e0bc64f8dcc2055e72eaa441970752bbc75f,98,52,PASS
781,"CUSTOM FOUNTAIN PEN GIFT BOX",BATCH-05,post_content,YES,f691f179e51bd4e3e62d3c5135e3d9021f02276711d5781e9c07eb9748b532f4,cadfcbe919714006eb80ae6b2eedb7a1d82db110ed1df88966d973a2e0697663,1564,1040,PASS
781,"CUSTOM FOUNTAIN PEN GIFT BOX",BATCH-05,rank_math_title,YES,5f78fd40d17261f38795d75afaf92d0333614e9db0bc702a81cccba559ef40ac,d8eddeabc7c8f81e37b68bedea529c10212b787c70a0b3aa62b52da53504c48d,9,8,PASS
781,"CUSTOM FOUNTAIN PEN GIFT BOX",BATCH-05,rank_math_description,YES,ad6aecf075abae849e00e2baccb91c5ab67d77a01c3d20f97a9af60a89b41129,a3be13f356f9e5ef3fe97ac7df6bbefb6dd2dac800dcb7a60a1d9a060904c323,19,21,PASS
781,"CUSTOM FOUNTAIN PEN GIFT BOX",BATCH-05,rank_math_focus_keyword,NO,6cda30924b162cd2da8fdeec0bc82a76ce54c9ee216b1b4b586166ff78da06d3,6cda30924b162cd2da8fdeec0bc82a76ce54c9ee216b1b4b586166ff78da06d3,4,4,PASS
782,"CUSTOM KNIFE SET PACKAGING BOX",BATCH-17,post_excerpt,YES,0e3ad8a1eb2ac727a1741c83e7f617c455a5b36c9456911384af9bd612f5cefd,8108c80a6e8319335ee5c5719883b6d3ba8bd63c8c08325e9db57a62a2596433,92,43,PASS
782,"CUSTOM KNIFE SET PACKAGING BOX",BATCH-17,post_content,YES,5bd5baa89ca294a563fa326361553f410600c70a36b6c5d2215ef8f6ca8364ea,1a9eb19c93197b11231edd1faa72e0f692c4854543583906a501aee0af1196bb,1556,1022,PASS
782,"CUSTOM KNIFE SET PACKAGING BOX",BATCH-17,rank_math_title,YES,b5e79e6884cf8d95796fd4485486b35739c20f09f391729312b790418f4339c3,b79e58c99eded76346692ce166d27a329e80e16ed145bfb5e5447e2df973e55f,9,8,PASS
782,"CUSTOM KNIFE SET PACKAGING BOX",BATCH-17,rank_math_description,YES,5d10f190697c3eae60a73e5e10533e297918fa00961672ab689c926371e3a0c2,f5ec1c6f31f92dacf4dedec7870dcc706105d125ccc55f47c2ca97f68250f05a,20,23,PASS
782,"CUSTOM KNIFE SET PACKAGING BOX",BATCH-17,rank_math_focus_keyword,NO,ffebf33e491e2b001a63187a2c2b866663a61bb6563034a29d53ea7167b3252c,ffebf33e491e2b001a63187a2c2b866663a61bb6563034a29d53ea7167b3252c,4,4,PASS
783,"CUSTOM KRAFT PAPER BAG FOR SUPPLEMENT PACKAGING",BATCH-14,post_excerpt,YES,f1fe2776a890e44661778d6fe7689b8730ebc09124391cbf542bd615f27aec5f,bd8500fff0701c907b3f19f78fa99dffdde81cd381888039fa5016d2918b6d61,88,51,PASS
783,"CUSTOM KRAFT PAPER BAG FOR SUPPLEMENT PACKAGING",BATCH-14,post_content,YES,b3b583dea30980ec12c75e95a71a2107c73c1364efafa53008d6264fc5974bf8,fd04eec141d007ec99c50bd456d4cd07aa3a64fafdb568c068f92b3906b340ff,1546,954,PASS
783,"CUSTOM KRAFT PAPER BAG FOR SUPPLEMENT PACKAGING",BATCH-14,rank_math_title,YES,75431431a7264f56573f249edc262e45eea022b9efed7d6714e470eb1922c0ff,7b3c6d3b72b6152f74106ee3905406a9a70077ee6aa8f81463bfb829af8c1769,11,8,PASS
783,"CUSTOM KRAFT PAPER BAG FOR SUPPLEMENT PACKAGING",BATCH-14,rank_math_description,YES,2ae7a9e4c8582c23c4bde7dbfb6d6f637b32c232f28d121a448e7882be8033ff,1c47a0150852540fb59d7c14cbda3fab3bba41e089b22be9d7e1d4c522d0225b,19,20,PASS
783,"CUSTOM KRAFT PAPER BAG FOR SUPPLEMENT PACKAGING",BATCH-14,rank_math_focus_keyword,NO,9f7b33b15dd121af084af3d7a364a20b90d8c3d8277973f71275d3e3740b9168,9f7b33b15dd121af084af3d7a364a20b90d8c3d8277973f71275d3e3740b9168,6,6,PASS
793,"CUSTOM PHONE PACKAGING BOX WITH PAPER BAG",BATCH-14,post_excerpt,YES,9363808a671110bab7843b7618542f24cfb426a533c8397a0d220d32056cd559,0c1d0e319e8c749e10cb97da7674109a4fbe8bbc6a543bce98a53228558e6c74,47,43,PASS
793,"CUSTOM PHONE PACKAGING BOX WITH PAPER BAG",BATCH-14,post_content,YES,4697c7f91913c81052f0d0d730eee7387b00c164b3d7a0480f0d0fd0e08b8669,da04ac6c4bde27ed48e2529536c6cce19533c6503e6920058020e4732e878808,1272,1089,PASS
793,"CUSTOM PHONE PACKAGING BOX WITH PAPER BAG",BATCH-14,rank_math_title,YES,fa7d739cad4ffba490125048aef5bb3e9441ade85a61733c9595b3bf193aa2ac,95a908dfb191cf56ed4507878d8c8f6cbc4a21c57c17eee5cbd532459a525c0c,11,8,PASS
793,"CUSTOM PHONE PACKAGING BOX WITH PAPER BAG",BATCH-14,rank_math_description,YES,615f0a03822e9ac65ffd695ab22bf90bc83c3db6a09ff882016dc35dabb0f342,ffffaded557ade3e0b8a5980cff07633a94d45f23750a61215fa2f3595b87a1e,39,22,PASS
793,"CUSTOM PHONE PACKAGING BOX WITH PAPER BAG",BATCH-14,rank_math_focus_keyword,NO,381455b7188b741425f83be9ac6a6faafd9c98406f5a57f4bce6bf63b658512c,381455b7188b741425f83be9ac6a6faafd9c98406f5a57f4bce6bf63b658512c,6,6,PASS
794,"CUSTOM RED PAPER SHOPPING BAG",BATCH-14,post_excerpt,YES,3ca0fd12b22151ee53fb25c54d7974ae841cd0d9fa168b884f552e86ca93134c,646cd97cc5b91eef9f0aefba5a88a1992310cb943f62b490b0198938ac1af022,42,41,PASS
794,"CUSTOM RED PAPER SHOPPING BAG",BATCH-14,post_content,YES,2c03811bfca35f8f318c01adda83ce2a2e5c274b899a8429e9e561180e7b2b35,9abe3530ef9966e467111a27b10949cc51b27119c32f9b7b33f3c1316ab7900d,1225,950,PASS
794,"CUSTOM RED PAPER SHOPPING BAG",BATCH-14,rank_math_title,YES,12d4f994bf751d07c7bde7b2e2288860ce5d05fdc5d04ad10925329a0bd7505a,eded4669b6bf92761e15e08fcc9adc8ca98ac04523984cc5d5e7c34bd4624aa3,9,9,PASS
794,"CUSTOM RED PAPER SHOPPING BAG",BATCH-14,rank_math_description,YES,a77e52efe80ad6ffaf9d6dbb4bddbe02f22fd99335c13bf8f81f9bc720d796dc,710b6671b8bebbed15744d7d3ba46dc0bfcf9beb061b312349922c8cb7c7f8cb,34,21,PASS
794,"CUSTOM RED PAPER SHOPPING BAG",BATCH-14,rank_math_focus_keyword,NO,87e3c16a97b3b273435ffc2f91f06caf5a40f1af9f35e3101af7c235003f31fd,87e3c16a97b3b273435ffc2f91f06caf5a40f1af9f35e3101af7c235003f31fd,4,4,PASS
802,"CUSTOM SKINCARE GIFT BOX WITH INSERT",BATCH-02,post_excerpt,YES,8fd87431ce6405c372cd4e1893dc3694a5ebe8138ea021b6d89a8ce512b3efb8,116a7778cabe9c79b73e1811af5abcfab33d4d0cee7f8f942ab0c37ad1ff0220,48,45,PASS
802,"CUSTOM SKINCARE GIFT BOX WITH INSERT",BATCH-02,post_content,YES,df29eaaff10e0d35174278a784497a7b0d450111501b1e42fceff3d8cd330ffd,07e35fb9148b613ed7f603af7f56e2c68e6e00664635295ed08a0a3c900276f5,1282,1004,PASS
802,"CUSTOM SKINCARE GIFT BOX WITH INSERT",BATCH-02,rank_math_title,YES,ca7ec2a5c0d6f6add83e837a43b995a35bab1c10c9c7d7d30880b69e2e521bd7,4ac1e78d1cce87f02d7712047b50f43e7dabab0c6996300cafbc19ed65b928be,10,9,PASS
802,"CUSTOM SKINCARE GIFT BOX WITH INSERT",BATCH-02,rank_math_description,YES,0903d2027c9cee7f91e099d57b205af25f04e4ea8a85e75d93ec637e96fca605,a0b041e2cb087f82b416471eba6c5ce9099442a6d5a08cf1f622a5fd4f0f94d0,40,26,PASS
802,"CUSTOM SKINCARE GIFT BOX WITH INSERT",BATCH-02,rank_math_focus_keyword,NO,4853bfa7b899a5c1070d253652c1c96dfb5d6861df2b650787d3ba7903ceb662,4853bfa7b899a5c1070d253652c1c96dfb5d6861df2b650787d3ba7903ceb662,5,5,PASS
807,"CUSTOM STATIONERY PACKAGING BOX",BATCH-05,post_excerpt,YES,b63e39bb49cef5cf8c8352c04c95bf351ee7a70450ed2c289bc47401d0704d9e,1f3ec710d140737a00bde22df7309693761f39a309c5c02164635064a835139c,42,44,PASS
807,"CUSTOM STATIONERY PACKAGING BOX",BATCH-05,post_content,YES,dde39fec0ea2be1dc6123af07c74f5a1a1088b5cd30e1c901a5727c1871eee8a,210017cf6512a03d5eeaceffc26a6de8d3804f2df18b597c3e53b3cf6ca9b399,1233,1042,PASS
807,"CUSTOM STATIONERY PACKAGING BOX",BATCH-05,rank_math_title,YES,dd1678a29911e7a57c95cd60242b143e2e6b57ae8adb9d7ba5d19ec41eccf10f,af6be1589feaeacc268f70349bb40e8fc1115efe91d797db2d7cc24f7588043b,8,7,PASS
807,"CUSTOM STATIONERY PACKAGING BOX",BATCH-05,rank_math_description,YES,8f9188782cb33c5092cdc036072afcba9fa8f127e7a524c8da63e9f9e9223db5,f1613fa53a4af77fd83a541ac50a0ab75fd631d7f1db55c5650c63693d9db698,34,22,PASS
807,"CUSTOM STATIONERY PACKAGING BOX",BATCH-05,rank_math_focus_keyword,NO,0c567e2f83ccdc312c4069b596549a68698ba2bd00f09d1f1a71996bf79de9a0,0c567e2f83ccdc312c4069b596549a68698ba2bd00f09d1f1a71996bf79de9a0,3,3,PASS
815,"CUSTOM TABLET PACKAGING BOX",BATCH-16,post_excerpt,YES,ef8e5f672a72aeee7457fa0c85af713dfafa54d2804375dd028872cf49bdebc2,6294d16e7fecfa163bf1b1fad140633a6dbfb9f06488fc8af06891ef5a90c680,43,48,PASS
815,"CUSTOM TABLET PACKAGING BOX",BATCH-16,post_content,YES,82bcf4f3ac2cf1bab8060844684d0ee4a0f27dd3535bb0f35da0cde0d42535ae,3909128214ac26c5506b78c444dd6394e7bd9b2bd77a915562b631bbeb5b7024,1254,1058,PASS
815,"CUSTOM TABLET PACKAGING BOX",BATCH-16,rank_math_title,YES,f019964cb78a296880ed1f284bb0af0a604685838c61c82e11507a0eee044880,dce794f310c67f2f95efb124c8914dff60cf2e99c397f6840c3a1702933b04fd,8,7,PASS
815,"CUSTOM TABLET PACKAGING BOX",BATCH-16,rank_math_description,YES,86c91e8244cd25e5a014eaf75217a7d5cd60bbecc64379e3c8c20365c042ce44,efae1cda7a24821a1ca1afee3c77d0d9d813a7a994002487854fa32675ad64b7,35,21,PASS
815,"CUSTOM TABLET PACKAGING BOX",BATCH-16,rank_math_focus_keyword,NO,b30d260c6595ccd036e7e33bb4992cb830f61045e0708c264e1c5378a03c08e4,b30d260c6595ccd036e7e33bb4992cb830f61045e0708c264e1c5378a03c08e4,3,3,PASS
821,"CUSTOM THERMOS BOTTLE PACKAGING BOX",BATCH-12,post_excerpt,YES,358cc51a64e7b06a13657816214365a5ec28891ce242bc4c854144e606d2ff81,7094b86ecdc72b9902b5895990347c118cd7d39d79620b20a514176153f3f467,45,46,PASS
821,"CUSTOM THERMOS BOTTLE PACKAGING BOX",BATCH-12,post_content,YES,1ed08ba107348569799c4b330f027bcef1db66244916c8e50bbf123b4289e41e,e218a131e54da06c8aafceaeca5e32557acdbb789121cf9f90aba27cd2b0ffd1,1239,1056,PASS
821,"CUSTOM THERMOS BOTTLE PACKAGING BOX",BATCH-12,rank_math_title,YES,2ff1afc7b65a6adfecb40dd5e85279652b0f71e49350d203604b7bf85716b2b6,0e646e96213584ae3b7e9b102aa05d646607852cb86ea2baad6207c6bd5b3785,9,8,PASS
821,"CUSTOM THERMOS BOTTLE PACKAGING BOX",BATCH-12,rank_math_description,YES,7398f3c1fc573b47ad26fc6049f3eb8cbdc1887fda38ec5478c222cb11cb67bd,ed23d8fe29c75b2abb3f21c2d7c699191e03ccd140e2006de8ae7157c7e1a00a,37,23,PASS
821,"CUSTOM THERMOS BOTTLE PACKAGING BOX",BATCH-12,rank_math_focus_keyword,NO,f4c638c6aa9ae44e53c3f29abfa183e4dc27d4be0dfd31c4052796565e2ad026,f4c638c6aa9ae44e53c3f29abfa183e4dc27d4be0dfd31c4052796565e2ad026,4,4,PASS
829,"Custom Vial Boxes for Glass Vials, Ampoules and Lab Samples",BATCH-09,post_excerpt,YES,78e538401cb1d14ed1cf54eb745791a1c48ed1e6050ac611dba61a25c6fd9635,521ccbaf3331249365f35f9e2675e6838f7b2d3107d0b0ea1b3defe450bf145e,56,48,PASS
829,"Custom Vial Boxes for Glass Vials, Ampoules and Lab Samples",BATCH-09,post_content,YES,484320ed6f28378bd242fc31e063154f9a43484c2a8d0ef9567d7eecb559daf2,abb16f44f1b4c28c8a831bf4c2e8edc9f9482f63b5f7d5663b6b5d8b5db0f27d,972,1125,PASS
829,"Custom Vial Boxes for Glass Vials, Ampoules and Lab Samples",BATCH-09,rank_math_title,YES,8a4ca9a89d8aef86d61aca11b8b23a2acc35f3bceddce7a3b911a74adf5a733a,5ba3cca6d77d7d89563343d33ad2522a6edc65830cace9a98cbe9a840849aac9,8,10,PASS
829,"Custom Vial Boxes for Glass Vials, Ampoules and Lab Samples",BATCH-09,rank_math_description,YES,6eefea73da5ef09004e1c910aa8e30a2c801cf25add822267bdea02c4e4ade7e,5f4a5bbd1b266f5b7ebd27d046b2330cf65f766027dc56e0fb2aa7ad031bac2f,26,23,PASS
829,"Custom Vial Boxes for Glass Vials, Ampoules and Lab Samples",BATCH-09,rank_math_focus_keyword,NO,66b07d7e80f8850228ecbb026f01576bedaec3dc5bf3b2ad4875749a2ff41797,66b07d7e80f8850228ecbb026f01576bedaec3dc5bf3b2ad4875749a2ff41797,3,3,PASS
835,"CUSTOM WINE BOTTLE GIFT BOX WITH PAPER BAG",BATCH-12,post_excerpt,YES,c6326f7230ae1e4a165acda3070aa0c187afb97d3094e30bc675e6cedc8c1876,2f6f8e388599bbb7d2b7b0602cb12c75164fe1d17de13dc7a539c1e8478dc3c4,49,43,PASS
835,"CUSTOM WINE BOTTLE GIFT BOX WITH PAPER BAG",BATCH-12,post_content,YES,9d1919d52998d0cb789c91e2c42edd224ef3b3e6ce193d0efb3b9079fae17507,1533ab4ffa04960de70936686b5a859ad00c152e061cbbb9e5860a13ebca2213,1308,1023,PASS
835,"CUSTOM WINE BOTTLE GIFT BOX WITH PAPER BAG",BATCH-12,rank_math_title,YES,d8d33bffaf841afeee13453be4bd30aefac37afeaed42c6bf2d7ac0246b59c57,d71c0e86e68950d8e9b48677ed5a3e3fdfd012fcf2f8ee8bd6bc395b2f333c4f,12,11,PASS
835,"CUSTOM WINE BOTTLE GIFT BOX WITH PAPER BAG",BATCH-12,rank_math_description,YES,3ef17e9066f25a33bac28c5240bab6691037142cf6d20286f766ef83ef6a4fb0,accc23918b8ab2427d80592527cef544bd24f159d1cbd9e4e39b2b53026f435d,41,24,PASS
835,"CUSTOM WINE BOTTLE GIFT BOX WITH PAPER BAG",BATCH-12,rank_math_focus_keyword,NO,a783bf701acaccd0e3d8656b9e74d8a3ef7eb8a2a559f181d5786bc452fe5928,a783bf701acaccd0e3d8656b9e74d8a3ef7eb8a2a559f181d5786bc452fe5928,7,7,PASS
840,"CUSTOM WINE BOTTLE PACKAGING BOX",BATCH-12,post_excerpt,YES,6f956a3ed12667c93ed7956760799c2b6c3b99faa5763b83d7c6c3f11778461e,529f830f26c16dcc1a63159182fe0720858c7e63f2db0951eb743e4051e84762,44,52,PASS
840,"CUSTOM WINE BOTTLE PACKAGING BOX",BATCH-12,post_content,YES,d34ba28cb7d3acb896bc3d4411f1d6474583c8d359bcc75c8234ae7336415b02,41e8f09a07166e56750e000242219e7a7c17c4ead4e329f6b07b5de22299e057,1248,1055,PASS
840,"CUSTOM WINE BOTTLE PACKAGING BOX",BATCH-12,rank_math_title,YES,a241a282db12545a975e7f12db8990764a94081de4773aafdbe96b98bd8e019f,e41876457a58792339948fe547653f4b582c63d191d412c5b3c79491636aff99,9,9,PASS
840,"CUSTOM WINE BOTTLE PACKAGING BOX",BATCH-12,rank_math_description,YES,0cdbe7a7c51e9a60e02bfcba5f17bcba1fc7797cd14957aa080078cc351a10fb,41a260713edc873ff28045464f48705cf631d1390634a3780027c9744b349e92,36,22,PASS
840,"CUSTOM WINE BOTTLE PACKAGING BOX",BATCH-12,rank_math_focus_keyword,NO,6a0081e18d1c4e3f60288133b3723a9d4da4c651110c852b838fea2aee02a076,6a0081e18d1c4e3f60288133b3723a9d4da4c651110c852b838fea2aee02a076,4,4,PASS
860,"CUSTOM SHOE PACKAGING BOX",BATCH-15,post_excerpt,YES,0ec919a731b9c87736f879166a04c8e47c5de53552421a2e5f6c8d0493e6dd48,f59c1029b7535e8eab70c33e411e5c982bfde13dceea5316ee58dd4d0815e811,45,52,PASS
860,"CUSTOM SHOE PACKAGING BOX",BATCH-15,post_content,YES,ab5902714e14d76afa5cdf1cf62cef57b506d35b14c7dc79c294b44f02915e4d,48aa4c892bf8c6265b4b85b547c271417027a50a09c6b655ae584a922125043d,982,1044,PASS
860,"CUSTOM SHOE PACKAGING BOX",BATCH-15,rank_math_title,YES,8647b3f092d0ca9072f90ad85f7a66e6b454ae72c7ab866f017091cc605531c7,fad72da5b72d9c467b83aa9407303fc99a96ec4da7a66a0786830fc52cb06234,8,8,PASS
860,"CUSTOM SHOE PACKAGING BOX",BATCH-15,rank_math_description,YES,a639361ff81590b4b67a07695ebb07594905f55f7be1c486c20cb42f8fd3cfcb,6799ed8813820e6c8e266ce1b5938bf348aae212a682c33d0860d1af7e600845,31,23,PASS
860,"CUSTOM SHOE PACKAGING BOX",BATCH-15,rank_math_focus_keyword,NO,79f0261f7619861366e7610230aec91f3e3b17e3d5ca2564808f17308471e443,79f0261f7619861366e7610230aec91f3e3b17e3d5ca2564808f17308471e443,3,3,PASS
865,"CUSTOM BELT PACKAGING BOX",BATCH-15,post_excerpt,YES,3584996c8d1702ea4436022eb4b430e624fd5d5f58c39458da5c591e02e853fb,981e70e2996bfbfdf2f82b8f3530059b8ec7f26d9e8823818fd060a952d77d2e,45,48,PASS
865,"CUSTOM BELT PACKAGING BOX",BATCH-15,post_content,YES,793c1a55e7c566be87abfd3a7e1fc26d54e58471f57d8a050550b6644dfec5fa,c21a1efaa75e852539df04b70d79e26c23d031bd452243fab8338c34c3a1521d,987,996,PASS
865,"CUSTOM BELT PACKAGING BOX",BATCH-15,rank_math_title,YES,d1c418685402007cd7cea04f51f5630d61fc20b3793715d542223b8933b79b84,61fc02d58477a557bfc1b96bbe8eea9d1e71ec713e47dd1d41b80796ac1b33dd,8,8,PASS
865,"CUSTOM BELT PACKAGING BOX",BATCH-15,rank_math_description,YES,746593763c3367f32220127e1db5cfd8b8ff5e9dfe341b5f29c585f8bce13d93,2c9ece54d05160f3db7811fa2b50d76b83e18b59456d34a01af055a1722f48d5,31,22,PASS
865,"CUSTOM BELT PACKAGING BOX",BATCH-15,rank_math_focus_keyword,NO,ecd4025e1ab91fca19321c14fe9bd73b338bbf33bbb3fc011d743aadd4e95608,ecd4025e1ab91fca19321c14fe9bd73b338bbf33bbb3fc011d743aadd4e95608,3,3,PASS
869,"CUSTOM MEN UNDERWEAR PACKAGING BOX",BATCH-15,post_excerpt,YES,a19f0edee4afa0b1cdfb986fddb3bccc6a9ab2ad3a4008a5257a2ce51d154ad9,d9ef022b5404b51d7bb38a7eb09bbe4df30dd709dc4b9fd8bad64bc8127a4e8f,44,49,PASS
869,"CUSTOM MEN UNDERWEAR PACKAGING BOX",BATCH-15,post_content,YES,d32807b981bb87e8f7c510d1110a497dd022bad0d7430d094236b7ac57d05d0e,b185919da2216030fe053fe8d99792e75a5dc29af450d21761854ad22864f46c,971,1072,PASS
869,"CUSTOM MEN UNDERWEAR PACKAGING BOX",BATCH-15,rank_math_title,YES,0bfbe7bbe09a44ddcb5918a823824f00d2bf2b2b3c961f66d190a796c7565ae4,c4207860a29827b68ca8179cbfd2533952e23c02f73de16eca817f41aff19659,9,8,PASS
869,"CUSTOM MEN UNDERWEAR PACKAGING BOX",BATCH-15,rank_math_description,YES,b2790982d7b7869e7c3a35ca980be1750ecc12ae59cad8c9a0c876d2a35e9d00,220c740e0b187511cb8083ae5d361f549bcf185cdc92bd1b4215de712cdff862,30,21,PASS
869,"CUSTOM MEN UNDERWEAR PACKAGING BOX",BATCH-15,rank_math_focus_keyword,NO,317ada1e164073ee3c1a4eb7255f27336a5f65f5c04e262f0365605d30a0965b,317ada1e164073ee3c1a4eb7255f27336a5f65f5c04e262f0365605d30a0965b,4,4,PASS
872,"CUSTOM SPORTSWEAR PACKAGING BOX",BATCH-15,post_excerpt,YES,9c19107b25615520fb8af794078fb7c2d72a958a0087d1fd228344ed4624a635,5dc8773499dfeecc46057d72e536cc53c13aacd2f2d9ed78605286827ac5cafa,45,48,PASS
872,"CUSTOM SPORTSWEAR PACKAGING BOX",BATCH-15,post_content,YES,6b670d2b29b4ae1e9b176605db9986f0863540dd1069b260a194b61bd55511a0,289fac1ef17ec2d03d88eff3d04edde58c66d0c99eee6a22ea8757792b60a05d,952,1044,PASS
872,"CUSTOM SPORTSWEAR PACKAGING BOX",BATCH-15,rank_math_title,YES,af0f99350cbd5c099079548200d65cee7747a54bed3f642eb3d7411f8092a3c7,a255f62ebaeec3c9776f1d81077e29b5707349123ad4794675b7d5243fdfa77d,8,7,PASS
872,"CUSTOM SPORTSWEAR PACKAGING BOX",BATCH-15,rank_math_description,YES,c9894a9ccd5981f90492c224c5c160538d0105452e1ba50cd0699068caedc6df,b11165e3665d7cea91d267f471c9d08b90405e3daf4736ff0f89c7562d0fd8f5,31,21,PASS
872,"CUSTOM SPORTSWEAR PACKAGING BOX",BATCH-15,rank_math_focus_keyword,NO,0d04429a9e90cef9ed1d66ac1af28a9d31b7b8db08ff76dc241122a961cb84f8,0d04429a9e90cef9ed1d66ac1af28a9d31b7b8db08ff76dc241122a961cb84f8,3,3,PASS
876,"CUSTOM T-SHIRT PACKAGING BOX",BATCH-15,post_excerpt,YES,bb36cf61d4255064cb897d606de19f5f725ea8b87f3f7c2cd9bfc80983b5792d,41c39e2190d59ad775b1bb492195322ab3adb9af21d8cefb89ef385a1f460e24,45,43,PASS
876,"CUSTOM T-SHIRT PACKAGING BOX",BATCH-15,post_content,YES,506bf05c6619f7a49a63af5840d185da316d14b5715d93014b43db41fb0c8250,aa876d22ec9168877b0c1353979d6e581b924d66cee9448ea06983c1f7328a14,977,926,PASS
876,"CUSTOM T-SHIRT PACKAGING BOX",BATCH-15,rank_math_title,YES,eb75510f8ed5714a81992f2f81ce3cdae59cd347e8dc38f36a9fac863e83825d,4df1d3815ec246bbcaecf2501817d8c670e314a1d3c662dc9854ba5cee860ad4,8,8,PASS
876,"CUSTOM T-SHIRT PACKAGING BOX",BATCH-15,rank_math_description,YES,a3d5dcaefd886e601ecb0ee3504332cfc103bf036fc415b7f0e3f694497a7b44,332e73f824349075b0c726e7ab73c15b25fe6c7fa30a9dc7133f3245ed4c4f28,31,21,PASS
876,"CUSTOM T-SHIRT PACKAGING BOX",BATCH-15,rank_math_focus_keyword,YES,a98a724ef24fba48f573f1bf18055f0262a85b9b63f3b7ee3efa8c57a2c3e530,ed9c7a605c629acd82d2b90dd6f90b229e632a35d73b6d9b9891dcb5ac3d422e,3,4,PASS
881,"CUSTOM WALLET PACKAGING BOX",BATCH-13,post_excerpt,YES,da055656362ac030ed44b3cf39292c017e68501ed7533e91e554a6eb6044cbb4,40755742ded9c42ff58833f5b97ac00d020925eac87da21e03bc9da137a97a2b,45,40,PASS
881,"CUSTOM WALLET PACKAGING BOX",BATCH-13,post_content,YES,a163f045c0c120879ce9e9df4aef72280d33b71cb2dccc1eb13a2af8fd52bb6b,63084bbd4e4ea37596763686731b38d44f2e537656057665f9a5d4ab6f1ae483,983,989,PASS
881,"CUSTOM WALLET PACKAGING BOX",BATCH-13,rank_math_title,YES,492013fd0e8420313165e39e08c45d4ee4b460ed6648849b60293c8e10cd8516,4fdc8674c1396e8728da970e9311c04d2db4c15f18908c1250ee9543ebeffc53,8,8,PASS
881,"CUSTOM WALLET PACKAGING BOX",BATCH-13,rank_math_description,YES,e8c9e919cb3770acbd6f0f1c338c7bd68707600604ede162230ee7ad04c7ae65,30ea65efbe17e81cb58455aaec69868ad7ee43f66af2ec70786da7f1bbe368d1,31,22,PASS
881,"CUSTOM WALLET PACKAGING BOX",BATCH-13,rank_math_focus_keyword,NO,6726a5fd8046db7a6f3419a555df89758641c9e7450736e66ed569adf3b9bca7,6726a5fd8046db7a6f3419a555df89758641c9e7450736e66ed569adf3b9bca7,3,3,PASS
939,"CUSTOM SPORTS SHOE PACKAGING BOX",BATCH-15,post_excerpt,YES,b5435953f79d9b4bea98d92c63a85837b57fa6949282a7d7ca1e9724cd2dbfcf,aef5cdb95586235bc946cc24104afe7852be721bb6172be311de6b8f2d037e05,41,40,PASS
939,"CUSTOM SPORTS SHOE PACKAGING BOX",BATCH-15,post_content,YES,50b4ff25a706bdeb06bff24a7b768974a7dd0ab00f99e84e5828b266981fc716,b9be6806837d5c7a38f8694bcfdeb780877cb757a4f90ced07e8aaefd61072c4,1000,1066,PASS
939,"CUSTOM SPORTS SHOE PACKAGING BOX",BATCH-15,rank_math_title,YES,f996db7bc8d9f48b7f9beb57d8949c548291ff2fd6299ad6fab73123451b0e07,56f75dbc931ac525bbbdd3ca889ed0e03e21aa7513f954a392d0b31713fca448,9,9,PASS
939,"CUSTOM SPORTS SHOE PACKAGING BOX",BATCH-15,rank_math_description,YES,f1c90870aa114f52a9a2eb39498b1d8cb06033488138529bc08dd60fedb27af4,2ed6b045b985ad172e26a888bea8e41ef709df7f987db811a02c77bac382b893,31,22,PASS
939,"CUSTOM SPORTS SHOE PACKAGING BOX",BATCH-15,rank_math_focus_keyword,NO,8898f294246f9c147628a1ce57437f95f61b3b04d640f107aebe2011b324e008,8898f294246f9c147628a1ce57437f95f61b3b04d640f107aebe2011b324e008,4,4,PASS
944,"PREMIUM PICKLEBALL SET RIGID PAPER BOX",BATCH-15,post_excerpt,YES,d697cfa645e0e9a1dae87a3897b5249ba2835668a8b666b786a3614ead2b99f9,3b1fbf27a758663134091a0afc8243729941926842d8c996053144fcfb7a9666,42,41,PASS
944,"PREMIUM PICKLEBALL SET RIGID PAPER BOX",BATCH-15,post_content,YES,4849a88e70ef567ac7019289aee0727d27dc4c485a438d2f58d7d498c8996915,94257e8298c7c38a6bb4489a92c6892ea3ad190f1f0befa92743a7d829c0f2f9,1013,1115,PASS
944,"PREMIUM PICKLEBALL SET RIGID PAPER BOX",BATCH-15,rank_math_title,YES,730b51a51ac3b0401b46b2ed5222edb5b909ea361f76907d2476c98735082117,f227761a39a20a224d41e7182a107030b400ab57da798d632b809ef0abf9e191,10,9,PASS
944,"PREMIUM PICKLEBALL SET RIGID PAPER BOX",BATCH-15,rank_math_description,YES,29d73d82e719ff91f53dc65addc4e78264641b38f8a5aadecc149801da4368e3,9048c5cdd9f9d497f76bfea161fe3980b1d07ad09ddaffec25f86c5bffbed907,32,22,PASS
944,"PREMIUM PICKLEBALL SET RIGID PAPER BOX",BATCH-15,rank_math_focus_keyword,NO,86c5722ba9f79059debb0a00fde444224a3ad51fa508896586728c73c839fd00,86c5722ba9f79059debb0a00fde444224a3ad51fa508896586728c73c839fd00,4,4,PASS
949,"CUSTOM KNEE SUPPORT PACKAGING BOX",BATCH-15,post_excerpt,YES,0098a3f264dec8d808c3405ab0b843635178497e5de49cef7aae52da5540a5b4,cf08c760f2d7350df9bfa9d1eece7ab3021ae4c3913a137dfa375448572e220c,42,41,PASS
949,"CUSTOM KNEE SUPPORT PACKAGING BOX",BATCH-15,post_content,YES,d291fd9f481c3596f040aa602facc2d2262e59677f9cde72de809b1369793dbd,5abb22389229becff278b9cc0fc44e8d7392117dd6bf465f3bcf995a002ddf95,1005,832,PASS
949,"CUSTOM KNEE SUPPORT PACKAGING BOX",BATCH-15,rank_math_title,YES,e659f6f75ba4556c076ebbd12015befab6c4f7ae0c1034bcebd2b0e053e54943,e40acd74ab12e906b3dd957e7b27d4b14537fea5c8dabb3154a9ec2b564387a8,9,9,PASS
949,"CUSTOM KNEE SUPPORT PACKAGING BOX",BATCH-15,rank_math_description,YES,a840d9cbd8b908b70733b452a8d0d2310e845088163ff7299ebfb9702344e6e1,6f7752537e4b0b25180c656607c6562a3616b90649259782a4a204caecf32d7a,32,22,PASS
949,"CUSTOM KNEE SUPPORT PACKAGING BOX",BATCH-15,rank_math_focus_keyword,NO,36bce9c07940932414c818186837f10e48500a50db20ecf78002b272a8cffd7e,36bce9c07940932414c818186837f10e48500a50db20ecf78002b272a8cffd7e,4,4,PASS
956,"CUSTOM SPORTS UNDERWEAR PACKAGING BOX",BATCH-15,post_excerpt,YES,815dcb92ae89d43a50cb8622bcb6030f9e11e608789f82e223a6c1b300a41d7d,54f4904b15f407e3e26a1a1a4235f68549e435b1ca23c0a22ca840c484fb406b,42,49,PASS
956,"CUSTOM SPORTS UNDERWEAR PACKAGING BOX",BATCH-15,post_content,YES,610184c71520a9c2b0965a35f01f969a72f48313e085b5c2e6255c329197efd8,26ce2a554edc1033c81dec6d2e7a946489c7fabda3b6f073cc0bfbaad3cbb7e7,1011,1012,PASS
956,"CUSTOM SPORTS UNDERWEAR PACKAGING BOX",BATCH-15,rank_math_title,YES,9212a0a0f6c87ceca90cd8270f824457d89adfa48e7fa341d87a3114ad0c7eec,f392c6933b60b35bea80ff5e1453423b778b9a14d29c614b6acb624e631c6b09,9,6,PASS
956,"CUSTOM SPORTS UNDERWEAR PACKAGING BOX",BATCH-15,rank_math_description,YES,200e7580eab40616e8d5d655fcb6675232a13be39a2035c0c4ca6198dfeff08b,6e44e67c3293766cdebbb4ad2cbb547cbdc8f95692eb94beb7ad4468e698286e,32,21,PASS
956,"CUSTOM SPORTS UNDERWEAR PACKAGING BOX",BATCH-15,rank_math_focus_keyword,NO,b3baafd680ec353b1f2d84841e6ad1613f88bca38ffc2c73e61cfff11eb00ca5,b3baafd680ec353b1f2d84841e6ad1613f88bca38ffc2c73e61cfff11eb00ca5,4,4,PASS
981,"CUSTOM PAPER EGG PACKAGING BOXES",BATCH-10,post_excerpt,YES,8f71b2f85291867c9f6ef864b2fa803d58f8f7f7c51f9682a225213691e8dec8,929c920bc0993f6954ebb5541d2b028cb7a6d30b71fe4708a8c2cda5add5053a,122,47,PASS
981,"CUSTOM PAPER EGG PACKAGING BOXES",BATCH-10,post_content,YES,6faf3de208dae185613ce6feb57b273b088c1dd9d5531da772ef7c3720b29c25,e0167600b30cdcda2fb3b57e60c6e99ea9cfe15dbbb992005fe5d83a609a6629,1674,1058,PASS
981,"CUSTOM PAPER EGG PACKAGING BOXES",BATCH-10,rank_math_title,YES,aa5d78be9c8e380ddcb1efd4b92dc8df07a9b51dc9fa6a9edae0c5760c855946,3686bcc1d6237d619a7fadbf8f262125cc8d969df9da4cf19e1826b658285cec,9,9,PASS
981,"CUSTOM PAPER EGG PACKAGING BOXES",BATCH-10,rank_math_description,YES,12224b5474df4da087f1c4e1b87520827922c4e91eb6fe34fe32081ffd91f69f,07dd10efa230324ea5f0822448dc181519ce6ad83078966117f7e5c744885c43,21,21,PASS
981,"CUSTOM PAPER EGG PACKAGING BOXES",BATCH-10,rank_math_focus_keyword,NO,b1361d25d8f4a3aacfcf0bbf729bac8c972816f365af027766a73dd1e47df68a,b1361d25d8f4a3aacfcf0bbf729bac8c972816f365af027766a73dd1e47df68a,5,5,PASS
1023,"CUSTOM BLUE BIRD NEST DRAWER GIFT BOX",BATCH-10,post_excerpt,YES,7a6b03523f1017fd8a6e16a81e24a7d759c86c021d5e7bc74cf9f7f4983b07a7,0a47b4c1da389bece9a6db9c3f4ab36d3f32218fe91993615c8c8fdab693dc8a,53,44,PASS
1023,"CUSTOM BLUE BIRD NEST DRAWER GIFT BOX",BATCH-10,post_content,YES,4adacacba09c8baa94c2aa9b358d7de6f896cebc1c4f8a6c1b4b9a0eea99c8d6,ef2ed20cb9d20b4f7636c4c09938e89dbd2ca710f1b559c7308207c1bf0caa20,978,1024,PASS
1023,"CUSTOM BLUE BIRD NEST DRAWER GIFT BOX",BATCH-10,rank_math_title,YES,ea7cd283dd5d5c6efe35b6cd25f8f543260d346b45d2efc3f4cb1e0790a47cdf,fc57314da0d7f7ce5259303f04a8a1419b698c45156f5eec584fb72e1d76273b,11,11,PASS
1023,"CUSTOM BLUE BIRD NEST DRAWER GIFT BOX",BATCH-10,rank_math_description,YES,b5d02c8e3ebd56f957edc29bfa148e762b348699e6bb86deec1dc0d6f01e16f4,430f2efca99d4c930ce3b08521284a6d2c2d8a1fefdc35ee44fca550e8d6c204,24,27,PASS
1023,"CUSTOM BLUE BIRD NEST DRAWER GIFT BOX",BATCH-10,rank_math_focus_keyword,NO,2e4646dc4be228f442f533391fe0fc9b91e82b507620f6704377591972e3457d,2e4646dc4be228f442f533391fe0fc9b91e82b507620f6704377591972e3457d,6,6,PASS
1024,"CUSTOM GREEN BIRD NEST GIFT BOX WITH HANDLE",BATCH-11,post_excerpt,YES,00e3a29c31cd390f479dffa93ac44b2826d38c8a978c3642c676af213e435e55,81b784467d9396ec7bec790ab90f711029f30ded66f5da7b113d69012920603a,54,47,PASS
1024,"CUSTOM GREEN BIRD NEST GIFT BOX WITH HANDLE",BATCH-11,post_content,YES,8fc2d09b4b5ae4655b609840171dff5b3fc90beec0c25e1b9d541b3089ebbd58,d260b34e192d003be175f2850536d1f075375e222a2009eba5e58f749b11c4d5,981,1063,PASS
1024,"CUSTOM GREEN BIRD NEST GIFT BOX WITH HANDLE",BATCH-11,rank_math_title,YES,f1cfc87f42ab52912d5472fde55b0ec71c9f088ec50846f5b55be36f3daa6291,adc2ce0b99bf4f9c44238f4df1d94725fbdeb74e80a56dc56bcf9e1cab66e8da,12,9,PASS
1024,"CUSTOM GREEN BIRD NEST GIFT BOX WITH HANDLE",BATCH-11,rank_math_description,YES,ca9d3b3545a0092a25947a1fe7a8e82f0b41242a243509e697470587c33f2cc9,27a0ce217916ddf550962aa4587f5e1e4e2c1639dad479eccb9cb012868ee796,25,27,PASS
1024,"CUSTOM GREEN BIRD NEST GIFT BOX WITH HANDLE",BATCH-11,rank_math_focus_keyword,NO,ee3ce976a482f7957abb972913e8831d058ef5c09f4b6ba7d218294de6ecf68d,ee3ce976a482f7957abb972913e8831d058ef5c09f4b6ba7d218294de6ecf68d,7,7,PASS
1025,"CUSTOM GREEN BIRD NEST CABINET GIFT BOX",BATCH-10,post_excerpt,YES,fc0178fbe1527b094f6225bf9efa06292bad101b0c6adabdb2c428ce88bb3ece,0003776c0af7814afd6cb7ac102b152b8862079bb239f6b528bf554c47c7782b,53,46,PASS
1025,"CUSTOM GREEN BIRD NEST CABINET GIFT BOX",BATCH-10,post_content,YES,a6d665230987494133a1ad34741625eb013a1aa5e82534344f4e0b99e3736e19,77737431a7f049d1f21ee1812ecfe15f96356b190e6bd62f219e5f2ed8b73143,964,1123,PASS
1025,"CUSTOM GREEN BIRD NEST CABINET GIFT BOX",BATCH-10,rank_math_title,YES,e08f890e278451d56730719fd377ca1584166bb4c2f499cc5810b582ed47c058,26d39d9e5ad9c46b8d31f610ef0859df4d2b1cde8847a7f35a3a66f1709a9a0c,11,11,PASS
1025,"CUSTOM GREEN BIRD NEST CABINET GIFT BOX",BATCH-10,rank_math_description,YES,2152d3957bd94ea505188e34b4a812cebbe5f9ec317b51511eaa796b59828b0d,97211baf70ccfd984ee959d535970af29f7a8fbf8f8c6aab110f5fc34aacf2d2,24,27,PASS
1025,"CUSTOM GREEN BIRD NEST CABINET GIFT BOX",BATCH-10,rank_math_focus_keyword,NO,908e869a3f80eeca7afe06ef23b888defaa39b0384a0a357998d4ba92dd64640,908e869a3f80eeca7afe06ef23b888defaa39b0384a0a357998d4ba92dd64640,6,6,PASS
1026,"CUSTOM GREEN BIRD NEST COMPARTMENT GIFT BOX",BATCH-10,post_excerpt,YES,6a17a7a8e321f3bfa9f99726c36cc7e6243019381a0dad6a2bd743d513f81690,a80b64cb306a80e21f3ad8d4c3a24356e0729613f66dad13be1d451831679870,53,49,PASS
1026,"CUSTOM GREEN BIRD NEST COMPARTMENT GIFT BOX",BATCH-10,post_content,YES,fe924f8e330a136025d714217a7d58707613798420f4dab4e4912883c69a42fd,c53441bc1dacded08207c6d730b4e5c169df39e89d5c0bf42607ac34afa434ab,973,1004,PASS
1026,"CUSTOM GREEN BIRD NEST COMPARTMENT GIFT BOX",BATCH-10,rank_math_title,YES,42ab8c133fa238bfa8b13abd1ccc74107ffbfd3af4aa46adad89f3e54853a8da,f48848d84491127d27e6292f8440feabd584fd7f668ce0596bf14366e1cfd146,11,8,PASS
1026,"CUSTOM GREEN BIRD NEST COMPARTMENT GIFT BOX",BATCH-10,rank_math_description,YES,49ad8ed4eb1e50a647eda646ad838e122f29883b3c699889e4ae030b42368996,946669645824486648838234d18e9f4eb61c43f18c27710df2a59ed583f7b86f,24,26,PASS
1026,"CUSTOM GREEN BIRD NEST COMPARTMENT GIFT BOX",BATCH-10,rank_math_focus_keyword,NO,b2e23b854a68fbc38023e88df086c79578d0ff169149c4461799cb91f9f472f6,b2e23b854a68fbc38023e88df086c79578d0ff169149c4461799cb91f9f472f6,6,6,PASS
1027,"KRAFT CORRUGATED MAILER BOX",BATCH-01,post_excerpt,YES,560d4a100199f2b13cda15f421d5ee4c7223f657c3e15cd6cdc39e01bdc112fa,0fc8768385db343b245f2e30f7df622fb76404dd41756dbd86dda3c2d93b1269,39,49,PASS
1027,"KRAFT CORRUGATED MAILER BOX",BATCH-01,post_content,YES,e52e49e5d82517202c2feca75bdba32dfb0c4b77739f72508dc9b297c311dac3,b2c894119a64e2d615a64ca172e112f2eb305c0ca69fc5f17cd5da4739ef331a,974,1012,PASS
1027,"KRAFT CORRUGATED MAILER BOX",BATCH-01,rank_math_title,YES,b0a1f05413449ddf711e5250f078f09ddac4a4641ebc4ab89508d3ba60b1e512,30fad58755dfac5ad972a15907c6821a2d6373badab2f2042b1c71576e80bce1,8,8,PASS
1027,"KRAFT CORRUGATED MAILER BOX",BATCH-01,rank_math_description,YES,f48f810905f6c2b6f369ea4f1ab0eed557d3a7bc3b173bbc0761ca3a9b3afa8f,499ef2d2d35e004feefeeb8119649df643f5e78463c288aabc6c48030f74a9d6,20,20,PASS
1027,"KRAFT CORRUGATED MAILER BOX",BATCH-01,rank_math_focus_keyword,NO,de5b75400d3e28669fd26a7e35b00d5e0868a6c371bff86cf1331ab6259dc0ae,de5b75400d3e28669fd26a7e35b00d5e0868a6c371bff86cf1331ab6259dc0ae,4,4,PASS
1168,"CUSTOM CANDLE SHIPPING MAILER BOX WITH CORRUGATED INSERT",BATCH-01,post_excerpt,YES,b09cf76de8a7d90d51516baa9a2f2065d24a30487960d0f8d9592978259aa3b8,c380002c2616e6ab796ba27e101cc65f223a5c2035079d9b53bc5437633b0330,82,48,PASS
1168,"CUSTOM CANDLE SHIPPING MAILER BOX WITH CORRUGATED INSERT",BATCH-01,post_content,YES,72dfcc866cd94e0b7608660258efb87e46a848d882d0954d75b7cda41f2cc3e1,3bb2028d9259bf640bf93261e9997b8e3e3d75de98fe175e6379ac317b84385e,1517,1128,PASS
1168,"CUSTOM CANDLE SHIPPING MAILER BOX WITH CORRUGATED INSERT",BATCH-01,rank_math_title,YES,3333fa4982f7e4c96ef467a36ba0bcc52ea073c4be1b181ff3d0e1a99a8800af,054b2fb8a6eca9a8f7d92734db0e4cefe07e02156327886e58dd91b42820b2b2,12,8,PASS
1168,"CUSTOM CANDLE SHIPPING MAILER BOX WITH CORRUGATED INSERT",BATCH-01,rank_math_description,YES,78a1150530bdcd9cb38b093b7608c7edf1839178b04060cf85ec9d980ae3fc4d,ff7563adfbfff6988be310b4fc03613a8367a335b1e82e2f90755e04e655710a,19,21,PASS
1168,"CUSTOM CANDLE SHIPPING MAILER BOX WITH CORRUGATED INSERT",BATCH-01,rank_math_focus_keyword,NO,d234f924b30c0fee7a5ca7e52520db755abbf4270666ba1ef8ae3f859a06d214,d234f924b30c0fee7a5ca7e52520db755abbf4270666ba1ef8ae3f859a06d214,4,4,PASS
1169,"CUSTOM TWO-PIECE CANDLE GIFT BOX WITH LID AND BASE",BATCH-17,post_excerpt,YES,82f742e6ef4a9f195725d9a41081f56c3d9f7c16a0f3a0df90959ccf9340cd7d,a4369d53d216aff13f20f875a1b671da3f85e166550c80ea3594dcc93d3e9f58,83,47,PASS
1169,"CUSTOM TWO-PIECE CANDLE GIFT BOX WITH LID AND BASE",BATCH-17,post_content,YES,cc2ecb310de5edbcec44619eb1a8a21e9540abc9a8c6e5bc4c52db36f247eb30,78f5d83e7001141f667080f8973c1cc5ffeafdeeb2d9a1b6d33ac30e3fb8abde,1512,1056,PASS
1169,"CUSTOM TWO-PIECE CANDLE GIFT BOX WITH LID AND BASE",BATCH-17,rank_math_title,YES,7124b078737557c6ce2298aaf9357e7be0fded212a30684c17406e8f6506fc30,3abdde5151a0712925b6ad5c55ff95c163cfba503f03d032151c22caaed8dbf5,13,9,PASS
1169,"CUSTOM TWO-PIECE CANDLE GIFT BOX WITH LID AND BASE",BATCH-17,rank_math_description,YES,d8a1fbcab10111e190d1c2d03a6d365fd3c609c3381cca9e2b3d2ff94931c940,47e56b9aa89cbcac986e46bbf04bea61061e9815f876ec16e644aa4364310cc8,20,24,PASS
1169,"CUSTOM TWO-PIECE CANDLE GIFT BOX WITH LID AND BASE",BATCH-17,rank_math_focus_keyword,YES,bc58bf331d65b9241afa0d8f87f1391325339fc3e960d84525607222c8d970d8,05d5ca014b3b0a049190a727aac006167448f168ad49b64f01bf996bd88196b3,4,5,PASS
1170,"CUSTOM WINDOW CANDLE BOX FOR TUMBLER CANDLES",BATCH-17,post_excerpt,YES,53d55dc350eaf506f893ed492176fa398c58960f0c203e3d0876617783b089b2,20be267ef7699fee305c7109562acf1b4339ab79c2a8dd815b338ef14e2bca7e,82,45,PASS
1170,"CUSTOM WINDOW CANDLE BOX FOR TUMBLER CANDLES",BATCH-17,post_content,YES,fc7d97e7e123c5ba543a9de27d6caebc94e5d1ce565fb4029cf5adc30826f288,120ee47b76cce661dba3f92b11a66d64fc77675232b02516a6d52b31654484f3,1512,996,PASS
1170,"CUSTOM WINDOW CANDLE BOX FOR TUMBLER CANDLES",BATCH-17,rank_math_title,YES,0b08fbdf1d0978dd3787110c91f45dbd6e69eefac9821b9e0bb68afea3a89335,4d15641905d5fb43712de76586d910e1bca0cf7048073a049b38098a0e807ed6,11,8,PASS
1170,"CUSTOM WINDOW CANDLE BOX FOR TUMBLER CANDLES",BATCH-17,rank_math_description,YES,bdc013c5fffa2f6028cbaa60ec4b4c2922175b8ca4b17a677beae557648d6999,5e77abd67585ac2592155101b4c6a88e81dcd535c5cfc55b862d0f83bedc6d44,19,24,PASS
1170,"CUSTOM WINDOW CANDLE BOX FOR TUMBLER CANDLES",BATCH-17,rank_math_focus_keyword,NO,cd55622ca870c9ba091892c13570a3917166ed0a87abfeb6ba8f1e29ce8fcf06,cd55622ca870c9ba091892c13570a3917166ed0a87abfeb6ba8f1e29ce8fcf06,3,3,PASS
1215,"CUSTOM CANDLE PAPER TUBE BOX",BATCH-17,post_excerpt,YES,59a66de4cd71954b6e2d6112761bdca0d41c3cafdf6bc88f16947efaf10c587d,a21562235f4f22ccbfcc559eacd1a7499f137f83d47176bda1cce2dc7c647292,35,49,PASS
1215,"CUSTOM CANDLE PAPER TUBE BOX",BATCH-17,post_content,YES,75090e892e8eefff010095f58b95bee479bc2fbf39dfdeaf9b1e56c6d09270ef,5fa7b45ffe342009f1805db4ec28b88cebc8833d739db6f9d1673d0d79ae2289,1525,990,PASS
1215,"CUSTOM CANDLE PAPER TUBE BOX",BATCH-17,rank_math_title,YES,8c38d16f8976bce782248294d23e5da6bf5354a0c5f2261a109a2b1b5e61353f,b5870fd2af9f58f537330770e29c023f0316d44a5666e16540197a13d761c947,9,9,PASS
1215,"CUSTOM CANDLE PAPER TUBE BOX",BATCH-17,rank_math_description,YES,65551c7157f965d86891f02787ae840199bbb652ac1f26a41764815d3a9b4e63,72cf4b8432489b52a48238df5815ebca0ebf5678b3136a0b0416d6a2480d731c,22,20,PASS
1215,"CUSTOM CANDLE PAPER TUBE BOX",BATCH-17,rank_math_focus_keyword,NO,8a59a0d462897e0cd5b2cf439fae8bf4c05cd0d390d6505a43589977c0ab529e,8a59a0d462897e0cd5b2cf439fae8bf4c05cd0d390d6505a43589977c0ab529e,4,4,PASS
1220,"CUSTOM COFFEE PAPER TUBE PACKAGING",BATCH-06,post_excerpt,YES,dc1a15dcf30e032c655e964128741d6b4f6e461f111778a2e53812733c3f3d27,e969df4268ebd8df2071cc47f06739edff15f0bd8a535b1c7e397e2b2a999a7f,36,45,PASS
1220,"CUSTOM COFFEE PAPER TUBE PACKAGING",BATCH-06,post_content,YES,245225ea9626b1d55005903ed56453afb0f36f6b89861bec5692b3bc9cbb5e2b,361afe10c77dfdaf98c4b30027d3fbb2b20e8ac4e995c429ffcf202d7f58ec86,1531,987,PASS
1220,"CUSTOM COFFEE PAPER TUBE PACKAGING",BATCH-06,rank_math_title,YES,837d06b695e50314ae726b23b5772a3f0a7d474640567d472b45ff04b64604da,b10c47deb5886e54d4e90f6f328d0b83523bf683283d3c6ce91dbdcaaadf428b,9,8,PASS
1220,"CUSTOM COFFEE PAPER TUBE PACKAGING",BATCH-06,rank_math_description,YES,f794aa87ecd1dc84bc12c483f53fbd01ad84f87793cdb8a498cbbf1ff0d9b721,2912062ba1d13218b73aeb5bb7f55963106f8be16253eb5bc05ba4ded4bdc096,21,21,PASS
1220,"CUSTOM COFFEE PAPER TUBE PACKAGING",BATCH-06,rank_math_focus_keyword,NO,a8b958ea45b2f96349e234d3082bb6b6586dbdbddcbd12254e3adcce85de0867,a8b958ea45b2f96349e234d3082bb6b6586dbdbddcbd12254e3adcce85de0867,4,4,PASS
1225,"CUSTOM TEA PAPER TUBE PACKAGING",BATCH-06,post_excerpt,YES,663e1795d1343841feb3d92e0385dcdd2f81094c03184f9d3b807e0a53472655,ad2cd0b78a7c9e3b2e57e3add2ec5295ba0194aca69cd67b1f7ae07c124acd07,38,46,PASS
1225,"CUSTOM TEA PAPER TUBE PACKAGING",BATCH-06,post_content,YES,864c5643882708a6169ed03a7d02fd343458c8667851c21605421e4f15326425,f8f1369319a4f7036b60a9263c3d361b47dc8b5cc91f31cb9034f69a967ab2f1,1530,946,PASS
1225,"CUSTOM TEA PAPER TUBE PACKAGING",BATCH-06,rank_math_title,YES,0b8e330d05705472d0f5fbfa4afc88520544f00a3cc2930bb760587c262ebea9,180669a47337e3f68d542261ab4361b1c7b93146f6fd063253784041b8d7f3bd,9,9,PASS
1225,"CUSTOM TEA PAPER TUBE PACKAGING",BATCH-06,rank_math_description,YES,cecb2dbde0d78786d6ea2e7272458fdaf7499a839f23e89e4489dcf00dffe065,ec5f7856dc4567a730d0aa0671beeff2cf12fd3b843db3f100b844a296bfe2ec,24,23,PASS
1225,"CUSTOM TEA PAPER TUBE PACKAGING",BATCH-06,rank_math_focus_keyword,NO,d400d7f968199620587f8df27c234ef9342f5dcc2e71154be0f9cd9596dd7c2c,d400d7f968199620587f8df27c234ef9342f5dcc2e71154be0f9cd9596dd7c2c,4,4,PASS
1230,"CUSTOM FITNESS ACCESSORY GIFT BOX",BATCH-15,post_excerpt,YES,650dc400437947e7fca839dc0a62777e7a32910e996dcc78d799f51526207f61,e9fc40c2690ab5317cdd83213155f4941f6395de1a0f79714cc1f1ed379bce16,36,41,PASS
1230,"CUSTOM FITNESS ACCESSORY GIFT BOX",BATCH-15,post_content,YES,3e6b42e8624c85a393ddcc93c3e755c07a88d624d51f336756ca9d7ba053485b,7ee2b9d14b28be33177acc89c682762a8897cdff5e8476403ff46908de356e30,1516,976,PASS
1230,"CUSTOM FITNESS ACCESSORY GIFT BOX",BATCH-15,rank_math_title,YES,5296aaf92d465bdeb1efb785757d412217a117e42f9b022cf18cf0add10f5c34,9d9c639079359461275caed4e8d00af21cd61a524ba9b10fc3397909c25b8a6f,9,7,PASS
1230,"CUSTOM FITNESS ACCESSORY GIFT BOX",BATCH-15,rank_math_description,YES,67bd8adace239d5ce8e0a79b85d13ab365f35ca256ee83f51c16c0e5647a34fb,501c5262af4eeb8b41fcc50bfc4d8673bd58cd8f9ae4768452d261d3c3ba9ce3,22,21,PASS
1230,"CUSTOM FITNESS ACCESSORY GIFT BOX",BATCH-15,rank_math_focus_keyword,NO,2b3e87024830defcdafb7a0bfda750dcf38d91ef3145a8381ebb45c009ecc0f2,2b3e87024830defcdafb7a0bfda750dcf38d91ef3145a8381ebb45c009ecc0f2,4,4,PASS
1235,"CUSTOM GOLF BALL PACKAGING BOX",BATCH-15,post_excerpt,YES,5a0dcc0fc1b90f71885ca62a73558c9b3211616742b5c7ef8175a3fc5be42b7c,1f006e6c41b036656fcd241aa9317fec888ca901009d4e98cfc4c3e23c60cac4,37,40,PASS
1235,"CUSTOM GOLF BALL PACKAGING BOX",BATCH-15,post_content,YES,5ba8bb8cf07cb6f740d39381459f2e30d31c756134c08951f72ce95ed2b0fd1f,2ace3008ca451d336b713711074306ea76093ee09ae68feb98b915b102922d9e,1526,1059,PASS
1235,"CUSTOM GOLF BALL PACKAGING BOX",BATCH-15,rank_math_title,YES,24986ce2313fa6ee51048b7ce60db27b6c4bf64d0413b0264576fb0652682a10,38af95706699fd7351fc34c0cdace797e2cbe65597ee122c8a276d480559e125,9,9,PASS
1235,"CUSTOM GOLF BALL PACKAGING BOX",BATCH-15,rank_math_description,YES,40b163453e220ab12271c9223592a45a03d82171b262c6867b09661c7e69cef5,4d678161b9ccc95e92d42878cdccfcd9eb3c3b51cdaeedfc8cee81dcdeb65c8a,22,22,PASS
1235,"CUSTOM GOLF BALL PACKAGING BOX",BATCH-15,rank_math_focus_keyword,NO,66ef2f5a9a27f4cdd51ea618c4a5de051de35f461664d561af2d6d5e037a6588,66ef2f5a9a27f4cdd51ea618c4a5de051de35f461664d561af2d6d5e037a6588,4,4,PASS
1240,"CUSTOM RESISTANCE BAND PACKAGING BOX",BATCH-15,post_excerpt,YES,9cc5b3c46a2da610032260e04d54e6f0ed525248b1003a0c097469dffddc18c5,0103d4fcdb5b8c361e81cc35373900d4fb90785f4804731c06c55bc4a6def38a,38,47,PASS
1240,"CUSTOM RESISTANCE BAND PACKAGING BOX",BATCH-15,post_content,YES,e1210eff71cfcf4ee7e556d1e9351fee10dbb8466962af2a28ac9a1edd8dc3ed,03358d5f004e6654c3e2e7569445dc304e86f13d801215dcb49b383fad100099,1514,977,PASS
1240,"CUSTOM RESISTANCE BAND PACKAGING BOX",BATCH-15,rank_math_title,YES,5e547151eaf4aed0e4022aea82481da3b14415745d2eb6aabcc499d87f055e4c,3bc4a32d4441076e1c5486da62cda91cf8312136177cb410201f01f7768c5569,9,7,PASS
1240,"CUSTOM RESISTANCE BAND PACKAGING BOX",BATCH-15,rank_math_description,YES,9fbbac372a5b2aa5fbd258e97341333d6fea4440eb7f118c396dfea06149decc,0e82819cfacc147970bd2a3940288aa989b1e873bf01b3f214eefa872a3cd802,22,22,PASS
1240,"CUSTOM RESISTANCE BAND PACKAGING BOX",BATCH-15,rank_math_focus_keyword,NO,085642fc99f520c028632cfd7f978617a4af15bed0e7522f330d58384c5241ba,085642fc99f520c028632cfd7f978617a4af15bed0e7522f330d58384c5241ba,4,4,PASS
1245,"CUSTOM YOGA MAT PACKAGING BOX",BATCH-15,post_excerpt,YES,d4e52ecc95870058d5159192e3cffda75357704c930884945334d0a714e0c20b,69ba6698a979ebbd72bbbd7c13381bf4090a74906d00462e652197428b6d519c,37,40,PASS
1245,"CUSTOM YOGA MAT PACKAGING BOX",BATCH-15,post_content,YES,4a71e521f9bbd888717fd1b260ae50eefb8017f44ee39bca32c9fbe6bf4a7de5,283035d6379c7825505fbb58cef3b693087c60a5d99cd10901e50abd0366b8b0,1526,1074,PASS
1245,"CUSTOM YOGA MAT PACKAGING BOX",BATCH-15,rank_math_title,YES,7753522d1fe6d70e9d01d8cbe383dfe7eab1ebb3f9e4e57b33c3db5d02fbbf29,9684bf79da3de9e5cb2ab05ac6f1e8eafb22cf102956c1b43134e0b2d0f02466,9,9,PASS
1245,"CUSTOM YOGA MAT PACKAGING BOX",BATCH-15,rank_math_description,YES,2115677c63ef2a34c8076346055b6d7478b393bb97a2129ac879ffbadd33060f,38e6fa5a4817a07d08d02f9a53e1ebacacba1934e6c840c01a79b54c78f6091a,23,22,PASS
1245,"CUSTOM YOGA MAT PACKAGING BOX",BATCH-15,rank_math_focus_keyword,NO,3ed82a30e0858af6c12a7ca005ffc4c3902123372c3cb22ce4cb2ee0a466194c,3ed82a30e0858af6c12a7ca005ffc4c3902123372c3cb22ce4cb2ee0a466194c,4,4,PASS
1276,"CUSTOM BRACELET PACKAGING BOX WITH PILLOW INSERT",BATCH-13,post_excerpt,YES,7a0a28bd2f06655b0cc5bcfd6e70ee515d8361ea70a4d36c91341b016643c889,c6033e0c71f88291cb7f4e963f07029f0d20324064f52acf0699d2804b0e9e27,45,47,PASS
1276,"CUSTOM BRACELET PACKAGING BOX WITH PILLOW INSERT",BATCH-13,post_content,YES,c9d75162ac488215a08696bc666fb8461a2f748d3e2f1b3a55400be589b3dd44,f5056ee9b9e5ab9f25bd5c98d1cc7c45942fd1f449bca9426ca46d22f30238eb,1577,1018,PASS
1276,"CUSTOM BRACELET PACKAGING BOX WITH PILLOW INSERT",BATCH-13,rank_math_title,YES,0931fcd89e9369587f67b642610a71109835b9417fb7ee16de05347b7d37e220,c666ed8ab6538b91b8fed2f89a2e0a9f73b3155c58cbcef508ee64c3c3fdb654,11,8,PASS
1276,"CUSTOM BRACELET PACKAGING BOX WITH PILLOW INSERT",BATCH-13,rank_math_description,YES,7dd228ab1f0100c3768ed158b2a7c1722c8d57d0b55a9d46c2a4a77082c88f90,8000d42844c971532b1192207b65bd87378674ac097cc3ce86658ee9249426af,22,23,PASS
1276,"CUSTOM BRACELET PACKAGING BOX WITH PILLOW INSERT",BATCH-13,rank_math_focus_keyword,NO,3687a65a7c9cf5a0a1c538fd6e2282f5e08999fbf493e97b8537790d43e1b97a,3687a65a7c9cf5a0a1c538fd6e2282f5e08999fbf493e97b8537790d43e1b97a,3,3,PASS
1281,"CUSTOM EARRING BOX WITH FOAM INSERT",BATCH-13,post_excerpt,YES,9d532f8647f884dbb64026cbe027d79d7137f1a466eecfd553b5a6648cc5ef14,b85379c53d1f6307fb50fb96bfaa6fea72520c466d7b14256e2ed9b301dfb626,44,47,PASS
1281,"CUSTOM EARRING BOX WITH FOAM INSERT",BATCH-13,post_content,YES,9e4e2331eda5ccad0c8d651b6ab19f825eb94ef1b5c0161af0396b181b783086,f8fe67d1282e2f3817c0c08f4246feda6e08733f0f261a18987c31176a04ca31,1568,991,PASS
1281,"CUSTOM EARRING BOX WITH FOAM INSERT",BATCH-13,rank_math_title,YES,ed5adb860d50774dd0fa9740c19b4981f9336602f518545d77c5c80e0016dba1,4cd5413ee29887e73f06f439b4943d2190504f9b68e8c7b2259ed6a55cc568ac,10,9,PASS
1281,"CUSTOM EARRING BOX WITH FOAM INSERT",BATCH-13,rank_math_description,YES,6f55d3ef54281b54068772cffb5db07a3ccf669fe07e92393a9116ad9a351e7a,1dea6605b69bafca8a1d14767f5e7c70b1825340e4a5b0d21e89b7449df4061e,21,22,PASS
1281,"CUSTOM EARRING BOX WITH FOAM INSERT",BATCH-13,rank_math_focus_keyword,NO,1ded70e4617e9ba4a9f65e6d12d5bb3f819d035fd602be472e55105afae5c7cf,1ded70e4617e9ba4a9f65e6d12d5bb3f819d035fd602be472e55105afae5c7cf,5,5,PASS
1286,"CUSTOM NECKLACE PAPER BOX WITH LOGO",BATCH-13,post_excerpt,YES,7d269fd564fe01bdae846a8233368778e9556258aaf4dfad29150cd119215898,2f686528b3429b941e9b692fa1a47a207528651ae810e4c862bd4c6b7be8f8fd,44,41,PASS
1286,"CUSTOM NECKLACE PAPER BOX WITH LOGO",BATCH-13,post_content,YES,1d58a3de78bc872467f0f71c270a4d1ca2bac99a81d6b178eab2eebd48e6edf1,3e60775ffb7f120a6357f845156b00f03f8dc589ad308ed32fe142bb9da62eb4,1570,967,PASS
1286,"CUSTOM NECKLACE PAPER BOX WITH LOGO",BATCH-13,rank_math_title,YES,c0cf6a1265ccbe529367b57ee129ed20088b01e8e9b20ee0a23facca1c5d3e01,46e4d6eeffedc92c7ccd4f73798654910762e2a172dc2a34d45060c8130109b7,10,9,PASS
1286,"CUSTOM NECKLACE PAPER BOX WITH LOGO",BATCH-13,rank_math_description,YES,9d4a3c890c9007de52ecdef0b966f22a98109b9e2d765c0aaa831fbfe5e033f3,251c1e06b25b8289585ce1b7c4405ad3f64a4a282601f1420353d02583169eb3,21,22,PASS
1286,"CUSTOM NECKLACE PAPER BOX WITH LOGO",BATCH-13,rank_math_focus_keyword,NO,3d7d2e3cb2ebd603293a04fd0493481ced368a91b57a0157665d993d2a88d372,3d7d2e3cb2ebd603293a04fd0493481ced368a91b57a0157665d993d2a88d372,3,3,PASS
1291,"CUSTOM RING BOX WITH VELVET INSERT",BATCH-13,post_excerpt,YES,9e7ec07866761c62c3f413e319e72192e93749b6670b5156b2d7cebbb0559029,e9645a2f4c11598289d364659711ecfeb1a94faa241f56c7e6eb1ddcd5529faf,44,46,PASS
1291,"CUSTOM RING BOX WITH VELVET INSERT",BATCH-13,post_content,YES,cc910dc214b57bac02672c45d41acdf44c1ccebc7e7eb06fc0be6048b129be51,91c6c6b65078a19fe6e3fb530d1102336e4c4fd9a0dcac07270c38ba76d08ac3,1593,954,PASS
1291,"CUSTOM RING BOX WITH VELVET INSERT",BATCH-13,rank_math_title,YES,1d813e87a4bec985f23b6a6dbcc132e111758066e0e103a28b932636103fb27d,8604750ae83c95d9c1efbde1f7e579c1649474b7b947ebc2b039feb1432163c4,10,9,PASS
1291,"CUSTOM RING BOX WITH VELVET INSERT",BATCH-13,rank_math_description,YES,17496f446c8b720e6870fbc81b576acd3f0da956f8049adfac3fc8c700604bbe,7962998465fe2fe1b65691e0c26a6a52ada97230539afd9fd9030303ee3c2924,21,22,PASS
1291,"CUSTOM RING BOX WITH VELVET INSERT",BATCH-13,rank_math_focus_keyword,NO,0a37eefc39fe4e4dff20fa4cd8d967ec8a26febb2116d2bd447712b5e66fb142,0a37eefc39fe4e4dff20fa4cd8d967ec8a26febb2116d2bd447712b5e66fb142,5,5,PASS
1412,"CUSTOM SERUM PACKAGING BOX",BATCH-03,post_excerpt,YES,aec3ba43d5e286f41bcc07f8c92ada5733a1d567a5ab7fc823c97f976d6f86db,3faad240ab1ebc324e037467324722e76e7b9362cd88a1943bfa6e8e31868868,80,43,PASS
1412,"CUSTOM SERUM PACKAGING BOX",BATCH-03,post_content,YES,3f9bbc9569b2eb7c2b69230e67ca0adab514e8d523103a9e89e5c80daa009a94,0e20441ff98396e4c86c1c94bed012c7745084b06e7d3c116ce5194473266009,1785,931,PASS
1412,"CUSTOM SERUM PACKAGING BOX",BATCH-03,rank_math_title,YES,92733269c33d7691b927d1144f9ed2451c9514a0c2365f5d363cc05131ee6149,acce44f82fad2b11c27baf03940d20b3c82a880ace5d40f7c48d3863bc29b592,8,8,PASS
1412,"CUSTOM SERUM PACKAGING BOX",BATCH-03,rank_math_description,YES,2aecf9cf810d20e1cebad4e4adc616196222d40684d20803af9ab127a9bb036f,48493be665f688d672c79a1bc66df970e1f783e9373cd4ba008e48cf4d80ca45,18,21,PASS
1412,"CUSTOM SERUM PACKAGING BOX",BATCH-03,rank_math_focus_keyword,NO,6e50e50e9253ef495d35b264cd0fda3b545532c921dc9aceaa38a6f4950388eb,6e50e50e9253ef495d35b264cd0fda3b545532c921dc9aceaa38a6f4950388eb,3,3,PASS
1413,"CUSTOM CREAM JAR PACKAGING BOX",BATCH-02,post_excerpt,YES,c19d00048b0fd8cf575c7bf765e2e617d8911b49cca21042a4ed38f1f44e9cb3,2b7c7510e267c4218a49f9925527fcd4e036c8b9c556ce017526dbf1ad7615cb,82,46,PASS
1413,"CUSTOM CREAM JAR PACKAGING BOX",BATCH-02,post_content,YES,89a7472f96a6d12b44cea0a737f4e6f8d5558d63c99413d401514a5304ec9a6b,15beef2b625b68a4b072183ec2ad56f8854be52dc70251d36b6711c88c5f824e,1791,995,PASS
1413,"CUSTOM CREAM JAR PACKAGING BOX",BATCH-02,rank_math_title,YES,3b6ad7d2d5c1b337ac7c16ff48de1be577110ccdda0b5ddba21d8e55a70d3138,728c16ff0118ba07488e40b1ced64c0c079c535a6e68ff353bd0234866d1ed30,9,8,PASS
1413,"CUSTOM CREAM JAR PACKAGING BOX",BATCH-02,rank_math_description,YES,c790789a6c995331feaa72463719a0ca2d7f025248a81c1e98c56610b18e630d,56a08366a68ddba27c82de5063ad2461ff4d0e2c575beecc227e69081137c286,19,24,PASS
1413,"CUSTOM CREAM JAR PACKAGING BOX",BATCH-02,rank_math_focus_keyword,NO,1dba15d0ede3e713abc559450470dffadd41e8a120efafdd70e9c5d725671271,1dba15d0ede3e713abc559450470dffadd41e8a120efafdd70e9c5d725671271,4,4,PASS
1414,"CUSTOM LOTION BOTTLE PACKAGING BOX",BATCH-02,post_excerpt,YES,5bb9f0bf82594d79425662110cd8cb80194da435cb7a0f30578d0fd6bc9b5c28,1b7a9c3533971968c171fa2a4bff9db4dd9e4d0725a6d989f890bc80b6ba7cf7,81,43,PASS
1414,"CUSTOM LOTION BOTTLE PACKAGING BOX",BATCH-02,post_content,YES,c5bd1bd2cd071d6176b66fdea6922f646cd967848542ef347184cc4f868061c5,b31ffb0e0557541c0ad2de1c932fbbf7d91d78fc80ba3d53769a18ab9562fee5,1778,981,PASS
1414,"CUSTOM LOTION BOTTLE PACKAGING BOX",BATCH-02,rank_math_title,YES,801e8cd350b9ba9e080ed4be488a28e8bb03e86f08f83b3d5383c99cd914a55a,0bb1cf7e8a90e576a360a00a79120d2da3ba41c50fa7877fed952efda1368a0d,9,8,PASS
1414,"CUSTOM LOTION BOTTLE PACKAGING BOX",BATCH-02,rank_math_description,YES,3945e35a27f8c110a9c3a27fe223837cfb9cf5d8a6f914cdffe59e39d8b0f6dc,3f6ce30550d74c1191b4378ff3517b7ee9fa461b46daa3d6b20035982d259c43,19,23,PASS
1414,"CUSTOM LOTION BOTTLE PACKAGING BOX",BATCH-02,rank_math_focus_keyword,NO,0fe04a97fb83dd3e7c3a5fa6becb2c80119b39665e976546d6addd9c7ddd3551,0fe04a97fb83dd3e7c3a5fa6becb2c80119b39665e976546d6addd9c7ddd3551,4,4,PASS
1415,"CUSTOM FACIAL MASK PACKAGING BOX",BATCH-02,post_excerpt,YES,ea8ef3e1308813a8d0aa162764caf4cb9b33d58825fe88446cb847a1214e6221,0eda2c86d8f90692c159fcfb7deebbc7062f1d8cbb9535f8b57df43a27ce6b2a,85,41,PASS
1415,"CUSTOM FACIAL MASK PACKAGING BOX",BATCH-02,post_content,YES,56f3030398dd24756248afe4ae7a2d70ac4d6ff056ff9dd85345401e69566657,1d6cc942d726516b4bab5663676e4b7df31a3387631ab4c1328f4d3371c759b0,1780,1066,PASS
1415,"CUSTOM FACIAL MASK PACKAGING BOX",BATCH-02,rank_math_title,YES,fa66159976be268b15dcf8f6f6cdb86887cca33846352813cf2c8c325d9f9007,5729ebd88cc96a465692418330a1e8072db68e6db2b69b5ffab5b787d45bb4e5,9,8,PASS
1415,"CUSTOM FACIAL MASK PACKAGING BOX",BATCH-02,rank_math_description,YES,6b5bdb6b700a7035353bbc71a1734e8b5d2a1a8bbb6fede452cd3908bfb30ed1,6e739173a4a1788423367ac9614892055bd858cde917910f3cd186b983e01904,19,25,PASS
1415,"CUSTOM FACIAL MASK PACKAGING BOX",BATCH-02,rank_math_focus_keyword,NO,de249fe096cef21b90d3ec36b0e452a958373ef3ba199a86720fe45cb908f5d1,de249fe096cef21b90d3ec36b0e452a958373ef3ba199a86720fe45cb908f5d1,4,4,PASS
1416,"CUSTOM SUNSCREEN PACKAGING BOX",BATCH-03,post_excerpt,YES,ede801526b9bd856dd6836922973586bc37a8fc53bf6e41e04d7b90c0b1b904e,d2226ded9b7af176391adc834d3951f11838c6a2993624bcdc19ed17e5090910,85,48,PASS
1416,"CUSTOM SUNSCREEN PACKAGING BOX",BATCH-03,post_content,YES,ba5bec257b05ab77c8198fda3d7bc01aeaed5cc74601532e3074485868d05665,1c025e78b2820bf2b09744ec732f7a0b7ee3b89cc582ff600cae0aac06f08bd4,1766,945,PASS
1416,"CUSTOM SUNSCREEN PACKAGING BOX",BATCH-03,rank_math_title,YES,281f9e2a7598350981feefa387cf2beb626a6b24a9da035139b7e396b4f736b2,379c9ddae1a78f1d4d22e0af6c5e58661a91321896f7bafdcb72dd789607970e,8,7,PASS
1416,"CUSTOM SUNSCREEN PACKAGING BOX",BATCH-03,rank_math_description,YES,b121dbd5c51bfb65d39fffa63dfa95e8be5ba228ae204c4bec0687fce5d6ad84,e4de54d59254e4ce36d992c96d9a1621085197c6b11f885ea84300c38f211fb3,18,22,PASS
1416,"CUSTOM SUNSCREEN PACKAGING BOX",BATCH-03,rank_math_focus_keyword,NO,c216a3d769795808d7dc79ceafba4fac166d0313a77ceb739bb052c2ff97031e,c216a3d769795808d7dc79ceafba4fac166d0313a77ceb739bb052c2ff97031e,3,3,PASS
1417,"CUSTOM TONER PACKAGING BOX",BATCH-03,post_excerpt,YES,ef13b6bff61f6584faad072a5125ea05d8cf9ebb7d5040160d736ba4c9787a21,8ef768bcad065c509b2c415b3192eca7914a94078d0758802384768fd9ff03e4,81,41,PASS
1417,"CUSTOM TONER PACKAGING BOX",BATCH-03,post_content,YES,921032210f7f52c9c8b37f76592d8f3aeb7d7f4d69ca1a5fa6ea4240738905f5,0f952f6de88deb64790d73f6b7e421536e4dc0889a75dda59971029a9894c75f,1752,911,PASS
1417,"CUSTOM TONER PACKAGING BOX",BATCH-03,rank_math_title,YES,56b0b102670b8c099a08f35321d912b90c720cfe34ab7eceb7f7b2a4a3955230,a6a60b2c0e4e102b9f27a71ae77411570ba2f7a1ed0fbd9a4eca10a92860e5eb,8,8,PASS
1417,"CUSTOM TONER PACKAGING BOX",BATCH-03,rank_math_description,YES,a14198adb145f0aa8d591c477fa611f9664bbc5c82363cc94e4de4f5782cc86c,c76e7c1bfa80bf6f5c654d69bce18c326a9ae3171a3217556b5c75f66635834a,18,22,PASS
1417,"CUSTOM TONER PACKAGING BOX",BATCH-03,rank_math_focus_keyword,NO,b29c034be9344067a43baffb9f9582ec569e51a42ddb43945c1b514a59c57c71,b29c034be9344067a43baffb9f9582ec569e51a42ddb43945c1b514a59c57c71,3,3,PASS
1418,"CUSTOM CLEANSER PACKAGING BOX",BATCH-02,post_excerpt,YES,92fc7f1c822a0e96899523c74e7750bf6bd7e14f2c2610b8064a6e92f02f6b73,6f06d414db39766777552bf07d9cf868caa63308df7032985d5abcfb5f440a1f,85,41,PASS
1418,"CUSTOM CLEANSER PACKAGING BOX",BATCH-02,post_content,YES,581bc0636c27e02aaa0a980c45b07ec60634567ce77005acb859209d71c6f4cb,7699a41cb9d1ca45d3493d988764e3137c48e137ea9c0c976b4022e6eee7b931,1761,959,PASS
1418,"CUSTOM CLEANSER PACKAGING BOX",BATCH-02,rank_math_title,YES,ed83420d1b937a364c570ad2fd1895a47e689793d9cd4b4a296ee6c00ad5305f,432ca6073edd8e6f927517d07617ec05ea4ab84a2cb94c4a77dd9836cde3b7d8,8,8,PASS
1418,"CUSTOM CLEANSER PACKAGING BOX",BATCH-02,rank_math_description,YES,6f93d69c49897a7c159467957308f34fe2fc7f1b081571535b1f7ccfec0b06a9,035459323222b5d2578d038040373b759a55fa425125a881aa3c25bdff85a4ee,18,22,PASS
1418,"CUSTOM CLEANSER PACKAGING BOX",BATCH-02,rank_math_focus_keyword,NO,e86d12b2c3a7e606d168f60f898b99702dfb3170f37c06344601b4fdc8b2e473,e86d12b2c3a7e606d168f60f898b99702dfb3170f37c06344601b4fdc8b2e473,3,3,PASS
1419,"CUSTOM EYE CREAM PACKAGING BOX",BATCH-02,post_excerpt,YES,5b3487468596c69b33b58f8841edea052c42278f02af17821ede58556e1bf2de,e0b9c6db087b86530dc27a26c22977b2d1693f599c78e567909d249f2548bca7,85,46,PASS
1419,"CUSTOM EYE CREAM PACKAGING BOX",BATCH-02,post_content,YES,ba68380555f0f3952e6ed5fb7e23ad1cc33a421a8aa55ae37ea8453c419a0a41,affd1df69a930b4e21c7d2396d5bd32aaba2576b6836008775e9bb11b4723d5f,1775,978,PASS
1419,"CUSTOM EYE CREAM PACKAGING BOX",BATCH-02,rank_math_title,YES,40823939310e0e509555f7b74de750ccfe62d88749e28a9ae73d126ba51a8319,172d55b3f089a135c6529c8ef040e1b86128972bbbad2a2ce9d60620756a2ec6,9,8,PASS
1419,"CUSTOM EYE CREAM PACKAGING BOX",BATCH-02,rank_math_description,YES,715d81cb06ddd19999004b0aaa85df8cef640ebf111d44c436a6c29d7a171e42,482a15a32e3706a27a43377df85060a6356b55a7b9723aec5dda6211c045e57e,19,24,PASS
1419,"CUSTOM EYE CREAM PACKAGING BOX",BATCH-02,rank_math_focus_keyword,NO,95ef25677bd00fbf63420f70a736c3b50b27cb90b213d7f3dd63062864cbcc6e,95ef25677bd00fbf63420f70a736c3b50b27cb90b213d7f3dd63062864cbcc6e,4,4,PASS
1420,"CUSTOM SKINCARE SET PACKAGING BOX",BATCH-03,post_excerpt,YES,3ff402983cd96d6eea6aff4b9e4bccd86f236587370e1d58a3b47e36c39f0764,0c230da50b5963cab4e3257a70cf0635b6f47167f78f63eb27390fec159d7c63,86,47,PASS
1420,"CUSTOM SKINCARE SET PACKAGING BOX",BATCH-03,post_content,YES,49e69aac4dcf82ed53d3936de35df863a912cb7ecf44054828ea0b1506c9e13b,83e9820ab535337f6e509db34994d8c02c2ab02bcb13526eddf9823deaa0a36a,1784,1128,PASS
1420,"CUSTOM SKINCARE SET PACKAGING BOX",BATCH-03,rank_math_title,YES,ebdd03d347b90b61a8f523adb4b6e4b1288d3fa69e071675367e03ecba271b55,d1a0c570d2931bb748dfe5ae4215b2fb31bfa32adfeb3eb3718f2b8930d581a4,9,8,PASS
1420,"CUSTOM SKINCARE SET PACKAGING BOX",BATCH-03,rank_math_description,YES,daad9a27e5d14674737103cca776c602ca62d7a7c9d19e17f720dd30b0bedadd,a1be6deebc9ce83eb16b30dcd53bb14154069b7e2b362ccf406319e56f7921fc,19,24,PASS
1420,"CUSTOM SKINCARE SET PACKAGING BOX",BATCH-03,rank_math_focus_keyword,NO,2878ea65a8af8fa72ee1cdb43f1b4031d137a1b342e720d1a2dc66c747878dab,2878ea65a8af8fa72ee1cdb43f1b4031d137a1b342e720d1a2dc66c747878dab,4,4,PASS
1421,"CUSTOM LIP BALM PACKAGING BOX",BATCH-02,post_excerpt,YES,7d241495f71f63c7fbdd1b853adffdba8b7c44abc11bf842a8e3b4078a347165,581bc585672039c4d3ab510c3a52ae13468c3abcdf169e738ab02ded4ca40f9d,87,46,PASS
1421,"CUSTOM LIP BALM PACKAGING BOX",BATCH-02,post_content,YES,4f23b1951a6d5792eb998a26f7f7d6432d819f23bbbc6c509e95362a76f24ecf,5c2da6a13433f92c44cf0154bc6d32ed5ab7425e757b7a2156175682af361732,1792,1118,PASS
1421,"CUSTOM LIP BALM PACKAGING BOX",BATCH-02,rank_math_title,YES,d3489c1fad5eb5b34e0e741a6b0ee76deda4e5cf34e721f3118bb684ca56e6c5,c28eeb7f9492d65a924e284a67f6b521980406500426ed78671a1f3fb1e39921,9,10,PASS
1421,"CUSTOM LIP BALM PACKAGING BOX",BATCH-02,rank_math_description,YES,4d0de81d4e60eb21f0c1235bf518a5293806c616cc9e965be4cba8e82d4751ae,8331a75b8cc06cd461bb0b4fc57fbe424cda3f84a95ccafa230acae9624c74cf,19,26,PASS
1421,"CUSTOM LIP BALM PACKAGING BOX",BATCH-02,rank_math_focus_keyword,NO,0603a5969f90c1eec633143cc4f91ee4f3189ea9df23f41268a978816360cabe,0603a5969f90c1eec633143cc4f91ee4f3189ea9df23f41268a978816360cabe,4,4,PASS
1473,"Custom Perfume Magnetic Closure Box",BATCH-04,post_excerpt,YES,9db14662d17b5c675b596e24e331f7bdd90e2fe31874b943ccb55d9d3887eff2,f7b633fb30862b27c22575a6437c4972a019d2a19f1c4c036e1437904b663f77,126,40,PASS
1473,"Custom Perfume Magnetic Closure Box",BATCH-04,post_content,YES,cfece52ad1b3f21f248423723a4e2bb67d4ec44bceca101d551b462d21a9ce71,36c1fa9e3d987e3bd01990b5ce3ebc6eea5ece86a6a9e0e07208b22f7e59d454,1791,1002,PASS
1473,"Custom Perfume Magnetic Closure Box",BATCH-04,rank_math_title,YES,90ea7c0e258b97f0a60999e3732e1a326b190c9102dc7f81cd1f4f4864cb4031,5ada3639d3fb96f58f4d543343c2ae37852508d81a644233fb5f74c40a5e11cc,9,8,PASS
1473,"Custom Perfume Magnetic Closure Box",BATCH-04,rank_math_description,YES,c10bf76e562b81c7cae2f06591b8361f343a6ed54591d21bc7cace346a4e92e2,150856ea208ac8a965149f1c86e4eea1551cefa3c41f05c3c04fc6ae3a4e53af,20,23,PASS
1473,"Custom Perfume Magnetic Closure Box",BATCH-04,rank_math_focus_keyword,NO,05e353322b9b0edd448ca9e3f942c42cec43d9fd4145240c7ec4a0a90d1f5fa2,05e353322b9b0edd448ca9e3f942c42cec43d9fd4145240c7ec4a0a90d1f5fa2,4,4,PASS
1474,"Custom Skincare Magnetic Closure Box",BATCH-04,post_excerpt,YES,1464c3460e4d28bdee165d8583ebc569a0c3c49fd8b1713da7938a87f4b10f1a,8d80d39aaf6e4943fa2189343bae6dd6dd0bb66449ce910fe19a5e49c176ca78,127,46,PASS
1474,"Custom Skincare Magnetic Closure Box",BATCH-04,post_content,YES,b35e0dc6044973e5aca6da03657db9e21d8ed0e787412df0e540e60d4932243f,e97174e16ae57aae3d18b68a1230b682c01cc6c2de8b9a0825529c9309649c2f,1777,1098,PASS
1474,"Custom Skincare Magnetic Closure Box",BATCH-04,rank_math_title,YES,9e3de05fff56afd0ae86aae366e7535550010c42fd8f9d0b34aabe04ef8f78f1,ab22cc1bdd8bd02fca9395b9b92457a3443cfa1798d3ccf63056461c612ae519,9,8,PASS
1474,"Custom Skincare Magnetic Closure Box",BATCH-04,rank_math_description,YES,b1596c7125e5e1f5f5cad40bf621fa9eee2bde7e8ebd4a1dd465084d9b7e2362,f4d420cdda87e42d82a3d23f575ed0e01c5ea4340425b52e875b3e8a8b4bc3d4,20,24,PASS
1474,"Custom Skincare Magnetic Closure Box",BATCH-04,rank_math_focus_keyword,NO,31a57a3cdfa25ab7262c45aa71d5cf9188a9d8f9d4c14cf42812778b14ee44d5,31a57a3cdfa25ab7262c45aa71d5cf9188a9d8f9d4c14cf42812778b14ee44d5,4,4,PASS
1475,"Custom Jewelry Magnetic Closure Box",BATCH-04,post_excerpt,YES,60e5af8a909059b73c539083233ae63d54e828b43d584fbb71b2a7611859c0c1,e1fbd2eabc250582f8aeceb13bf88c4a0e07780ccc6e843d97e9a3f7ea764d42,125,41,PASS
1475,"Custom Jewelry Magnetic Closure Box",BATCH-04,post_content,YES,6dd8c197fd167ece1d3d1cf1f67ca015462797a5b4e8b9365e69fa26db7f6249,a82cff5cacd2324f326ebd2bff3de4f5e771f2d1cb5e071eea38e1442a904578,1778,963,PASS
1475,"Custom Jewelry Magnetic Closure Box",BATCH-04,rank_math_title,YES,e71b1e7df1b68530498cc1685e167730e045f64e3527a9f36119a9b7626ab5bf,d62cb61b0ad0255ce8552f4cb9745b78190720684754ebe069775e98bd5afc56,9,8,PASS
1475,"Custom Jewelry Magnetic Closure Box",BATCH-04,rank_math_description,YES,6377973db8534298ec0d252f40da3536eda83b9b369965a258956b2f4948d466,af8df608447c61659d3f9627bb3e0eaf68d8e21b82383e6ba16321ad1de8c8db,20,21,PASS
1475,"Custom Jewelry Magnetic Closure Box",BATCH-04,rank_math_focus_keyword,NO,795f3bf31c2f7e982844718137590cc96ea1f552a05a6280a64edb70beb13cdb,795f3bf31c2f7e982844718137590cc96ea1f552a05a6280a64edb70beb13cdb,4,4,PASS
1476,"Custom Watch Magnetic Presentation Box",BATCH-04,post_excerpt,YES,3cb646dc1d09acd060e9a164452583812233d5f98e46178559d04652fe6f908d,4ce0c2970b243a0d37e2b90139c5186fff196bf4530c61544f1b70454c92a8cc,129,42,PASS
1476,"Custom Watch Magnetic Presentation Box",BATCH-04,post_content,YES,9d46ddd359cac0eea0055cc7f16f11872bec60057bc67d416107dd955fb7a6c9,488a7433db67868397eb1b495f979afde1139cec99c38a727de19289f4fa418c,1795,1066,PASS
1476,"Custom Watch Magnetic Presentation Box",BATCH-04,rank_math_title,YES,75b9807d5f82c942fc3a85d5c0fc95f2eff45abc4d05d5c63c573f8048e8d9a6,a6a85d7e65fce216d2922fc4c6d034c797c86b6fe5a9e22a82fffe918b2ecf37,9,8,PASS
1476,"Custom Watch Magnetic Presentation Box",BATCH-04,rank_math_description,YES,b2828cfea1958dd48fb34c4b7c903a4fc4681482ea891a6141b0ae7766d20d8d,6ca259607d9b49770fa2dc1d2029bad9e7a78efda607739afdf4f4b1b6f1ecde,20,21,PASS
1476,"Custom Watch Magnetic Presentation Box",BATCH-04,rank_math_focus_keyword,NO,8e47f0c4beef5cb85153184863f53b56dd68a3e1fc7a5e07919c290f6920a664,8e47f0c4beef5cb85153184863f53b56dd68a3e1fc7a5e07919c290f6920a664,4,4,PASS
1477,"Custom Electronics Magnetic Closure Box",BATCH-04,post_excerpt,YES,5f2f156d7bf32b611c4c428bc2bd39aa067066f9efa1a197192dacb36535d4c5,28d5ff9c7ef9c497e922f11f788a8437281ecd5ccc1e903c99a974142e47c0f8,128,45,PASS
1477,"Custom Electronics Magnetic Closure Box",BATCH-04,post_content,YES,64d148e0b46b6ae412e60b483fe33a907405300b763d53fc7a22bb20a41fc836,2ff26c733c452b5f11126f67ef54435d933a98e995ff74bb0c5e78ff103b0706,1774,971,PASS
1477,"Custom Electronics Magnetic Closure Box",BATCH-04,rank_math_title,YES,25e8cb0cfefcdf33066fe96dc09bf438546af51ec0e006e72ec1b5596579bf3a,c647c419110547952c679cd48f49773a385ca885e8f0cbc7b127e60e6f1b358c,9,6,PASS
1477,"Custom Electronics Magnetic Closure Box",BATCH-04,rank_math_description,YES,d0ea44d5859c2ad24cbd69da88e5784ab08165c573a15bce182b1fcb4e941ec2,df7a7a1d5c1f777390a8485e5d369a819a29cb7110bd14e35122227e365b729b,20,21,PASS
1477,"Custom Electronics Magnetic Closure Box",BATCH-04,rank_math_focus_keyword,NO,eb36814a5c4b7a55455cdbb73f2a1dca93147cef9f6c004e3bd28dd49c38aa86,eb36814a5c4b7a55455cdbb73f2a1dca93147cef9f6c004e3bd28dd49c38aa86,4,4,PASS
1478,"Custom Candle Magnetic Gift Box",BATCH-04,post_excerpt,YES,22b741f5a7bf0a33c52a7dd049657805ba0e73abba3422d787d119db7437ec31,a034ab0c1e66cd9ec995eaa6174d005eaed434acfc72b3f83d21d560a71d2175,130,44,PASS
1478,"Custom Candle Magnetic Gift Box",BATCH-04,post_content,YES,0d27c3be15cd87438f8d6b646154cf0de2241ceb22dad85bae0469dacd74d72a,89088e7981d0c14f64f97d35ebcf49dd0e311516028ddf928fddc0494a832371,1795,1015,PASS
1478,"Custom Candle Magnetic Gift Box",BATCH-04,rank_math_title,YES,4acc8d8df39418e6f69a6beb20ccca56cbba905a2942b2fd8884a48e3570044f,6fde9674f1521e2ab1e2010908e805749c0252526d2bc6f47103e35d7e056905,9,9,PASS
1478,"Custom Candle Magnetic Gift Box",BATCH-04,rank_math_description,YES,52c96b8017d0eafe26ae3acd870a0ac2926749aa8fc17311ddf230cde9f680d7,b1cd9faa022ecea9a2eac15ca86f73ce0222b90be9c73dbd52b52f46fbd373ac,20,25,PASS
1478,"Custom Candle Magnetic Gift Box",BATCH-04,rank_math_focus_keyword,NO,a8ce6004c3c78f3fee4a278ac64abf7b6e27c42a7d349dd56387359893df639b,a8ce6004c3c78f3fee4a278ac64abf7b6e27c42a7d349dd56387359893df639b,4,4,PASS
1479,"Custom Chocolate Magnetic Closure Box",BATCH-04,post_excerpt,YES,200f5f039936bc2025a3d97a1de2be16a51257a97b3f09450626acbdacf27cd0,17b4073130287d3a1c92357815af4ddfd61e63eab39af48a264ebe6d3b0117ec,128,42,PASS
1479,"Custom Chocolate Magnetic Closure Box",BATCH-04,post_content,YES,ed1a015874d1aeb148b4e3222a9dd2cbd54155b56717aa0f1b8614a0d430a421,8cbdde3d29278cbde56c7a8548f89ad1a7a24b17afee44763adebfc56ad68aa0,1780,1022,PASS
1479,"Custom Chocolate Magnetic Closure Box",BATCH-04,rank_math_title,YES,270f7febe827c63fa507182effc5cdd6fa89de8fce9c269b495ae50003c70e64,2209a0f6f7d4b1d5d9f93f9d5de17abb2aebdc31ad8aa6d18046f03e0f9cdb65,9,8,PASS
1479,"Custom Chocolate Magnetic Closure Box",BATCH-04,rank_math_description,YES,8c2f2edd6212ab0b3a74594d704f5d3d6889e831453505ca23109c955db0a07a,b8bcb5637a88eef84942b22e5c77ea098ec3c0bcc03469ba3eb03c1a8aeec9bf,20,21,PASS
1479,"Custom Chocolate Magnetic Closure Box",BATCH-04,rank_math_focus_keyword,NO,37d976db2084ffa7822cbe40a35f200e2649ab10ad96561cb6701e2c7633eee2,37d976db2084ffa7822cbe40a35f200e2649ab10ad96561cb6701e2c7633eee2,4,4,PASS
1480,"Custom Apparel Magnetic Gift Box",BATCH-04,post_excerpt,YES,18ba568ea19d6dfd4264bd9f7450ef4da0090a19f3cc6ad7972cd76977065f4d,e08977f0699be45cbd7fc7c5cded4e7435b58ebc637a9ac3fa40fa426dabc923,130,40,PASS
1480,"Custom Apparel Magnetic Gift Box",BATCH-04,post_content,YES,8f7361fbd84ff8ef6d72d722e85bd856499ce0b989f10527438af7ba0f97b227,951b4182df391bb27806667c4bece72a5d548f31504ccac85411c5fe14371df6,1808,1104,PASS
1480,"Custom Apparel Magnetic Gift Box",BATCH-04,rank_math_title,YES,9dd93c3cf05a9a4ca3b8d2d99da3236022622d3c7b790e11d1fdf86293fbab4f,35de3b4e811f4f113284e3e8be47599bcea341eaad3362567e0d9e6dea13063f,9,8,PASS
1480,"Custom Apparel Magnetic Gift Box",BATCH-04,rank_math_description,YES,8057d9813dfbca8a6f2ea72480f036510ce4fe5542b12e07fa4ebefd2e08bf14,ab48da13c90e4fd183c8e74ebb6c203739e69f6cad96b3527f8d36eede322b44,20,23,PASS
1480,"Custom Apparel Magnetic Gift Box",BATCH-04,rank_math_focus_keyword,NO,4a4cd199c9aa9365dbf8fd31e89b712b10e62a2236badb6bab68ee39d6477993,4a4cd199c9aa9365dbf8fd31e89b712b10e62a2236badb6bab68ee39d6477993,4,4,PASS
1481,"Custom Corporate PR Kit Magnetic Box",BATCH-04,post_excerpt,YES,4b8ed28af78ca1fe073217eb8c32280397281b7bcd7b878f0546ec0ec66dbf20,7d5229bd7d269eb91afde79f20385125be9482b75789938ceec73cc10ce46851,132,48,PASS
1481,"Custom Corporate PR Kit Magnetic Box",BATCH-04,post_content,YES,b15b6a167c853dcdbbc57ac0d8e517d6059603c6fd001562a511219dcd82b1b3,0d0e7fdf2a03404963d545095d67fcf7664793fe0564d85d74fee6f61d95f653,1813,1040,PASS
1481,"Custom Corporate PR Kit Magnetic Box",BATCH-04,rank_math_title,YES,f51d3f886672f40d70310f5d5c98085ddb9e7e58eb992f5b0a5d5e9bc0978603,99b32ae2bc0514acc3db172993b8c194a70d2da0781536692c6ba685e71fb510,10,8,PASS
1481,"Custom Corporate PR Kit Magnetic Box",BATCH-04,rank_math_description,YES,931a04a7a05998e833ca5a58ab7a2555579bc0a4126d6ad602b45d999d2c5477,5380e9386ba6100cfc4188c9d48c6f3b1e376e541fb8e072d48cb1700c3e462c,21,23,PASS
1481,"Custom Corporate PR Kit Magnetic Box",BATCH-04,rank_math_focus_keyword,YES,760a8141a80964e48b67639dec22847d1247b0b784ed0cdd4b0cead29965f740,7d62d38b731cab8319de976328d2625d491b9891322de0c4178ee18c292c28a0,5,5,PASS
1482,"Custom Wine Magnetic Gift Box",BATCH-04,post_excerpt,YES,e88615deddc224031d14dc35582626a08285befe061c0c0dcc4a0c63c8dabcd5,6e73ba705c8d6d9e684d9acc10c58a624a8a9156625532298545eeb0d9eea891,132,43,PASS
1482,"Custom Wine Magnetic Gift Box",BATCH-04,post_content,YES,019331c48d25a4c2a9409da58a2994bc1cedba16d14968ebb3fa892a0307b323,33aa81e464032b0624de8ab93d37ffadc75c47e98044750abb60e435f07bc7c5,1800,1000,PASS
1482,"Custom Wine Magnetic Gift Box",BATCH-04,rank_math_title,YES,6d97aaf937ff7800f53e80eaf66f74d6a6f5ac4390a6ff17d61ccc256d3dca3f,066d2b4a6f8ccd72977f65b7a9e3661af9eafdd32549fd641b4cf3431293699a,9,9,PASS
1482,"Custom Wine Magnetic Gift Box",BATCH-04,rank_math_description,YES,e91be4b851d4450aff0cb814c31e22b04bc8a0e7f72619d31f600723b769c90b,540f052e85e5b825a9e9270815cbd90a3b6bf87c5b760526577d4f67baf8bf09,20,24,PASS
1482,"Custom Wine Magnetic Gift Box",BATCH-04,rank_math_focus_keyword,NO,88116806737cb88a423201763c65f5543b0caa9e081724008decdb855d8e4d72,88116806737cb88a423201763c65f5543b0caa9e081724008decdb855d8e4d72,4,4,PASS
5557,"CUSTOM PERFUME AND LOTION GIFT SET BOX",BATCH-02,post_excerpt,YES,17daecfb2018c5124cd0b91c9f3a82f5ee95fe9210c45227a5e98f47ee3f3e2c,8c6ad3c1beaf733bc9a9b43f92ede2ea7005b9f0986295f93d75de885140a095,136,49,PASS
5557,"CUSTOM PERFUME AND LOTION GIFT SET BOX",BATCH-02,post_content,YES,1960226babd25d32cedcf72d24f13779451391c11f033e35ed5653d825348bc0,9d54d527bf575b2119472694f3f2eefbd001d36a160455ab62adc9d3e34e0448,1992,1022,PASS
5557,"CUSTOM PERFUME AND LOTION GIFT SET BOX",BATCH-02,rank_math_title,YES,41866af5d6f135f4e5f246993f00d848fe64c9b702ab4bcccf49e6fa8d95f055,18685e767e3348fba4673ca3015faf6a72d9d7d7fc6826052b198945d78e63db,11,10,PASS
5557,"CUSTOM PERFUME AND LOTION GIFT SET BOX",BATCH-02,rank_math_description,YES,074fbbf7867fa6ca8cce5b88328dddab72645d1648aa366a1c2560a5296b09c1,55b5d504ef3c507deb1b6f8c94e8c48a4e07952ed1736f96d443d05999121c55,23,25,PASS
5557,"CUSTOM PERFUME AND LOTION GIFT SET BOX",BATCH-02,rank_math_focus_keyword,NO,876a079cde3d413327fb038b0faaf0ea573321c0f6f8f372b851b4e34b08b2ac,876a079cde3d413327fb038b0faaf0ea573321c0f6f8f372b851b4e34b08b2ac,6,6,PASS
5581,"CUSTOM PERFUME BOX WITH PAPER INSERT",BATCH-08,post_excerpt,YES,471fd0685fe460bace9067a4f7155fa1ced75d18524123ffd1b4c7744f17492e,7332a05c9aa75903b38249922e651d84fd489e23a53ec2ef57575d9718ebf89a,125,42,PASS
5581,"CUSTOM PERFUME BOX WITH PAPER INSERT",BATCH-08,post_content,YES,cf3c0a0aed2723644fce87de940cdb16f91d0b25c0572b8d73fb356a8b004ef8,acf00d56b05a4e01b4b29b61b9d3eb352bc05560941b5dce59ad246ce6611a3c,1953,1011,PASS
5581,"CUSTOM PERFUME BOX WITH PAPER INSERT",BATCH-08,rank_math_title,YES,28a39a49d985ed83a8df95ba3a2e0a1c43066204c965498291f50dde8b360947,fd3c1e7afbcf91aa059f0823b3a427f362a2eba71d09c4809b5738fb9a43d3bb,10,9,PASS
5581,"CUSTOM PERFUME BOX WITH PAPER INSERT",BATCH-08,rank_math_description,YES,09142d0e43f69a11eb54f4bcaf6ef5b17d5351143f05144ff878f01fadd93701,9bbed355ab6fd973254093d54a58e002263ab7b4e8bb6819f07864e62d21f6e6,22,22,PASS
5581,"CUSTOM PERFUME BOX WITH PAPER INSERT",BATCH-08,rank_math_focus_keyword,NO,51e84f0b3f775831d71c2607c57a4b076edc913626717a146d7de707597b442a,51e84f0b3f775831d71c2607c57a4b076edc913626717a146d7de707597b442a,5,5,PASS
5609,"CUSTOM PERFUME DRAWER BOX WITH INSERT",BATCH-08,post_excerpt,YES,f306bf603dc80761413b3a7560b67b01b84bb39d307ebb3bb1991fea9078bafb,68bfcb02e45e10e104a446b0119675056308cb6785fd00f2d24c732b7feeaa8c,127,42,PASS
5609,"CUSTOM PERFUME DRAWER BOX WITH INSERT",BATCH-08,post_content,YES,02f3bff2967a7e1e0201d95618d7561369844eb2d7caa8b576949c24aeef82aa,ac3c897ba487593391ddc76c310b67fb2a41de8b2cae16ab348f3baa923838f0,1945,1030,PASS
5609,"CUSTOM PERFUME DRAWER BOX WITH INSERT",BATCH-08,rank_math_title,YES,7b7cf936c0893eebf5e8368913f18ade3e015966a37bf107246b7d59a228eca4,f04284c33eeb6b2ee0ac1d05e5e8011f17489dd4a28ffac8c180efe49154178a,10,9,PASS
5609,"CUSTOM PERFUME DRAWER BOX WITH INSERT",BATCH-08,rank_math_description,YES,5c50823d4fe139cd8449052950b56fe71cef7c0a60be474181484fe2f906963c,f6f7d9cbe16d80db385e93871ae3e7f778865e0b09a4bffdd87ea65367fa6d43,22,23,PASS
5609,"CUSTOM PERFUME DRAWER BOX WITH INSERT",BATCH-08,rank_math_focus_keyword,NO,c65f514b7f54b002a78bec0f22c9d8783ecafc087c29c600524856f8148cd406,c65f514b7f54b002a78bec0f22c9d8783ecafc087c29c600524856f8148cd406,5,5,PASS
5635,"CUSTOM PERFUME SAMPLE SET BOX",BATCH-08,post_excerpt,YES,c11ce3b1b94bb6abb9692cd0aeebe998ef27dcaa4635f435fb3f0ccce63a5aa0,1920c15fe95d6a83ab6b341c9812d7020b64b88ab73c280ec3c37be00c7fddf8,125,42,PASS
5635,"CUSTOM PERFUME SAMPLE SET BOX",BATCH-08,post_content,YES,182188fe7129af8c7a4447ccc23642fca99a533c305fd3b4b2d93900574ff39d,59b678da4ac6b15e9c14bacc54c3826c97de4936af01544cc57d7aa58c3dc475,1949,1099,PASS
5635,"CUSTOM PERFUME SAMPLE SET BOX",BATCH-08,rank_math_title,YES,4af3f3aecb1c46074420ec34af838aac3bbda4e07a6343fa6fc0a45c70855cfb,7b06daf5e7a6b0d2b6b28283dd7186ae4e14880745f28857991a23d7548fc77e,9,9,PASS
5635,"CUSTOM PERFUME SAMPLE SET BOX",BATCH-08,rank_math_description,YES,d07f9fd4140eef5e7493eaa73239f9cbc65527420619be8d1721a8a0f63c2adc,6eea4dd412d9e2ba1b3fc9c212b3e3df4b58cf9d730af606e84df6cef0bc0e0d,21,23,PASS
5635,"CUSTOM PERFUME SAMPLE SET BOX",BATCH-08,rank_math_focus_keyword,NO,46cb22629a612939072fd6fd3e3eca298c8be0608cfacb01fafa2a69be149f08,46cb22629a612939072fd6fd3e3eca298c8be0608cfacb01fafa2a69be149f08,4,4,PASS
5661,"CUSTOM REFILLABLE PERFUME PACKAGING BOX",BATCH-08,post_excerpt,YES,4b4a658e7b92799b72c0c4eedc3cb962a1e761a95132c7c86b920435c8ec2100,4fbf74d8e5e88e37c83c1139af26cc473f7c13825686fda16c5a4645af08d1f2,126,47,PASS
5661,"CUSTOM REFILLABLE PERFUME PACKAGING BOX",BATCH-08,post_content,YES,6918295c0fe75594c214df730b0c4e56fdf275089976a081b7637c17097bd301,82d114cf5f60934cba127e46e1d12a8a026a82fabd9955924c87cedb2f72ba91,1961,948,PASS
5661,"CUSTOM REFILLABLE PERFUME PACKAGING BOX",BATCH-08,rank_math_title,YES,c8a08634d05049db8504bc9e47d378d71f9f865d6816e37607808f3187013df2,a9ae3f29855267bead599bfa5b9ebc12cb5f7312444301fc5afd461bcd4adedc,9,6,PASS
5661,"CUSTOM REFILLABLE PERFUME PACKAGING BOX",BATCH-08,rank_math_description,YES,c7d50e1df2c1f6208456966a3cab7f2ce1be9e616871eff1de1ef6f0995e2e15,4b6d2d1a99c16646b5b8c1716905cc818e55deae31b5f7b470c14c02de8df897,21,20,PASS
5661,"CUSTOM REFILLABLE PERFUME PACKAGING BOX",BATCH-08,rank_math_focus_keyword,NO,e740fac123de241937743ee9fed4b256ee84743ebd8c97ae06d2a90ba475cd1d,e740fac123de241937743ee9fed4b256ee84743ebd8c97ae06d2a90ba475cd1d,4,4,PASS
5685,"CUSTOM FOLDING CARTON PERFUME BOX",BATCH-08,post_excerpt,YES,bd5cdc9dc58d6f91574390d62abdb66aaef75e368e1e91f1535fb3ab2079762c,1d32f1ac149abc3c4eadfa0fbefff0a63185b4b0ce18efa4a408df0e168f4bdd,126,45,PASS
5685,"CUSTOM FOLDING CARTON PERFUME BOX",BATCH-08,post_content,YES,6c89fabdbfcb33173027f9c5acb9c7323e63be92c2a3640d449362e3826e559e,5b138d59feffe606482c1452eb2728a59384d7e0af9d06c3cc1fef214457f927,1942,968,PASS
5685,"CUSTOM FOLDING CARTON PERFUME BOX",BATCH-08,rank_math_title,YES,5e028fc13bfe97ecea8b0a2c82ce95f9cfc8fbd57757174c0aefa679564c161b,02781f4355422fdbf3aa5bc57ed401c1c91967c30625dea7184554be41dbc8a3,9,8,PASS
5685,"CUSTOM FOLDING CARTON PERFUME BOX",BATCH-08,rank_math_description,YES,0e1d7b653c6416c963e7c4601e46d245169e985b8107d0c79b445fa95744deb7,3a507e7fa3f7bdba7e0713839c70b399f9a352e88d03b61bdf358dd40d6d5317,21,24,PASS
5685,"CUSTOM FOLDING CARTON PERFUME BOX",BATCH-08,rank_math_focus_keyword,NO,a89bf66dcc9dfacd1e636901ac96f9af9139bc39dfad2a21e4cb7c8f1235733b,a89bf66dcc9dfacd1e636901ac96f9af9139bc39dfad2a21e4cb7c8f1235733b,4,4,PASS
5709,"CUSTOM LUXURY PERFUME BOX WITH MAGNETIC CLOSURE",BATCH-04,post_excerpt,YES,b7200140bcedc029338e3a045490d8446cbae8fdd47ea68532fe07478bfac424,11f3c6d341b7911323251818b1196ddb1034e08ba8ccd810c16fc4cecf9c12db,125,43,PASS
5709,"CUSTOM LUXURY PERFUME BOX WITH MAGNETIC CLOSURE",BATCH-04,post_content,YES,7bf76d8e105fe13ea3277e2b8856f25fd7cf9a1a42d01790cb64d1ada1d83ec2,046e04e3b82dbdd96d801497ed5795d67130f3482413a321ba7656df8588ed19,1956,996,PASS
5709,"CUSTOM LUXURY PERFUME BOX WITH MAGNETIC CLOSURE",BATCH-04,rank_math_title,YES,7d6e3856d8359d888be0d8caa6ef328de0c5dfbbaec7835e53421970bfb47b61,c4eeebbb38dda798b5e16321366853767c152193dffae4b350daa70985b3632e,11,8,PASS
5709,"CUSTOM LUXURY PERFUME BOX WITH MAGNETIC CLOSURE",BATCH-04,rank_math_description,YES,48e6d33e603dba79ce1bff7f5d4bac48b0d84d8f1f9768c73b2ca6d9e26789a9,679d2d0eea9324bbff03388119837e465366b8dceca13d88ba15554c490a1a80,22,22,PASS
5709,"CUSTOM LUXURY PERFUME BOX WITH MAGNETIC CLOSURE",BATCH-04,rank_math_focus_keyword,NO,7943a0a662d1081f4899e6b2ad7f475276c0f89de69ef8a30401f5eaf7e910c2,7943a0a662d1081f4899e6b2ad7f475276c0f89de69ef8a30401f5eaf7e910c2,6,6,PASS
5735,"CUSTOM MINI PERFUME BOTTLE PACKAGING BOX",BATCH-08,post_excerpt,YES,8ad3f4a6cb2cb5e57934516d78587034095aff834dddf5b9a9a5b19b7aa453fd,422756bb5ef39c1fc28289224b3675bd61fe82c6ab385f3adb6ce0d6fc15b1a3,127,44,PASS
5735,"CUSTOM MINI PERFUME BOTTLE PACKAGING BOX",BATCH-08,post_content,YES,3d00ed40c6b3f37196d42fd51327a934eb9767fe290b0eefc77510a192731a6b,61559d7ed4f80b4a6a6d01cea560de755d0dd1333279e8ef3c792d15962eadf1,1942,990,PASS
5735,"CUSTOM MINI PERFUME BOTTLE PACKAGING BOX",BATCH-08,rank_math_title,YES,ad775fa19c87b30fc5bf018b8330d0b1208d7b713c51075dee2bd7bea9d9aa5b,63d63c9e8cb2f14ba5122a35fd84402ae8b7c2af9d1ff4a4f6dab14af6f59c68,10,7,PASS
5735,"CUSTOM MINI PERFUME BOTTLE PACKAGING BOX",BATCH-08,rank_math_description,YES,077fac8432f4292171491f1ca33c96a97f764fad34a2aa8c7eb98e3baa0c95f2,531d500707a26ad539e39e14c5b934a1918e42138490d28f9c6444d3e69c05fd,22,22,PASS
5735,"CUSTOM MINI PERFUME BOTTLE PACKAGING BOX",BATCH-08,rank_math_focus_keyword,NO,373d8dbd77f5a2a964157e51179603f710ef95ddfa41fa070a4ec23fc40b0210,373d8dbd77f5a2a964157e51179603f710ef95ddfa41fa070a4ec23fc40b0210,5,5,PASS
5757,"CUSTOM PERFUME BOX WITH EVA FOAM INSERT",BATCH-08,post_excerpt,YES,e2fbd56f0716028dcb7bb04ec9f9161ea0fdb5e696d8ccd1623f7008dc7d5b6e,b4ef0974d0e29a02b7472ef3f828460e22a8b543f7e027dec219eba0b8cbae59,132,44,PASS
5757,"CUSTOM PERFUME BOX WITH EVA FOAM INSERT",BATCH-08,post_content,YES,df33a1aa676c2cf6801472539b699e7a4cd66f7bf24355117230fc7ea83651f9,408d2edd0315f7d7979ff6b88695da14a32b5bad68e4000eda610713808cf449,1988,981,PASS
5757,"CUSTOM PERFUME BOX WITH EVA FOAM INSERT",BATCH-08,rank_math_title,YES,46db3ca334d49d029f530bda79ff7a57947afeddc8f9a87a5499cfbf7603a0d6,6d7401c547398b2376101a1dcb73ab1c29630175d11aeb875beaea2b20a9f848,11,10,PASS
5757,"CUSTOM PERFUME BOX WITH EVA FOAM INSERT",BATCH-08,rank_math_description,YES,ae17cde623045adcc88ac272b1138069215e1ed8a1705ea9cbddaac3ba6f1417,aca3dc0efbefbc5b0c399e78d0d2b33e5375d7a19f9536f48715ac19b5205473,23,24,PASS
5757,"CUSTOM PERFUME BOX WITH EVA FOAM INSERT",BATCH-08,rank_math_focus_keyword,YES,493da284d42a613192245243c1a421c3a3f98279341007ecfad362fbb0f2c8d6,ea13d586b84f710044575646ba7f293d098b8f09954d3e681b23376dcfa602f3,6,6,PASS
5779,"CUSTOM PERFUME BOX WITH LID AND BASE",BATCH-08,post_excerpt,YES,6c9435c7b70746045fb6c571920afdef9cc4c5730497270a79ca4ec53064e499,fa62c20d8431640124cf6c74db9bdaf53340f60399c3344b28ccf92caf013d50,128,45,PASS
5779,"CUSTOM PERFUME BOX WITH LID AND BASE",BATCH-08,post_content,YES,81f4104391fcdf886c495f0cb47c425f96d3ed07f189a9c3f306d817f9c12059,ec219f00a824617cfdb72af51aba33be51ac7de4e51a1a4c3d7b2c3c025b96d1,1939,1079,PASS
5779,"CUSTOM PERFUME BOX WITH LID AND BASE",BATCH-08,rank_math_title,YES,7d065668ccc84d0d38f773e586132056a5390313cd334dc092f3075c93b90593,080029e4d48dc60c16e9708f166de5f8a28facf7a69b8b161cb673c0d476ad8d,11,10,PASS
5779,"CUSTOM PERFUME BOX WITH LID AND BASE",BATCH-08,rank_math_description,YES,29abc9b3726bafdd7c05d9feb01e2aed7446aa7181fc4584df84f0854c8150a8,f807bd83b61ff231de4efbf7351f0de14cfe13ec0dcd71bf62daa47bf4a71a83,23,24,PASS
5779,"CUSTOM PERFUME BOX WITH LID AND BASE",BATCH-08,rank_math_focus_keyword,NO,df0645bc58f4c56e9d135ddda8bbc1d6f9f15d7fb3d26dff7dc2e139678f3f80,df0645bc58f4c56e9d135ddda8bbc1d6f9f15d7fb3d26dff7dc2e139678f3f80,6,6,PASS
5803,"CUSTOM CORRUGATED APPAREL MAILER BOX",BATCH-01,post_excerpt,YES,d6ade0f3a814813a81d50e3cbdb6d5b0334bfae62d459b730a250cdcee383e77,c555b710b0259bb4e787dcae8cec6c0b4a19b0d22efb5ac1c1dbbc0579057fc3,124,52,PASS
5803,"CUSTOM CORRUGATED APPAREL MAILER BOX",BATCH-01,post_content,YES,d963163a55163e1386ced5fed636a250951e5e54d715a04b450e29c87e7af995,36a77dc753a05d4f653f589e588456f5ac1373b44e71798ef076b6c0a8f27217,1639,1075,PASS
5803,"CUSTOM CORRUGATED APPAREL MAILER BOX",BATCH-01,rank_math_title,YES,3502ede7341d892d8a04c0ee98a7d2c6b0fa86787d56fdf93f4a3fb1469ea2e1,117eeb2c57d574149c2fb57cced8830e1195ce1bed4c75287e86ef8c6f3298bc,9,8,PASS
5803,"CUSTOM CORRUGATED APPAREL MAILER BOX",BATCH-01,rank_math_description,YES,b2d3afa2fd70efbbdcb6e3dd21b3ca3f068d7e598d5f1668d8fcc31a00b7bc73,bbea3dbc05ef1225c52fcd139fc4e1f040e38d194412dd4fb1ae76d00aad6c88,22,20,PASS
5803,"CUSTOM CORRUGATED APPAREL MAILER BOX",BATCH-01,rank_math_focus_keyword,NO,3c715a2978b3672681d3e5dd83c17f09fda8e9f2ab3c2dc1d1edd92579aaff4b,3c715a2978b3672681d3e5dd83c17f09fda8e9f2ab3c2dc1d1edd92579aaff4b,4,4,PASS
5824,"CUSTOM CORRUGATED BOOK MAILER BOX",BATCH-01,post_excerpt,YES,0362c1df189859ca2957cd5851e01ff4b0dd9becef71d88ddbded6afd067584b,5a953622a0c8b03aef001f9a1431df8d5e37288cf1a4ff3dd1b9b02cb1bafc5d,125,40,PASS
5824,"CUSTOM CORRUGATED BOOK MAILER BOX",BATCH-01,post_content,YES,bc711c3bfff5070d61240f22398fbe36c9a1ffbaaacdf7b6fdc6bdd499b0f1ab,ca9e5e22a758137e5faaa92b9eeb0f41936b87d098068e55d7f038dc735d5e5b,1621,1044,PASS
5824,"CUSTOM CORRUGATED BOOK MAILER BOX",BATCH-01,rank_math_title,YES,4dd1426fd406794e3f86198b3442d9870a88c7641c478ffe150082a5cc24c84b,9a73514dfcfead5de3507b4d48a61202692eda6ed563819d955f02a0a4d59192,9,8,PASS
5824,"CUSTOM CORRUGATED BOOK MAILER BOX",BATCH-01,rank_math_description,YES,d5d02ce75fe23395e17d59f0ec8cd6437f601fc93f32e91c30ca38ce4510ddbb,3d472906b43ea384de8ce155fc11224fd0922b04958c8c806fa2f93a7da44c28,23,20,PASS
5824,"CUSTOM CORRUGATED BOOK MAILER BOX",BATCH-01,rank_math_focus_keyword,NO,414f6feaf346151daa2815e32413d4ea1927105a94eb3bc36e0357b7417e209c,414f6feaf346151daa2815e32413d4ea1927105a94eb3bc36e0357b7417e209c,4,4,PASS
5849,"CUSTOM CORRUGATED BOTTLE SHIPPING BOX WITH DIVIDERS",BATCH-01,post_excerpt,YES,4fa0df4a3bca6b03eb292e59d8f887be5c93ed4db50e5f404cb7dd707b39af69,00421417c57e25d6aa6b1f7617afff40f8df5e7d23501425b63eb86f450d8c67,136,51,PASS
5849,"CUSTOM CORRUGATED BOTTLE SHIPPING BOX WITH DIVIDERS",BATCH-01,post_content,YES,bb074a20f7897a0814dd8e157197bfd81b1d02a98158a26e6081d2a32c7ea607,82f1474919d9df07363931161ec91738158f6d45fbdf132d2e373b8af49d424c,1648,1110,PASS
5849,"CUSTOM CORRUGATED BOTTLE SHIPPING BOX WITH DIVIDERS",BATCH-01,rank_math_title,YES,15a97e3c9822a799e13dbd5a2edf0a667e7ebfd1ca277b8892bc5624726aea7b,5bf505c10a9476fcd2cba2930252c9e1ab3f8d2a59d548f09e859ac211604bf1,11,7,PASS
5849,"CUSTOM CORRUGATED BOTTLE SHIPPING BOX WITH DIVIDERS",BATCH-01,rank_math_description,YES,efce0393588e8806b6106f2fa943a36e4d9a97cc96674df4c3a5d7a1ca6a7d3e,812a91764992e79438df3ca92fbf6c50a2e95ae045d01d92cc7d315607d8c110,21,21,PASS
5849,"CUSTOM CORRUGATED BOTTLE SHIPPING BOX WITH DIVIDERS",BATCH-01,rank_math_focus_keyword,NO,bbc4f02e83c273203ae62d2e2e4eb0b55d3abac5e288f55d13d199b6697bab8f,bbc4f02e83c273203ae62d2e2e4eb0b55d3abac5e288f55d13d199b6697bab8f,6,6,PASS
5873,"CUSTOM CORRUGATED CANDLE SHIPPING BOX",BATCH-01,post_excerpt,YES,f8d059d7f5c65906406d2324392469df4c3bb829f4e60a5edd69c2d8359fffa0,9f2c448f677d1e436cdeec67631ed79aa13d10f8c4de322b8d1c955f2adc3ff2,133,41,PASS
5873,"CUSTOM CORRUGATED CANDLE SHIPPING BOX",BATCH-01,post_content,YES,791315601e264f0da469527ccbe71910531702ee6d6b047c22dea9f4157bb8b6,c41d53f332df343d70a9efdfcc98dc5a351ec105f38a26dd5372ef74a0cd2ccb,1656,1108,PASS
5873,"CUSTOM CORRUGATED CANDLE SHIPPING BOX",BATCH-01,rank_math_title,YES,42a9c86df7fffd9a8d8fa544edfef2ed1d181847310290dfbc2459c49b639c7f,bf01fe1454b49dedb0c86a2ad0a8658590b0c73483e937edb4c2d90ffdb4a552,9,8,PASS
5873,"CUSTOM CORRUGATED CANDLE SHIPPING BOX",BATCH-01,rank_math_description,YES,e06b60c285c0197cd6768bf142e56e071c5221016b84676d00f90cf2a419f040,4d21a0458fabf56978354920aec4dd3807e5aaf6a05f5e9cf181afecae5067a1,22,23,PASS
5873,"CUSTOM CORRUGATED CANDLE SHIPPING BOX",BATCH-01,rank_math_focus_keyword,NO,7ecf6305a2aa538bfc80caa57081d3cda4a53bf9a02fe49584399b733fc3497c,7ecf6305a2aa538bfc80caa57081d3cda4a53bf9a02fe49584399b733fc3497c,4,4,PASS
5897,"CUSTOM CORRUGATED COSMETIC MAILER BOX",BATCH-01,post_excerpt,YES,774e68b15e0fde9222012bc7648707750664bd80912470396da01dc874ec0b31,550f5f47f80fc7dbfd7ae1c04a77e855e9d99211857520b159525065f3ad68ab,126,49,PASS
5897,"CUSTOM CORRUGATED COSMETIC MAILER BOX",BATCH-01,post_content,YES,0fb9384814061a85ab1bad0aad1190a4dc038a7cc1f275663c3c9b686cbc31ce,6ab2ecace7862434cc113bac0072ceab6234e2cce68403de0e7ee4530761137e,1617,1073,PASS
5897,"CUSTOM CORRUGATED COSMETIC MAILER BOX",BATCH-01,rank_math_title,YES,799c538005a4577c292efb2c52da356c52bc36c72e0a9fa5efda9f831961766c,b43e1855474d12a3c4b6a9b8831434bf91b4c206811ead6b87235aad2a219db2,9,8,PASS
5897,"CUSTOM CORRUGATED COSMETIC MAILER BOX",BATCH-01,rank_math_description,YES,b99ad887f8cd4c730595509089d07c528e2e34dcd4d57d2a641bc8fcbd1506b4,286987c7d6be3407a29ce88c393f816c57709482eaf592b77b8ff9d7cc1182f5,22,22,PASS
5897,"CUSTOM CORRUGATED COSMETIC MAILER BOX",BATCH-01,rank_math_focus_keyword,NO,69f6423556f83076695be6cff5ab932d11be15f2363c2fa96f5bb8079518d618,69f6423556f83076695be6cff5ab932d11be15f2363c2fa96f5bb8079518d618,4,4,PASS
5924,"CUSTOM CORRUGATED ELECTRONICS MAILER BOX",BATCH-01,post_excerpt,YES,2cd60e402396c2de819ed63dfda3eec39f307ba098e34746ed5de2650f6de44f,6e08fc5f9461e33f3bf51f181fc695942a40e1d16794b68955df3e3d0f3fb539,130,46,PASS
5924,"CUSTOM CORRUGATED ELECTRONICS MAILER BOX",BATCH-01,post_content,YES,1eb4d6526e0607632de110638b2e908d9ef45b35b5f448c0bc07475d63776caa,d9e7bf7a49cfd0c2d6a4c8aa63dd615e43c579d3a6cae3a20adf975c8a83b5fe,1623,1085,PASS
5924,"CUSTOM CORRUGATED ELECTRONICS MAILER BOX",BATCH-01,rank_math_title,YES,e2e32911f8a424459020e18bde18d0c0751a9248c09392d1032eb96f2b5eea57,d1cbe9fb224a300dd4d52dba7b368556eb1e1d48512f7cafef6ad6e3958d5af3,9,6,PASS
5924,"CUSTOM CORRUGATED ELECTRONICS MAILER BOX",BATCH-01,rank_math_description,YES,e059c5d9d81cc01094f556200916985a716dba5372ce0019f1aa037fdd10db4f,f8a770a3024553b8ea74c10735f12b2b61b3b67b82a45a619b3407ca3e361629,21,21,PASS
5924,"CUSTOM CORRUGATED ELECTRONICS MAILER BOX",BATCH-01,rank_math_focus_keyword,NO,ed0b67ed096fd47df518e48fcb246473576a7c2d92b11b7d21bf2edba03ab3ff,ed0b67ed096fd47df518e48fcb246473576a7c2d92b11b7d21bf2edba03ab3ff,4,4,PASS
5952,"CUSTOM CORRUGATED FOOD DELIVERY BOX",BATCH-01,post_excerpt,YES,a0699dbdc75c951e58779d9f4dbec097e54e8397653c0861a47e58b66202286b,b2573478d4c75004eb1255440487c11bdb315d86804e95efb9290dccdc42863f,135,40,PASS
5952,"CUSTOM CORRUGATED FOOD DELIVERY BOX",BATCH-01,post_content,YES,861b78035384e671f4d72ab96a6c5ab686d5b1a54f732f1dabcde50e586d66d3,6b53b8969d164f470336db0326773b9458ba4857b86afc3967679e623439edeb,1670,1096,PASS
5952,"CUSTOM CORRUGATED FOOD DELIVERY BOX",BATCH-01,rank_math_title,YES,8dc3f5c3f6e739181733733c2807b66cf4aa89a164474860768ad98dd95426da,1bce3e46471f6a5c98d2f77b45bc9f6d60a9ab21c357a8ee884e540e21a1f3a7,9,9,PASS
5952,"CUSTOM CORRUGATED FOOD DELIVERY BOX",BATCH-01,rank_math_description,YES,6542c3cfde3a58bc6b985468daee75da962e01519d9f8ee0f74c864158875578,68caf0aef803922327cd8b2dd7e0650d586f11bce7323ec9f12126a63e7c214a,22,24,PASS
5952,"CUSTOM CORRUGATED FOOD DELIVERY BOX",BATCH-01,rank_math_focus_keyword,NO,e803d2f9150c3ea9fd03eae9aeceecbc9ad10ce658fb2fee31800b152933a94b,e803d2f9150c3ea9fd03eae9aeceecbc9ad10ce658fb2fee31800b152933a94b,4,4,PASS
5972,"CUSTOM CORRUGATED GIFT SET MAILER BOX",BATCH-01,post_excerpt,YES,a46650baed859a877b8ed3e7975bb3feec7e0dbe74fcab4761a43a6deaf3be5a,29cb07fef41c6642a86e2456c80bf9f9d7ab4d4231da649e8f328974533748c3,137,43,PASS
5972,"CUSTOM CORRUGATED GIFT SET MAILER BOX",BATCH-01,post_content,YES,0c68949e48b1e3ae081af4b9b538e6638742cd92b973d87323b6d70130f562e8,6efaeea97d1e1c70b0f8ca72e380d15475d496e4c9d7cecd66d0290bc107262f,1656,1096,PASS
5972,"CUSTOM CORRUGATED GIFT SET MAILER BOX",BATCH-01,rank_math_title,YES,db65b13b3d9325dbee632cc9fe68435617babf2e6a8357647f0c77d565d3cf94,9a2be008355b16acb90cf313d49cfe1cd768eb8d16b9691e414adc8525170567,10,7,PASS
5972,"CUSTOM CORRUGATED GIFT SET MAILER BOX",BATCH-01,rank_math_description,YES,61c568a46f1cd091342b598182b5f038f4490477584cab39402e2118131f5888,bd776f52609f7220594a897b1803ef05d1ca7ae58c67f243ed9e2f31d383b0d9,23,21,PASS
5972,"CUSTOM CORRUGATED GIFT SET MAILER BOX",BATCH-01,rank_math_focus_keyword,NO,2edf28802de96dc34b476e8dfe75acbc5c39c44bb9dd2d6dd75647b1a2b313fd,2edf28802de96dc34b476e8dfe75acbc5c39c44bb9dd2d6dd75647b1a2b313fd,5,5,PASS
6000,"CUSTOM CORRUGATED SHOE MAILER BOX",BATCH-01,post_excerpt,YES,cef412b23fec539c6f88fedce858459f3ae7d43ee55d7aba6e1580df6b122d9f,c00a62a561442ec16a62207782849922acd5934876229dc18ac201ef9aea4755,126,52,PASS
6000,"CUSTOM CORRUGATED SHOE MAILER BOX",BATCH-01,post_content,YES,145ac17c6a315c382273cc7f1fb9b97a1240028fb4f51a95dc2d9ea7b3382489,9ae6005d7d58c21bbdee1adbf58eabdac859fd64096ed6713d1772dd3d4de480,1634,1054,PASS
6000,"CUSTOM CORRUGATED SHOE MAILER BOX",BATCH-01,rank_math_title,YES,cb0f2c05556de34aa1aae71128ca320ed39d7f23e30ea728a29cd16358afd7da,a824c7abf00f75dc11eb295dbc68a3c917daef3963928231333e20bd389d634f,9,8,PASS
6000,"CUSTOM CORRUGATED SHOE MAILER BOX",BATCH-01,rank_math_description,YES,2c84f0caa7fe6239827a514a601a26b8d63c47c6178679dc647571c09714c9f0,eac2e6bdcf7b431d4accfaba440ddb0a73d9ed51022d6bb6eed77ef490d51cb3,23,23,PASS
6000,"CUSTOM CORRUGATED SHOE MAILER BOX",BATCH-01,rank_math_focus_keyword,NO,1f77b188002af92a695757d64133114d28a8beb70e4acd19f3d9aa4da45e99c6,1f77b188002af92a695757d64133114d28a8beb70e4acd19f3d9aa4da45e99c6,4,4,PASS
6024,"CUSTOM CORRUGATED SUBSCRIPTION BOX",BATCH-01,post_excerpt,YES,be0e945083559d696791a622cdfea58470133a17c684909ab0127fa0ba7733b7,6a323a90c1eefe8d5bd7fe6780b37c1e5e614f7a0d32e5204497ff0b87f26d77,134,46,PASS
6024,"CUSTOM CORRUGATED SUBSCRIPTION BOX",BATCH-01,post_content,YES,f7d925796eb8430f21dddd69b6e8414f9ec46f89dfdcc55363c69c8154c97493,13a57cb0c082d417aa52fce893b687618a609d6e8715d954d6c12af4db31f95b,1640,1063,PASS
6024,"CUSTOM CORRUGATED SUBSCRIPTION BOX",BATCH-01,rank_math_title,YES,547b682265d94759828676925db93bfafe2ffe08100d2652c1955d5aebfa17b6,5a9a7f3c3115e7d78ac6eb159f00e7e51bb4bcf304b390552cb3af7a04e74bdb,8,6,PASS
6024,"CUSTOM CORRUGATED SUBSCRIPTION BOX",BATCH-01,rank_math_description,YES,d91ddf185583bc715385f9a9a2dce2f0d04199bd46e9dc28b9fb3e9def265f92,dc332a3436a32a7ffc1b8d50ee302e3139de513c62e09867c7cd8f30c1afc03d,21,20,PASS
6024,"CUSTOM CORRUGATED SUBSCRIPTION BOX",BATCH-01,rank_math_focus_keyword,NO,c9a3d4666155d3efca5d8ec840f3d5239f53d8bcf8d67a2dc98bce014955f9aa,c9a3d4666155d3efca5d8ec840f3d5239f53d8bcf8d67a2dc98bce014955f9aa,3,3,PASS
7081,"BOARD GAME PACKAGING BOX",BATCH-05,post_excerpt,YES,ef35f6ba959b5ac9683166c891007a95c034bbb815de8c4aa4acf46fbf1dca02,96d5f89b542ce2066ccaa0ca12fb7c3182214c23c5005359c020408a4dff47e7,134,44,PASS
7081,"BOARD GAME PACKAGING BOX",BATCH-05,post_content,YES,a2272932872258093acb47bbe86e772993b24f16eba6b46501593d99dcf0f65e,9b0e38e7990e18031054f26c46703e2f569bd5e187e8814394913a2e8455d8f2,1585,1054,PASS
7081,"BOARD GAME PACKAGING BOX",BATCH-05,rank_math_title,YES,05d1c833d55eb7991144391cc6c4d9bec7ee6907a18b20a596cd2b44c5061c2f,67e6696e798fb59b7524816302e6301f920b1618a8c95cbf1a4e18122b2a34e7,8,8,PASS
7081,"BOARD GAME PACKAGING BOX",BATCH-05,rank_math_description,YES,d04a3ae1c8c3273380f985551b9336d6bac5347fa322bf4dc50ef7ba0b5ab736,9e18fa1bd3aeedcc155936306c33a039b26d7adc4ca84978fb90d5865c1b0a2a,18,19,PASS
7081,"BOARD GAME PACKAGING BOX",BATCH-05,rank_math_focus_keyword,NO,f8673132277376e60b74e1c234d37f7c2090c8a63e0cfe4aa9f54075f00c234e,f8673132277376e60b74e1c234d37f7c2090c8a63e0cfe4aa9f54075f00c234e,4,4,PASS
7082,"CARD GAME PACKAGING BOX",BATCH-05,post_excerpt,YES,23c05b117b0bb0b18c7fff12c23383fcc7779035d5eed0076cfccf0ca7865a55,99a68956eb07a2464faa84075811c1e365a941de128a996a20fac7019b6298cd,134,40,PASS
7082,"CARD GAME PACKAGING BOX",BATCH-05,post_content,YES,7ab9a9c950e2e6cf8999fe3cac4eef837f2492aec9141d9152d97b3d66800266,692b64fb0e57c64a7c26546474a1d5dfa480dee263ce1350b7e5197355f0aeb2,1575,906,PASS
7082,"CARD GAME PACKAGING BOX",BATCH-05,rank_math_title,YES,9213b0e5a5081379fdc4c6e3f1f978ef4c3f7633435b738889a79d57bde2e51b,9d6350927a03e02bfc5b831d47723c2bea81ff9c0cba8c32a9c74b4f8e2a10dc,8,8,PASS
7082,"CARD GAME PACKAGING BOX",BATCH-05,rank_math_description,YES,70d10c0d3dd71e4feddc002e0e3af186edb9210db4651bc737a9181336fea3fe,392244dc26ccfb969e1ae110baeeb647f1681c94e6e8a60867bff4e817151142,18,20,PASS
7082,"CARD GAME PACKAGING BOX",BATCH-05,rank_math_focus_keyword,NO,bde237d7ea3a0b84de8c65f7107da10212777d585c26fee492d8ad5419650bb3,bde237d7ea3a0b84de8c65f7107da10212777d585c26fee492d8ad5419650bb3,4,4,PASS
7083,"CHILDRENS CRAFT KIT PACKAGING BOX",BATCH-05,post_excerpt,YES,2e17a022ff01d0720d046729f1e2c5ef7f442dfb438b5d4daeb092fba0225cee,55693fe5bcafa3f473bca2451e8db199dc543e04b4ce775d0b8346693b57bc80,139,45,PASS
7083,"CHILDRENS CRAFT KIT PACKAGING BOX",BATCH-05,post_content,YES,b6a87fde0bb5c977beabbd3ad1da0725f7ed76d938c98c9da00abc01c9dacb2d,e43973010bf8f9c04f4d35a9d9285eacb2a07b1ce5977a912172d50169f23329,1584,1127,PASS
7083,"CHILDRENS CRAFT KIT PACKAGING BOX",BATCH-05,rank_math_title,YES,ae255474f534389e4d7e77580cc2cbab40026930118e337cdf477997c86392d0,e7c24e0ae8822ed9124be3dae677e425ba57bf1a6dc3d83e8cbd17c26e24016e,9,9,PASS
7083,"CHILDRENS CRAFT KIT PACKAGING BOX",BATCH-05,rank_math_description,YES,10ad5f499413a38fb8c0b742e5fd2851ea824395eb77a0927463e102bab7ce3e,74de826067f315dc10c5d83337f27e2ab6ab79caf74039c28fd535253932a08f,19,20,PASS
7083,"CHILDRENS CRAFT KIT PACKAGING BOX",BATCH-05,rank_math_focus_keyword,YES,3d85320da05f4d08857e15245007668161731d86b787398818d1f3d0274036bd,11d35715f30a7eec38048abb4c4793a54cb46b9057d7d44902a9bb5b4367e243,5,6,PASS
7084,"COLLECTIBLE FIGURE PACKAGING BOX",BATCH-05,post_excerpt,YES,c231ece32e3b83c4416389641ec99ae567b3b76291b5a8898e8236725903f743,30061225784030fcc3073c955bb90f3d20f054c8b94d6938167bc26e4ec49761,131,44,PASS
7084,"COLLECTIBLE FIGURE PACKAGING BOX",BATCH-05,post_content,YES,cd0805ea3284af56203cdbc555145a53beedee9bf90515b737689d953ed1a744,03fe76428ca9fa113b7d661903dc043054492c46752872302ed34d3c5ff586ad,1563,859,PASS
7084,"COLLECTIBLE FIGURE PACKAGING BOX",BATCH-05,rank_math_title,YES,b309d0e78dbdc0bcbd5c94c2310eaa70336ca613415ee00d5939fcb8579c47c5,f52965437dc6f65a9e3118e1a0df3371f725b1851c439734c93f0017e0af8706,8,8,PASS
7084,"COLLECTIBLE FIGURE PACKAGING BOX",BATCH-05,rank_math_description,YES,c4b0538bef44d9ff20bee40560b6282f0c26cec2333898d63d717b6157c47711,2a4a08d6ca801f368d94c899c2b318392ef14e3282ca888c1895ad6bdc1b2df8,18,18,PASS
7084,"COLLECTIBLE FIGURE PACKAGING BOX",BATCH-05,rank_math_focus_keyword,NO,f59736749c9a4817e17d0c33f48bb1b6fc0280a0299d4404721c8cb99cd0e6f8,f59736749c9a4817e17d0c33f48bb1b6fc0280a0299d4404721c8cb99cd0e6f8,4,4,PASS
7085,"CUSTOM TOY PACKAGING BOX",BATCH-05,post_excerpt,YES,3c35cc9913be6ed243ad8d4af1eb5d8b0090afa481b8a7891b45e67d9949e6c0,a8149c1ef1bb9f8cf967193453e90460669a10d39e2b009a9c54e50ded41f0cc,139,44,PASS
7085,"CUSTOM TOY PACKAGING BOX",BATCH-05,post_content,YES,c92c86372d11224054567f495469707f1eb0cfc0de35d788d57ff6a60ac8b285,0a7e6f786bf90e2d21d422af167192f858046df6c656b6ccab138d1ab82563fb,1576,1026,PASS
7085,"CUSTOM TOY PACKAGING BOX",BATCH-05,rank_math_title,YES,de01197fc6990a3dda3e90dab05be5cee6f1fe977d9242d8efbb94c0037491c2,8c497949687b9507a144b304048fd33d09d5cebf1f05613560ecf18ca8ad57ac,8,8,PASS
7085,"CUSTOM TOY PACKAGING BOX",BATCH-05,rank_math_description,YES,9e13bc6d652395dc3dded49fcf3bda8b2fb7cf8995ab8587d185b8c1cf04fddb,a2428262d3e3e23f74d5d32479168c402fc3d8a65eb4c624fa52a9d26e51b3dd,18,20,PASS
7085,"CUSTOM TOY PACKAGING BOX",BATCH-05,rank_math_focus_keyword,NO,c47505148933960a90f1d8f52401b0688216cbe7164a6247a4a2924e80a60322,c47505148933960a90f1d8f52401b0688216cbe7164a6247a4a2924e80a60322,4,4,PASS
7086,"EDUCATIONAL TOY PACKAGING BOX",BATCH-05,post_excerpt,YES,f55779c6fcf1d0c61721f115ff3456b0f0e89e232965af39036cec68519e663b,d9c8fe13da334b0c176e1322b53ac5717ad7f016665e946e3299b92b4e2bcd56,134,44,PASS
7086,"EDUCATIONAL TOY PACKAGING BOX",BATCH-05,post_content,YES,05be07954038bc147d0ccb0bb6843b4b4bd553fed8ff23ebdf9b2597573b4abf,4741624ba9a6c3fac852890027c5bab0dc13a137d9175d88d9e98ca4d25e5e6b,1567,949,PASS
7086,"EDUCATIONAL TOY PACKAGING BOX",BATCH-05,rank_math_title,YES,fb90c11f508f52e33e7517024c13c25a446c33fbeefb5694f9eac821111ce36e,fec8b74edfa7c478dbb81732866741712d4b70d01cfb93a958c314a5fda72915,8,8,PASS
7086,"EDUCATIONAL TOY PACKAGING BOX",BATCH-05,rank_math_description,YES,2c8540119a336e8b9d037d29bcdda0822361a3fc0196461f1a137100bd117283,1c0dae31c8bd0e866cd4a86dcc38f9fb61a8a127c8073dfb34ac998c2cf312ac,18,18,PASS
7086,"EDUCATIONAL TOY PACKAGING BOX",BATCH-05,rank_math_focus_keyword,NO,3cec43161f7159a30b00f0e5c46bdd2b869217e6095a95211b6cfe88ee4e5308,3cec43161f7159a30b00f0e5c46bdd2b869217e6095a95211b6cfe88ee4e5308,4,4,PASS
7087,"PUZZLE PACKAGING BOX",BATCH-05,post_excerpt,YES,9cc7bdef0fca679787afb452001e6690507a5d63093eb87c081c8e6ce7992629,32fcd1e9439813c17763ec6f9cbe8c586e82ada98df82a7945444b57d4259cbb,137,43,PASS
7087,"PUZZLE PACKAGING BOX",BATCH-05,post_content,YES,a6b5c2f7a9c583458661f4a810398345658f0a979300c855553f7c886bfa05d3,2b4d9b9778a20040630a7106ddd379ad3e94ec625d9995a2c92f8c4b84284fb4,1575,1003,PASS
7087,"PUZZLE PACKAGING BOX",BATCH-05,rank_math_title,YES,8c4c86628b43195ebafab018a5960d468d45ce1645c00d441e4cd5ee33961482,e829595c981229cab16682d5523830ebbc4a8f8a6a1cb91e704bd72c9aa1bd3b,7,8,PASS
7087,"PUZZLE PACKAGING BOX",BATCH-05,rank_math_description,YES,f92e8d5406a68f2fea8ff6bc2fcd1cfbc3025c52091b386c4a58c6fb8aeb201a,7968dcbfbb593e1bbc87f601f20e8a1b878fcc7d2b03d1266bd3747f9996b5d1,17,21,PASS
7087,"PUZZLE PACKAGING BOX",BATCH-05,rank_math_focus_keyword,NO,97b2bb7387fa679cfb5bae320b41f94ae629d1558ebc644a74f1b0dc0266ef6c,97b2bb7387fa679cfb5bae320b41f94ae629d1558ebc644a74f1b0dc0266ef6c,3,3,PASS
7088,"COFFEE CAPSULE PACKAGING BOX",BATCH-06,post_excerpt,YES,fe1b996b244bf6388bdcfcd3bc3e345a32ae00268b91c9af30de6950c3de8a2b,4e4c5b891a181596570960236e3a33bac81b2706ed305200bc2b7294d77cb851,132,40,PASS
7088,"COFFEE CAPSULE PACKAGING BOX",BATCH-06,post_content,YES,f627a4ecfca6c943dfead5e071a3f2c64693cb170bdbe500c0168050cf5b824c,9e03e9a2df251468d1dce464e5b5e4f16e5c8ae8539a1e2f3c899fbfa5fef8b2,1544,1046,PASS
7088,"COFFEE CAPSULE PACKAGING BOX",BATCH-06,rank_math_title,YES,51eb20b1cc217ff758a55db62932ed22c09dc931d6de2e2782b7648f1a1bc005,12e8cbc08c2ebce8ba6d72a657e9172658516cf208f9d0681c79fcd41c62d697,8,8,PASS
7088,"COFFEE CAPSULE PACKAGING BOX",BATCH-06,rank_math_description,YES,03c3cb42b9f67e74364d93baf5fe80850df547a92adffbc9e2a9a5f1db707acc,b7471289402aba2025bf2e6729501b18a2902febb6467ea7ab3c3754d6c02cf7,18,19,PASS
7088,"COFFEE CAPSULE PACKAGING BOX",BATCH-06,rank_math_focus_keyword,NO,9fb9354d5ecd4f58f7f1f3cec58e01bd8863c7ee1b87442564246ce3790d1fad,9fb9354d5ecd4f58f7f1f3cec58e01bd8863c7ee1b87442564246ce3790d1fad,4,4,PASS
7089,"COFFEE DRIP BAG PACKAGING BOX",BATCH-06,post_excerpt,YES,c07ec7f36ac2bd6df5804ee240d97be2fb499ae387270023ce897bde5f876c8d,3d14346fe27a6250d1716dd061167a0646b3b8483cd8ee512ef195493e111863,139,45,PASS
7089,"COFFEE DRIP BAG PACKAGING BOX",BATCH-06,post_content,YES,edda440c1788dcf9b49a3395acc070553953b5ad4745c3fa9d7da1114db6a1c7,580e14e418b94fb91ab653485a76877b2ab20f828a73368b86934dcab536bf73,1568,990,PASS
7089,"COFFEE DRIP BAG PACKAGING BOX",BATCH-06,rank_math_title,YES,5b72f2e7714432144051162b95be22992ac1231f8d5da87c231c5c749d19dc1b,e4d88f082ce28533cb19db3ada4418c664cef714fb133792ca32d6fb37263bcd,9,9,PASS
7089,"COFFEE DRIP BAG PACKAGING BOX",BATCH-06,rank_math_description,YES,030864e3b2cb1bbe2176bbcb8117b189058ef56e9703dc41bf60b9047b947e7c,b20d40685098fb125b53ba83e6712cc8d775207ea23528397d4f73dbc73bf16b,19,20,PASS
7089,"COFFEE DRIP BAG PACKAGING BOX",BATCH-06,rank_math_focus_keyword,NO,27b97efc794b3cda24352b652d0c6baafb0c360c66c54a8d347607620647e9dd,27b97efc794b3cda24352b652d0c6baafb0c360c66c54a8d347607620647e9dd,5,5,PASS
7090,"CUSTOM COFFEE BEAN PACKAGING BOX",BATCH-06,post_excerpt,YES,7d2e937af2755b9f75185f9854423562a12f38b1c7e4743c7488d1267555fa28,00b19c674d1d129c953ee8fa7a288c1e51d11b2e42665bc66fd572eac73ab0f8,135,41,PASS
7090,"CUSTOM COFFEE BEAN PACKAGING BOX",BATCH-06,post_content,YES,f8fc4e54e19841b5b3ae76d5bd352beb40c07bb43ca09927f894ad25b085a3dd,848cfe37f7ad072f8f33d658624d0881fb9ea60cb838a5a6fe0bd96b5d5b4662,1564,901,PASS
7090,"CUSTOM COFFEE BEAN PACKAGING BOX",BATCH-06,rank_math_title,YES,332a54e09d796a7574c0d35ab578e3c51ad313df4409ac93ac6407dab81a8aec,1c1029d4f10c1e9e6ba7fbb152863d0d32b47052d938bf36d6dea926ef7a021c,9,9,PASS
7090,"CUSTOM COFFEE BEAN PACKAGING BOX",BATCH-06,rank_math_description,YES,75e910ee9d3940286a9767f73750f976b198e950b1e619ee672cc0555842de36,723c35390788e2e8da67f7d86ab99932ca8b126f686a95e7b8dccffc494e0bfc,19,21,PASS
7090,"CUSTOM COFFEE BEAN PACKAGING BOX",BATCH-06,rank_math_focus_keyword,NO,db972917ddb44d24050562d64c7da6d1d2a1a34aceee3389e950ad36bda9cadc,db972917ddb44d24050562d64c7da6d1d2a1a34aceee3389e950ad36bda9cadc,5,5,PASS
7091,"CUSTOM TEA BAG PACKAGING BOX",BATCH-06,post_excerpt,YES,4d19bad73711cad2661ba9204de43d0a3f07c24e31415b43ec65aa1364fa3145,1cde9697215274531424a7b95a4075a447f759893e57f5555ec5d7c7547a6118,135,45,PASS
7091,"CUSTOM TEA BAG PACKAGING BOX",BATCH-06,post_content,YES,94214a5666051b177b6669e88e31e0abbfe46a88b51fbeb4ceff2727eb6b9235,525124ba06f510f8ef0d3c0394a6b503085eaada193d32ee03801a15ea664125,1567,962,PASS
7091,"CUSTOM TEA BAG PACKAGING BOX",BATCH-06,rank_math_title,YES,9a7fca934538482b7cb98db0c15a209a17b90c9ce9d2308426c425bca290a38e,c3bbb8582e46dbc1b8c4cb4f5f2c3e6cfe4b4c170564c198b94ec9b1f41ec731,9,9,PASS
7091,"CUSTOM TEA BAG PACKAGING BOX",BATCH-06,rank_math_description,YES,7c87cea8770a0512fa7fc7c72e3962ab6aaa02e26abafc174e42169f3f73b5f9,7709d5dbbf2c6e4e5d0742ba0d453d0da5593402590d7d54935558bece6c076a,19,21,PASS
7091,"CUSTOM TEA BAG PACKAGING BOX",BATCH-06,rank_math_focus_keyword,NO,cf659c2e7934610222ea7f9eb79323f22872db1ff9cb03b2ba795d9ebbc1e8df,cf659c2e7934610222ea7f9eb79323f22872db1ff9cb03b2ba795d9ebbc1e8df,5,5,PASS
7092,"LOOSE LEAF TEA PACKAGING BOX",BATCH-06,post_excerpt,YES,35a646284a313e74626f9b1075f12f1727bef01364bf63c04adbd0c97d421f0f,a41472f104be3ac6249ecddc4de4f756a498e3705e291562a403132c46d69bc8,142,45,PASS
7092,"LOOSE LEAF TEA PACKAGING BOX",BATCH-06,post_content,YES,591174f56bb5828da7a08c4dc66142df650bb414371b02b6410ae8840a0703e8,fbcb0aa9fb72d91997af7b7fb89166159aa67b169745b142b17cac62144bb4c2,1579,904,PASS
7092,"LOOSE LEAF TEA PACKAGING BOX",BATCH-06,rank_math_title,YES,ddf973a0011146cbde56b9c46186935fc7a693db8a161f7e0328c7436986d524,82d1214a8f176188f7a8dcec06b0fff6223d6522cb607292438adc3bea34baab,9,9,PASS
7092,"LOOSE LEAF TEA PACKAGING BOX",BATCH-06,rank_math_description,YES,9dc91594a840f74a95b5fd9d1db82ea858da6aa69f1793ef0b3ea6bca16a765f,c58b9c3091487765ddb8ffeed48376e5e3f48eb9433ad4fb736f60d8b0e6ad24,19,21,PASS
7092,"LOOSE LEAF TEA PACKAGING BOX",BATCH-06,rank_math_focus_keyword,NO,801e1804fe2575437f154d36acc37c3729dde70a147eaf2f5a42b375eba896fa,801e1804fe2575437f154d36acc37c3729dde70a147eaf2f5a42b375eba896fa,5,5,PASS
7093,"TEA COFFEE GIFT SET BOX",BATCH-06,post_excerpt,YES,027da21cd73a52e7633d15256030fed013a9ef047e90f9a93e97b35bce179e40,e38a137d88d4fa6c9e8cc9e3f055a12a93f0f1fb859b402070dd32b3aea836f4,138,41,PASS
7093,"TEA COFFEE GIFT SET BOX",BATCH-06,post_content,YES,ce350da6da05ed0d880cf86bde8e82086b533647d3803977e63477edb2e8d0ee,5aae2931e3892b5072a9beb5869a6df838d55f3e99ce6f11e583fa2328eba920,1585,1089,PASS
7093,"TEA COFFEE GIFT SET BOX",BATCH-06,rank_math_title,YES,cb53513c6d6f935da53c4d8e2bd0082f52266ceec832e8d7a393d8fe2d56885b,47f4a5532a4190acd162b2163146d30a2b7256c8cebdc03428bf67bc7fcc2ebf,9,9,PASS
7093,"TEA COFFEE GIFT SET BOX",BATCH-06,rank_math_description,YES,0d4caa157a76933f1842acdbf0816164f3db2aa502298c0c7aadabac5a1f8b6e,b466c5f0ef1d96e5341d6cbdec2d8a96c81b0b2821998996db19d5d06e163c6f,19,23,PASS
7093,"TEA COFFEE GIFT SET BOX",BATCH-06,rank_math_focus_keyword,NO,002537af2776b8e5d17a35e2a9319557928acfe268ecdfc63fd2cd9f8f941214,002537af2776b8e5d17a35e2a9319557928acfe268ecdfc63fd2cd9f8f941214,5,5,PASS
7094,"TEA GIFT BOX WITH COMPARTMENTS",BATCH-06,post_excerpt,YES,28e7f5f86ac6019f12221f5bb44115b26341b91618c5c77a63f3c509387e1d1b,cbf9c9216db22475040adf29a390c2118e4eb991a68fea0ec6542a2b68e8905e,133,45,PASS
7094,"TEA GIFT BOX WITH COMPARTMENTS",BATCH-06,post_content,YES,88f88d6e86829c9742ad1584be9397421c9324d9f7c7752593d4b4698e2d27fb,f5ce1ff11edab691cee5af419e2f8edaa0e2aac08eca7efa96379ccffe922682,1559,1094,PASS
7094,"TEA GIFT BOX WITH COMPARTMENTS",BATCH-06,rank_math_title,YES,8c9939b9693b30f3f94f3bf168eda64e3004f380637f58edb4c29a6b17fc5a68,4cc547a140580a888ad51c11f5054b6bb221a3eb572ad37ae0cbb2d2ded22f7a,9,9,PASS
7094,"TEA GIFT BOX WITH COMPARTMENTS",BATCH-06,rank_math_description,YES,2da77a4970e136bba1e65ea933ca93105ef59235d04bb5e61e68dcaad9b61f5f,59cab9bf4249ba16f7d3ecc2a2673fb0f58a565d8442cda7098d6ad7717393df,19,22,PASS
7094,"TEA GIFT BOX WITH COMPARTMENTS",BATCH-06,rank_math_focus_keyword,NO,f3aa9be7431ce6f8c79189b8f9cd1c9d184dfeb079320caab19706daab1a7fd2,f3aa9be7431ce6f8c79189b8f9cd1c9d184dfeb079320caab19706daab1a7fd2,5,5,PASS
7095,"CUSTOM PET FOOD PACKAGING BOX",BATCH-07,post_excerpt,YES,0ed89f6b10c1993bd59eb06a33a23f1a5426503e2fb6a8d02551bea92f5ed5ef,06a4271832227a6ac6e73e2ccaca76be8f3a8de9ed940f2cbcd9d355c5ea8031,138,43,PASS
7095,"CUSTOM PET FOOD PACKAGING BOX",BATCH-07,post_content,YES,cbde6470173bd45d95ff0c979c67705ad881d25d3d3af9f5e1438e5386891f5b,9b59fadd64ce10108c70d9c080564b9c90e49c5ca34c35b7462ff8d76a091f96,1566,979,PASS
7095,"CUSTOM PET FOOD PACKAGING BOX",BATCH-07,rank_math_title,YES,3abb73541b925072e16697b4ae7518be1060b8ede26fa946bd881d84196888a4,75f14aaa54f6680145b670ef27c117dfd2f5d5eda8f8520ae1fe5dfeb00662ce,9,10,PASS
7095,"CUSTOM PET FOOD PACKAGING BOX",BATCH-07,rank_math_description,YES,95a5f846fe23e6df7934f6dfb38fd45de74d802798193d6618188270db65e01a,3484b61fcaf2bc158447acfaa852a1588ba414db7bae0d105d36157ddf6fe5a8,19,19,PASS
7095,"CUSTOM PET FOOD PACKAGING BOX",BATCH-07,rank_math_focus_keyword,NO,de638e9be680ab8cbc017ef623dee4a8ce0ad5985a48418fe89be4aa56a3848a,de638e9be680ab8cbc017ef623dee4a8ce0ad5985a48418fe89be4aa56a3848a,5,5,PASS
7096,"CUSTOM PET TREAT PACKAGING BOX",BATCH-07,post_excerpt,YES,41e04aaf1288fe36fbade0aa252776ec53012964169495c65cc6fa0eae01cd41,03d2681dfb01dd58d0238456d675779d3c4f296a29760efea49311f339a02354,137,43,PASS
7096,"CUSTOM PET TREAT PACKAGING BOX",BATCH-07,post_content,YES,1db037c3dc16ecbfcc4011187d261ae0a7a7a610a62b2c4634e6458ab553798f,794d02b63cde45955a5338056fed28c4aa24491aaa2cb3a6cc0c53c764efc578,1568,925,PASS
7096,"CUSTOM PET TREAT PACKAGING BOX",BATCH-07,rank_math_title,YES,c742a71b344f75433edae353cab1a9daae3520caffabd2ff6e2f3ff081afe044,8238ffff2a8b3b8a6961adbf8b43b245c9d2f520c91e0dcad7ac53184fa01be9,9,9,PASS
7096,"CUSTOM PET TREAT PACKAGING BOX",BATCH-07,rank_math_description,YES,05565d7bf2b89bb0da4ed314dffb1f3287fddcd0625aa9b356be8ccf976a4a94,5ddf302f12b96e4d933bb85b40ca7af2b4de41d678605a4f57cac6894bade5f8,19,21,PASS
7096,"CUSTOM PET TREAT PACKAGING BOX",BATCH-07,rank_math_focus_keyword,NO,661dd30775640b4cb909f2da194b7b790334d5eb3c6cb4bc1ced33b6708cce8c,661dd30775640b4cb909f2da194b7b790334d5eb3c6cb4bc1ced33b6708cce8c,5,5,PASS
7097,"PET ACCESSORY GIFT BOX",BATCH-07,post_excerpt,YES,5cac5e05f79e81d1b0ef42626ad47c96c8f8d95ae968e9c08b3500009bc996e7,9c39d94a80bba573fb83caf6922bb85ec1980a8ea0e399cb5f06d859258f052c,129,46,PASS
7097,"PET ACCESSORY GIFT BOX",BATCH-07,post_content,YES,bd3f1445ba5699d4ffee9b4e9e11795569168824897bde6177569c81c28dd47f,860b12b5ee5990d2b15a64284257882923723efc06f689e3ccf6a7073d6ce026,1554,858,PASS
7097,"PET ACCESSORY GIFT BOX",BATCH-07,rank_math_title,YES,a25f0d13f9e23aa0465685276841c2492065cdb1c8378a11a5e334bb96e03549,b6bce4d8abf1e513587c4a7d522000779d53b764d3904a05781d0530c8850ed6,8,9,PASS
7097,"PET ACCESSORY GIFT BOX",BATCH-07,rank_math_description,YES,cd97b01713cf0c1e3c05b1dd42f733f60bced440a2a704b3d02b7794bc3e9f62,0a3f9de5b47b174867a240ba7299006d69c772b71e2acdaeae4236419eb44c23,18,21,PASS
7097,"PET ACCESSORY GIFT BOX",BATCH-07,rank_math_focus_keyword,NO,33d825a332da8cdcfe0a46e34682d673d3bd970c8f3ebfae0b419bcbf9f02578,33d825a332da8cdcfe0a46e34682d673d3bd970c8f3ebfae0b419bcbf9f02578,4,4,PASS
7098,"PET GROOMING PRODUCT PACKAGING BOX",BATCH-07,post_excerpt,YES,ca6c250e620ce17f1fdb1c44f31356b3c1cbedb3cb8a9ddea863839773131654,6ddd72a077cfdb06c4f4d65ab2f395e5a44c9068679847b60da4610619dfd75a,132,44,PASS
7098,"PET GROOMING PRODUCT PACKAGING BOX",BATCH-07,post_content,YES,0bca14d657a9d37b57e138695b2fbe6ecbdfcbb7ed7bea39fd047056ec9038dc,db446258a57be7e4b315aab9b70700331f46bd703c0c69d4690a85cf47799e00,1559,934,PASS
7098,"PET GROOMING PRODUCT PACKAGING BOX",BATCH-07,rank_math_title,YES,84b3b6302ae4dc2b8a00e1529235c82232051d8da9c6435e6257a13c548625dc,851e4b007dd1b087af8a1c3fd97330ad906ed8b818f5bd3599aafdca2a89a3cc,9,9,PASS
7098,"PET GROOMING PRODUCT PACKAGING BOX",BATCH-07,rank_math_description,YES,e060ad1360ee28247376a9f915bb6a1a904464a57260d0ceef3b16ab0298c05d,8702ccbe356b8e615db737f6b291cae9b3607ed488c723ad6ea50eff527a5183,19,20,PASS
7098,"PET GROOMING PRODUCT PACKAGING BOX",BATCH-07,rank_math_focus_keyword,NO,ffcafb3d4ace3d321749718f1d71f0669f6b905ef60e9740fc8b5206caec0053,ffcafb3d4ace3d321749718f1d71f0669f6b905ef60e9740fc8b5206caec0053,5,5,PASS
7099,"PET PRODUCT SAMPLE KIT BOX",BATCH-07,post_excerpt,YES,6e7800d1761b277fe6ee6c27b062f0dee9847640261d0121c8ec5916091104c3,fd567f4dd05c6d230bd04e35f2f4fd51aa765882cf6501df0fa5c6146b4a83e5,140,43,PASS
7099,"PET PRODUCT SAMPLE KIT BOX",BATCH-07,post_content,YES,527361f72a71679acdcaf54ec5271b23e937d54998c8b285334ce6516234c5b8,63b014b3a067003c0701c21f082dadceff9e02ff87167b33a139749a331336f8,1571,1056,PASS
7099,"PET PRODUCT SAMPLE KIT BOX",BATCH-07,rank_math_title,YES,6c11a1736a18687b32ed8556ddf40096b266e4dbedfd792af3ac0a05d677dd05,1fac25c0ad91d91b9903d31138447c5e711824fd144fb405ae7cb00bc6231dd5,9,10,PASS
7099,"PET PRODUCT SAMPLE KIT BOX",BATCH-07,rank_math_description,YES,dd399a1ef9ae42412631af429d813333a4d0b0a42884e6b6f3e9eb9852c8e8e4,e3428993061623cf5f54c3480977e4bc663f4869e69097ecee07d9185749f6bd,19,21,PASS
7099,"PET PRODUCT SAMPLE KIT BOX",BATCH-07,rank_math_focus_keyword,NO,770ec20a737f4441c2aa1a3ca7d95000f8441d87f5159d0d32a99122187da32e,770ec20a737f4441c2aa1a3ca7d95000f8441d87f5159d0d32a99122187da32e,5,5,PASS
7100,"PET SUBSCRIPTION MAILER BOX",BATCH-07,post_excerpt,YES,e373cb26a4414a12be90f3c21dab54cb76c52b41c16d0057e2b72a5a0f48de23,ab6bbf8a87425c76982ccda58133a05750fb5b2be80689ae3a607c139bc64ec5,131,43,PASS
7100,"PET SUBSCRIPTION MAILER BOX",BATCH-07,post_content,YES,0ffdaac33fa62638f1e4d216cd8034569f88dc8376a8ebac21d18f2c3d6233c0,8589936a98467898392a515c43b3642ea3764f7f6ec26a1696544fbc93ee2683,1557,1040,PASS
7100,"PET SUBSCRIPTION MAILER BOX",BATCH-07,rank_math_title,YES,a174cd2d810105fe9ce65a326c105207fe0a312ab4ab831aeca64fa7b40ad7f4,f962c0b6def8ad37f11af9c387ba0d3bba04add204d5ca351df06933938e67ad,8,9,PASS
7100,"PET SUBSCRIPTION MAILER BOX",BATCH-07,rank_math_description,YES,0a724999905c6fb5fbb6905a0e31ddcba9fb0dc74b4d6a21d7d5ee08f9b82708,94c01061725192d6f5c452095cf98b4ebe7a7f4a66c78a79fe15000e2af4e8e2,18,18,PASS
7100,"PET SUBSCRIPTION MAILER BOX",BATCH-07,rank_math_focus_keyword,NO,5421f21096b0ebb0f0e69b841d181243e8e11c0247c7208544f7bc791db1de3a,5421f21096b0ebb0f0e69b841d181243e8e11c0247c7208544f7bc791db1de3a,4,4,PASS
7101,"PET SUPPLEMENT PACKAGING BOX",BATCH-07,post_excerpt,YES,4540c748aaa62ac9dadad1337a67637aa4c0fefe54b498f0b6785a3ea7077db7,04cd0a791237ba50cf1fd3b2e67e0cd529d9bba3886670655db998f4dd90c0d3,131,43,PASS
7101,"PET SUPPLEMENT PACKAGING BOX",BATCH-07,post_content,YES,f3725c0580d149082156deed9319bda62b6f018735f2add3cdcf8e6217d3c313,75268edba62cf6e6aeaf1d1c0c061d13240bde44c1e71cef1ce90f1abfa19945,1558,939,PASS
7101,"PET SUPPLEMENT PACKAGING BOX",BATCH-07,rank_math_title,YES,c9ebba37c40deef6f80222210cb349e25d4487dac7da52e3595248f757119fe7,833dc1515bb80658bcc3600fdb0ff37e40404029e16cd5589def95f1eec05224,8,9,PASS
7101,"PET SUPPLEMENT PACKAGING BOX",BATCH-07,rank_math_description,YES,af80ac96fa3e3485082c0d7308000581077540e9994d4c6108b0cbf4f5b2df7e,b8331d38f8a1c4e8c4e87c8845b5918dfa5611aed48a65ce6aab4f4d5b8e5a2c,18,18,PASS
7101,"PET SUPPLEMENT PACKAGING BOX",BATCH-07,rank_math_focus_keyword,NO,018f9bb60323d0d170b3c113c04b4d05d2b8ea400a6f4f83abb893d28be8e28e,018f9bb60323d0d170b3c113c04b4d05d2b8ea400a6f4f83abb893d28be8e28e,4,4,PASS
7181,"CUSTOM WHITE PAPER SHOPPING BAG WITH BROWN ROPE HANDLES",BATCH-08,post_excerpt,YES,b0ed8a4f2c559f9f6dcbfa77c21815f45a49516d72e7472793e0572b586db846,8041f7ca91318561236f0aa9e76b78fdcda45a649ee01012ab2b3f8a03963d0a,164,49,PASS
7181,"CUSTOM WHITE PAPER SHOPPING BAG WITH BROWN ROPE HANDLES",BATCH-08,post_content,YES,23a82060991f366f649f44c307d66cb4a0969b7b1da1784799eaf9295e27e8b8,40c25ece45429a20f35d44c8dcb54c45dcdb7d315352ff2341993c4662b4f25e,1523,964,PASS
7181,"CUSTOM WHITE PAPER SHOPPING BAG WITH BROWN ROPE HANDLES",BATCH-08,rank_math_title,YES,739d2a58dd5a8d1d9d4ea102306d18bf35fe3e560ec2ffebce8a4b2912db6dc4,2938dd65806251cc3b236372a3b371f16e92fdd1e594dd5ae0c8400999569494,13,9,PASS
7181,"CUSTOM WHITE PAPER SHOPPING BAG WITH BROWN ROPE HANDLES",BATCH-08,rank_math_description,YES,bddcf4b233030b2c29b7bf318b1fac22ec4010fb9aacf52fd233210f8f58cb2d,5c454b8931f4adf7076cc3ecd2e48294ef58354e7d85eb86361174452338bb8e,24,22,PASS
7181,"CUSTOM WHITE PAPER SHOPPING BAG WITH BROWN ROPE HANDLES",BATCH-08,rank_math_focus_keyword,NO,22ea61f8c2dfdb6bb086d8f368dc1e0e309a9f6b36627222b28b39e6109df5a4,22ea61f8c2dfdb6bb086d8f368dc1e0e309a9f6b36627222b28b39e6109df5a4,8,8,PASS
7187,"CUSTOM RUST PAPER SHOPPING BAG WITH ROPE HANDLES",BATCH-14,post_excerpt,YES,a2f33cb1b129d89992cc415207b18e43ca4b22a326ff46b4ca3e7efb5d12b197,8ac4ebe555efe7d3ea1c7b6c3ea30977fd26c26b8df708b5c320f6ef5e6cf41e,171,43,PASS
7187,"CUSTOM RUST PAPER SHOPPING BAG WITH ROPE HANDLES",BATCH-14,post_content,YES,e9326d4e0d5a3d14f361054f9ccac06d48c8b0d0e7f73c824354d05bfd3590d6,a337726409dae42917bb14a94d683b5ea300631fd39dd5820c6fef10b6fb3c1b,1506,940,PASS
7187,"CUSTOM RUST PAPER SHOPPING BAG WITH ROPE HANDLES",BATCH-14,rank_math_title,YES,71f08b0585476947c97b8ee13d4c62fcb1e164dce3f41ffa5217b07045366038,a86822dbae668acc62a469a206fc09687231c7b617ce04255904aa6e2a70439d,12,9,PASS
7187,"CUSTOM RUST PAPER SHOPPING BAG WITH ROPE HANDLES",BATCH-14,rank_math_description,YES,b4d9204c4341a7065737f1ff5e7a6bd4e8c0ea9c133fb22894d2171b3b143a2e,4a6edf17825ad885fee8e13f131629d474e0f4681604d18f047b4ca16258cafc,23,21,PASS
7187,"CUSTOM RUST PAPER SHOPPING BAG WITH ROPE HANDLES",BATCH-14,rank_math_focus_keyword,NO,f3e86b86f7f536a3c0f88f9c9fa175cb42c4105faa03e88a2467aa5758cf1c4a,f3e86b86f7f536a3c0f88f9c9fa175cb42c4105faa03e88a2467aa5758cf1c4a,7,7,PASS
7192,"CUSTOM PINK PAPER GIFT BAG WITH TWISTED HANDLES",BATCH-08,post_excerpt,YES,b7bb9f695a27c69e5ab241a0951bc5e5c82c910b618521f936f67c44abd48653,1de2f69e41bf0fcbd737f9eba58c906b2f33e8cf2e01445d9891c0c57f6970b8,167,46,PASS
7192,"CUSTOM PINK PAPER GIFT BAG WITH TWISTED HANDLES",BATCH-08,post_content,YES,222df9739dd229b3cabdbf3a8748056e8ee052a4e5acddf17f87354467292e66,b31485590c9361ffe4242f82b16ea3c60da1d96f013bd088eb73b4587c883890,1501,965,PASS
7192,"CUSTOM PINK PAPER GIFT BAG WITH TWISTED HANDLES",BATCH-08,rank_math_title,YES,8d8766ace7356b8848f12926d9c55af6063b6adc0ff67dfb96fa83b170c75a84,b0762d066d873fa5455b3bfdde92e823fbaf24277cd02a1bf141f46c9c1208cf,12,9,PASS
7192,"CUSTOM PINK PAPER GIFT BAG WITH TWISTED HANDLES",BATCH-08,rank_math_description,YES,29df25992f8d9382cc7022e35eaebafe1b8cd7ec0dcc79d397aa3fb5ab729ed8,2aefb33ba3f135c9b8720a74cb6549976a08d600e57a14dd1730a55f885fb717,23,22,PASS
7192,"CUSTOM PINK PAPER GIFT BAG WITH TWISTED HANDLES",BATCH-08,rank_math_focus_keyword,NO,e60ee1fa44a2f4396591f25e1aba853bd9ef86169d8759e9de67c6acb9423518,e60ee1fa44a2f4396591f25e1aba853bd9ef86169d8759e9de67c6acb9423518,7,7,PASS
7199,"CUSTOM LIME GREEN PAPER SHOPPING BAG WITH ROPE HANDLES",BATCH-14,post_excerpt,YES,b9014fa86a84958526a1c8d485d42f45c04f81c5b16b94915b173b98829e320a,e9b4e6c856ef087a4073fa40c017ba9cf1e0bb578846d38c3df95ffbd8affa21,180,45,PASS
7199,"CUSTOM LIME GREEN PAPER SHOPPING BAG WITH ROPE HANDLES",BATCH-14,post_content,YES,1338bbe6445140553be845ad2b5abc6089452e75398e93c97df45cd84e320083,d0d54b383b799e679a3c17a2e385d8b932ce25730deeee1a964ef4fa2c8e0583,1534,1023,PASS
7199,"CUSTOM LIME GREEN PAPER SHOPPING BAG WITH ROPE HANDLES",BATCH-14,rank_math_title,YES,88b743084dac4dad960dfa869aad6e589329c5f1b6303a5ae8453ff89a9eda92,d2835bcafc6bb6e68887645cc6c63215c500840f847b445a61df8ed1b1eda55b,13,9,PASS
7199,"CUSTOM LIME GREEN PAPER SHOPPING BAG WITH ROPE HANDLES",BATCH-14,rank_math_description,YES,c27f92c0b3f93b77283c02c1d97bceaff78c451da0f2071a16d10616ea72989f,2233c8e1e8169f66a9ac245b9a4b53a07af118804db23a1f2c7f78075b627374,24,22,PASS
7199,"CUSTOM LIME GREEN PAPER SHOPPING BAG WITH ROPE HANDLES",BATCH-14,rank_math_focus_keyword,NO,bf3b81cdf0b0139059f611044365b41ddb09b96ea1c694ddb349827db3d40e62,bf3b81cdf0b0139059f611044365b41ddb09b96ea1c694ddb349827db3d40e62,8,8,PASS
7204,"CUSTOM BIRTHDAY PAPER GIFT BAG WITH CANDLE PRINT",BATCH-05,post_excerpt,YES,8024075319aeb0c1711e361b9746956341e4260f80c4a99838d570901d91c35d,8e243e024745b44d0a4d8c6dbccb180bc1807a6b4e7a95473d2f5a0bb96d7f7a,175,52,PASS
7204,"CUSTOM BIRTHDAY PAPER GIFT BAG WITH CANDLE PRINT",BATCH-05,post_content,YES,8d4bae3c63b72970abd03846d485309ac1e5766c9ea4a5152397bd2bb29b754e,b874e654ed41fd00a24aa1f7f3e3bbb5618fcb0cdf10793d11642b0edf876cff,1540,922,PASS
7204,"CUSTOM BIRTHDAY PAPER GIFT BAG WITH CANDLE PRINT",BATCH-05,rank_math_title,YES,9fcdbdb525b4d2ceb15ac7cc8dd18ee9233365465be242a9ec3ab5582429c332,00f4c2600cf10254e7960134089180ee57c84fc6ac41d81c4b2591f7346d11cc,12,9,PASS
7204,"CUSTOM BIRTHDAY PAPER GIFT BAG WITH CANDLE PRINT",BATCH-05,rank_math_description,YES,2735e3cae72f324ef6a16fe3cebd5c0ee07c87b9c31b7d61801a88ad100c713f,cb54c5bb2a827890a1fea30e32d8c24a255918478e3eccea610a176a7a8bbd54,23,21,PASS
7204,"CUSTOM BIRTHDAY PAPER GIFT BAG WITH CANDLE PRINT",BATCH-05,rank_math_focus_keyword,NO,2c25c8e9f046335dcbab7e770f11f3deddb9615cddc989ea62cf38db4c9d907d,2c25c8e9f046335dcbab7e770f11f3deddb9615cddc989ea62cf38db4c9d907d,7,7,PASS
7209,"CUSTOM BIRTHDAY PAPER GIFT BAG WITH PRESENT PRINT",BATCH-05,post_excerpt,YES,45ab90d3ac02c8dae213b32530a15fb692ddb59795b690d24a589d25b3573e60,4487e017b9428afca796040ca8b116847ac85891aab89be3ecee9e0391040a40,180,43,PASS
7209,"CUSTOM BIRTHDAY PAPER GIFT BAG WITH PRESENT PRINT",BATCH-05,post_content,YES,2ad0b953fe961787883130420db9ea99fc47bb296910cd7d8e647327c32d2618,61fe98edb60a441cf9e1a74e4f7c0b6fe521ce092c5318d953c98d4bcdc20deb,1532,979,PASS
7209,"CUSTOM BIRTHDAY PAPER GIFT BAG WITH PRESENT PRINT",BATCH-05,rank_math_title,YES,32d3f61e35b3b503e5175e86904223f1071de4ee4d59b84ff92f889e55de0ce0,50ec51424c662bb61f37bd76854d269abd89274fbf34c50f18bdaf2177679c65,12,9,PASS
7209,"CUSTOM BIRTHDAY PAPER GIFT BAG WITH PRESENT PRINT",BATCH-05,rank_math_description,YES,92402d58945e7dc63f8d3a29a9a061a45a270090b27deb1c4e708ed8643b4fdc,22a1144aa91abe8e17b2dbc5f09dfa017454c7e6499f2fc553f36f66f846d4cc,23,23,PASS
7209,"CUSTOM BIRTHDAY PAPER GIFT BAG WITH PRESENT PRINT",BATCH-05,rank_math_focus_keyword,NO,e9bd6361977a26e8bb467c486db580c4ac0c00a017d083e7928d3168daaa0845,e9bd6361977a26e8bb467c486db580c4ac0c00a017d083e7928d3168daaa0845,7,7,PASS
7291,"CUSTOM CHRISTMAS GIFT BOX WITH RIBBON",BATCH-06,post_excerpt,YES,dca342f0c023001fae5e49c28c5ea2f1cce84899461ab3601487bb4124c18152,77a452d3df6da48fd3a37aaf366da3a720f68445000df966d648b9d45075ce07,155,47,PASS
7291,"CUSTOM CHRISTMAS GIFT BOX WITH RIBBON",BATCH-06,post_content,YES,1a6cda42d6a7fd7657648b3528d8015438c1d943ac670a604a4287bf9bbaaf43,fac20288441bdaa835e57bc73c75820bd3aa066345fd2dd009aa12fbe4a0bad2,1981,1104,PASS
7291,"CUSTOM CHRISTMAS GIFT BOX WITH RIBBON",BATCH-06,rank_math_title,YES,1ea71fef5f99065ddd4f8cc469ad7495157ddfcf2fd06cb4edb75a08e3a8e32f,6318adb0d37c441cb8a203b55b86785da78a4a656e639a67a482ffc351f3d7b1,10,7,PASS
7291,"CUSTOM CHRISTMAS GIFT BOX WITH RIBBON",BATCH-06,rank_math_description,YES,1457b5ecee3399bb2197d782a69274ec7453f4afe9e18a0b29ceabef8e3a9f0d,46d9f22f27940e3f041e8e291b7057c3adc534d542342af3b6ab853a2050b922,19,22,PASS
7291,"CUSTOM CHRISTMAS GIFT BOX WITH RIBBON",BATCH-06,rank_math_focus_keyword,YES,0f34be7595b49e627702580692642ac9069d16e55c421ff4d2ea99b52725c4e9,9609d6753a633036f7797bb65f19f0a7961946ec6d71c3234dd5adea34886b4f,6,6,PASS
