product_id,title,slug,url,status,batch_id,batch_order,cluster,primary_category,primary_keyword,secondary_keywords,short_description_words,main_content_words,seo_title,meta_description,focus_keyword,canonical_preserved,internal_links_planned,owner_review,decision_flag,source_html_file,source_html_sha256,database_content_sha256,http_status,qa_status,qa_failures
228,"Custom Cylindrical Paper Tube Box",custom-cylindrical-paper-tube-box,http://localhost/hopgiayvpn/product/custom-cylindrical-paper-tube-box/,publish,BATCH-06,6,"Tea and coffee packaging","Paper Tube Packaging","cylindrical paper tube box","tea packaging box | cylindrical paper tube box manufacturer | cylindrical paper tube box for tea | art paper tea box",51,981,"Custom Cylindrical Paper Tube Box for Tea Brands Supplier","Custom cylindrical paper tube box for tea, coffee, cosmetics, candles, gifts, dry food, and premium retail products. Features custom logo. B2B packaging.","cylindrical paper tube box",,4,NO,KEEP_DISTINCT,C:\xampp\htdocs\hopgiayvpn\seo-content\product-rewrite-v1\products\228-custom-cylindrical-paper-tube-box.html,a419b5d775eaa0439ecb9ce306b57d798dac5a34a54843a9249d4e36ac7f8a60,a419b5d775eaa0439ecb9ce306b57d798dac5a34a54843a9249d4e36ac7f8a60,200,PASS,
229,"Custom Flat Rigid Gift Box with Ribbon",custom-flat-rigid-gift-box-with-ribbon,http://localhost/hopgiayvpn/product/custom-flat-rigid-gift-box-with-ribbon/,publish,BATCH-13,13,"Jewelry, watch and premium accessories","Rigid Boxes","flat rigid gift box","flat rigid gift box with ribbon | apparel packaging box | flat rigid gift box manufacturer | flat rigid gift box with ribbon for apparel | art paper apparel box",42,937,"Custom Flat Rigid Gift Box With Ribbon for Apparel Brands","Custom flat rigid gift box with ribbon design for apparel, scarves, wallets, accessories, documents, corporate gifts, and premium retail packaging.","flat rigid gift box",,4,NO,KEEP_AS_VARIANT,C:\xampp\htdocs\hopgiayvpn\seo-content\product-rewrite-v1\products\229-custom-flat-rigid-gift-box-with-ribbon.html,3649a8d166307a484df117a6bd4ddd5d6e876b76f29c1218542d1eabfa6e2c3c,3649a8d166307a484df117a6bd4ddd5d6e876b76f29c1218542d1eabfa6e2c3c,200,PASS,
230,"Custom Pastry Display Box with Drawer",custom-pastry-display-box-with-drawer,http://localhost/hopgiayvpn/product/custom-pastry-display-box-with-drawer/,publish,BATCH-11,11,"Bakery, food and confectionery packaging","Bakery Packaging Boxes","pastry display box with drawer","food packaging box | pastry display box with drawer manufacturer | pastry display box with drawer for food | food grade paper food box",41,1037,"Custom Pastry Display Box With Drawer for Food Brands","Custom pastry display box with drawer for premium desserts, mini cakes, pastries, bakery gifts, and retail presentation. Features custom logo.","pastry display box with drawer",,4,NO,KEEP_AS_VARIANT,C:\xampp\htdocs\hopgiayvpn\seo-content\product-rewrite-v1\products\230-custom-pastry-display-box-with-drawer.html,6ba9dd9cf1005267bd7a238e6a64032d3be24614c8afcfd1e24e3c4a51c1306c,6ba9dd9cf1005267bd7a238e6a64032d3be24614c8afcfd1e24e3c4a51c1306c,200,PASS,
231,"Custom Wine Drawer Box with Insert",custom-wine-drawer-box-with-insert,http://localhost/hopgiayvpn/product/custom-wine-drawer-box-with-insert/,publish,BATCH-12,12,"Wine, bottle and beverage packaging","Drawer Boxes","wine drawer box with insert","wine packaging box | wine drawer box with insert manufacturer | wine drawer box with insert for wine | art paper wine box",41,1072,"Custom Wine Drawer Box With Insert for Wine Brands","Custom wine drawer box with insert for wine bottles, premium beverage gifts, retail packaging, and corporate gifting. Features custom logo. B2B packaging.","wine drawer box with insert",,4,NO,KEEP_AS_VARIANT,C:\xampp\htdocs\hopgiayvpn\seo-content\product-rewrite-v1\products\231-custom-wine-drawer-box-with-insert.html,07dee519dc4b101ef31ff416aba2a56116e62b59c59841ca73a9183708290936,07dee519dc4b101ef31ff416aba2a56116e62b59c59841ca73a9183708290936,200,PASS,
232,"Luxury Wine Bottle Packaging Boxes",luxury-wine-bottle-packaging-boxes,http://localhost/hopgiayvpn/product/luxury-wine-bottle-packaging-boxes/,publish,BATCH-12,12,"Wine, bottle and beverage packaging","Gift Paper Boxes","luxury wine bottle packaging boxes","luxury wine bottle packaging boxes manufacturer | wholesale luxury wine bottle packaging boxes | luxury wine bottle packaging boxes supplier",42,967,"Luxury Wine Bottle Packaging Boxes Manufacturer Manufacturer","Rigid wine bottle packaging boxes with fitted inserts for bottle protection and high-end presentation. Request a specification-led B2B quote.","luxury wine bottle packaging boxes",,4,YES,NEEDS_OWNER_REVIEW,C:\xampp\htdocs\hopgiayvpn\seo-content\product-rewrite-v1\products\232-luxury-wine-bottle-packaging-boxes.html,23d276a499fc37708845e1cdd1579cfe36f284443cf5c6eec492d09e5757fa0b,23d276a499fc37708845e1cdd1579cfe36f284443cf5c6eec492d09e5757fa0b,200,PASS,
233,"Custom Candle Jar Box with Insert",custom-candle-jar-box-with-insert,http://localhost/hopgiayvpn/product/custom-candle-jar-box-with-insert/,publish,BATCH-17,17,"Home, candle and lifestyle packaging","Candle Packaging Boxes","candle jar box with insert","candle packaging box | candle jar box with insert manufacturer | candle jar box with insert for candle | art paper candle box",44,926,"Custom Candle Jar Box With Insert for Candle Brands","Custom candle jar box with insert for scented candles, glass candle jars, luxury gifts, and retail packaging. Features custom logo. B2B packaging.","candle jar box with insert",,4,NO,KEEP_DISTINCT,C:\xampp\htdocs\hopgiayvpn\seo-content\product-rewrite-v1\products\233-custom-candle-jar-box-with-insert.html,dabcd4521bd53494f7d06e821c43d609477e68d81118570e97ff873fa2f407a7,dabcd4521bd53494f7d06e821c43d609477e68d81118570e97ff873fa2f407a7,200,PASS,
234,"Custom Incense Packaging Box with Window",custom-incense-packaging-box-with-window,http://localhost/hopgiayvpn/product/custom-incense-packaging-box-with-window/,publish,BATCH-09,9,"Perfume and beauty packaging","Custom Printed Paper Boxes","incense packaging box with window","incense packaging box | incense packaging box with window manufacturer | incense packaging box with window for incense | art paper incense box",42,1003,"Custom Incense Packaging Box With Window for Incense Brands","Custom incense packaging box with window for incense sticks, agarwood incense, fragrance products, and spiritual gift packaging. Features custom logo.","incense packaging box with window",,1,NO,KEEP_DISTINCT,C:\xampp\htdocs\hopgiayvpn\seo-content\product-rewrite-v1\products\234-custom-incense-packaging-box-with-window.html,63e558c07da028f22d2d8ecdd9dbb0b03418df8d5db92b30deefb101d9e9f83d,63e558c07da028f22d2d8ecdd9dbb0b03418df8d5db92b30deefb101d9e9f83d,200,PASS,
235,"Custom Essential Oil Packaging Box with Insert",custom-essential-oil-packaging-box-with-insert,http://localhost/hopgiayvpn/product/custom-essential-oil-packaging-box-with-insert/,publish,BATCH-08,8,"Perfume and beauty packaging","Cosmetic Paper Boxes","essential oil packaging box","essential oil packaging box with insert | essential oil packaging box manufacturer | essential oil packaging box with insert for essential oil | white cardboard essential oil box",40,1025,"Custom Essential Oil Packaging Box With Insert Manufacturer","Custom essential oil packaging box with insert for essential oil bottles, aromatherapy sets, fragrance oils, and wellness products. Features custom logo.","essential oil packaging box",,4,YES,KEEP_DISTINCT,C:\xampp\htdocs\hopgiayvpn\seo-content\product-rewrite-v1\products\235-custom-essential-oil-packaging-box-with-insert.html,76a2767c6ced03d64305d96ecbbc1045a9ba81c03e2e0e1f99c2a4e82e2688b4,76a2767c6ced03d64305d96ecbbc1045a9ba81c03e2e0e1f99c2a4e82e2688b4,200,PASS,
236,"Custom Wallet Drawer Box",custom-wallet-drawer-box,http://localhost/hopgiayvpn/product/custom-wallet-drawer-box/,publish,BATCH-13,13,"Jewelry, watch and premium accessories","Drawer Boxes","custom wallet drawer box","wallet drawer box | wallet packaging box | custom wallet drawer box manufacturer | wallet drawer box for wallet | art paper wallet box",41,997,"Custom Wallet Drawer Box for Wallet Brands Manufacturer","Custom wallet drawer box for wallets, card holders, leather accessories, small gifts, and premium retail packaging. Features custom logo. B2B packaging.","custom wallet drawer box",,4,NO,KEEP_AS_VARIANT,C:\xampp\htdocs\hopgiayvpn\seo-content\product-rewrite-v1\products\236-custom-wallet-drawer-box.html,70a9dcb863e8f101c0d81c037493c1515b826766b49eb43601df9f793ea1898f,70a9dcb863e8f101c0d81c037493c1515b826766b49eb43601df9f793ea1898f,200,PASS,
237,"Custom Rigid Gift Box with Ribbon Closure",custom-rigid-gift-box-with-ribbon-closure,http://localhost/hopgiayvpn/product/custom-rigid-gift-box-with-ribbon-closure/,publish,BATCH-09,9,"Perfume and beauty packaging","Rigid Boxes","rigid gift box with ribbon","rigid gift box with ribbon closure | retail packaging box | rigid gift box with ribbon manufacturer | rigid gift box with ribbon closure for retail | art paper retail box",45,929,"Custom Rigid Gift Box With Ribbon Closure for Retail Brands","Custom rigid gift box with ribbon closure for premium gifts, cosmetics, jewelry, accessories, fashion products, and corporate packaging. B2B packaging.","rigid gift box with ribbon",,4,NO,KEEP_AS_VARIANT,C:\xampp\htdocs\hopgiayvpn\seo-content\product-rewrite-v1\products\237-custom-rigid-gift-box-with-ribbon-closure.html,1d500ddd4e0debdeef1b984f43d8530129e83cb9415face6c3651437a163c546,1d500ddd4e0debdeef1b984f43d8530129e83cb9415face6c3651437a163c546,200,PASS,
238,"Custom Wine Gift Box with Accessories",custom-wine-gift-box-with-accessories,http://localhost/hopgiayvpn/product/custom-wine-gift-box-with-accessories/,publish,BATCH-12,12,"Wine, bottle and beverage packaging","Packaging Accessories","wine gift box with accessories","wine packaging box | wine gift box with accessories manufacturer | wine gift box with accessories for wine | art paper wine box",41,1097,"Custom Wine Gift Box With Accessories for Wine Brands","Custom wine gift box with accessories for wine bottles, opener sets, premium gifts, retail packaging, and branded presentation. Features custom logo.","wine gift box with accessories",,4,NO,KEEP_DISTINCT,C:\xampp\htdocs\hopgiayvpn\seo-content\product-rewrite-v1\products\238-custom-wine-gift-box-with-accessories.html,cfb61e99331476a98fc658791641fc255848b18db9a08b47b8f48ac5d988b7b6,cfb61e99331476a98fc658791641fc255848b18db9a08b47b8f48ac5d988b7b6,200,PASS,
239,"Custom Pizza Packaging Box",custom-pizza-packaging-box,http://localhost/hopgiayvpn/product/custom-pizza-packaging-box/,publish,BATCH-10,10,"Bakery, food and confectionery packaging","Food Paper Boxes","custom pizza packaging box","pizza packaging box | food packaging box | custom pizza packaging box manufacturer | pizza packaging box for food | food grade paper food box",49,1045,"Custom Pizza Packaging Box for Food Brands Manufacturer","Custom pizza packaging box for pizza delivery, takeaway food, restaurants, bakeries, and F&B brands. Features custom logo. B2B packaging.","custom pizza packaging box",,4,YES,KEEP_DISTINCT,C:\xampp\htdocs\hopgiayvpn\seo-content\product-rewrite-v1\products\239-custom-pizza-packaging-box.html,3b89619090008812c5357f0b9635c645c9ad35000969b36a720f4a0f50715e16,3b89619090008812c5357f0b9635c645c9ad35000969b36a720f4a0f50715e16,200,PASS,
240,"Custom Cosmetic Tube Packaging Box with Insert",custom-cosmetic-tube-packaging-box-with-insert,http://localhost/hopgiayvpn/product/custom-cosmetic-tube-packaging-box-with-insert/,publish,BATCH-03,3,"Skincare product-specific packaging","Beauty and Skincare Packaging","cosmetic tube packaging box","cosmetic tube packaging box with insert | cosmetics packaging box | cosmetic tube packaging box manufacturer | cosmetic tube packaging box with insert for cosmetics | white cardboard cosmetics box",46,1033,"Custom Cosmetic Tube Packaging Box With Insert Manufacturer","Custom cosmetic tube packaging box with insert for skincare tubes, beauty samples, small bottles, and retail product sets. Features custom logo.","cosmetic tube packaging box",,4,NO,KEEP_AS_VARIANT,C:\xampp\htdocs\hopgiayvpn\seo-content\product-rewrite-v1\products\240-custom-cosmetic-tube-packaging-box-with-insert.html,92c719cc77c67acf137e5aafc4293d01b87077ed7c3969ef11b4b08adbda75fd,92c719cc77c67acf137e5aafc4293d01b87077ed7c3969ef11b4b08adbda75fd,200,PASS,
241,"Custom Perfume Box with Insert",custom-perfume-box-with-insert,http://localhost/hopgiayvpn/product/custom-perfume-box-with-insert/,publish,BATCH-09,9,"Perfume and beauty packaging","Perfume Packaging Boxes","perfume box with insert","perfume packaging box | perfume box with insert manufacturer | perfume box with insert for perfume | art paper perfume box",51,910,"Custom Perfume Box With Insert for Perfume Brands Supplier","Custom perfume box with insert for luxury perfume bottles, fragrance brands, retail gifts, and premium product packaging. Features custom logo.","perfume box with insert",,4,NO,KEEP_AS_VARIANT,C:\xampp\htdocs\hopgiayvpn\seo-content\product-rewrite-v1\products\241-custom-perfume-box-with-insert.html,ddd7494cfa611f6c821d474c46d9b89abb6f46091bea76aed96389e9a3290000,ddd7494cfa611f6c821d474c46d9b89abb6f46091bea76aed96389e9a3290000,200,PASS,
242,"Custom Gift Box with Ribbon Bow",custom-gift-box-with-ribbon-bow,http://localhost/hopgiayvpn/product/custom-gift-box-with-ribbon-bow/,publish,BATCH-09,9,"Perfume and beauty packaging","Gift Paper Boxes","gift box with ribbon bow","retail packaging box | gift box with ribbon bow manufacturer | gift box with ribbon bow for retail | art paper retail box",50,921,"Custom Gift Box With Ribbon Bow for Retail Brands Supplier","Custom gift box with ribbon bow for premium gifts, cosmetics, jewelry, accessories, fashion products, and corporate packaging. Features custom logo.","gift box with ribbon bow",,4,NO,KEEP_DISTINCT,C:\xampp\htdocs\hopgiayvpn\seo-content\product-rewrite-v1\products\242-custom-gift-box-with-ribbon-bow.html,2c0d7327fb75d73826e160c2fb27cdd0ebf20bbeb16b0766a12f428dcd10a9ac,2c0d7327fb75d73826e160c2fb27cdd0ebf20bbeb16b0766a12f428dcd10a9ac,200,PASS,
243,"Custom Nested Kraft Gift Boxes with Ribbon",custom-nested-kraft-gift-boxes-with-ribbon,http://localhost/hopgiayvpn/product/custom-nested-kraft-gift-boxes-with-ribbon/,publish,BATCH-09,9,"Perfume and beauty packaging","Gift Paper Boxes","nested kraft gift boxes","nested kraft gift boxes with ribbon | retail packaging box | nested kraft gift boxes manufacturer | nested kraft gift boxes with ribbon for retail | kraft paper retail box",49,926,"Custom Nested Kraft Gift Boxes With Ribbon for Retail Brands","Custom nested kraft gift boxes with ribbon for premium gifts, retail products, corporate packaging, and seasonal gift sets. Features custom logo.","nested kraft gift boxes",,4,NO,KEEP_DISTINCT,C:\xampp\htdocs\hopgiayvpn\seo-content\product-rewrite-v1\products\243-custom-nested-kraft-gift-boxes-with-ribbon.html,84160f9c56da6e8cca74a1246c4f2f92745f461445a13a0a9eee0d307b0e6711,84160f9c56da6e8cca74a1246c4f2f92745f461445a13a0a9eee0d307b0e6711,200,PASS,
244,"Custom Tea Gift Box with Window",custom-tea-gift-box-with-window,http://localhost/hopgiayvpn/product/custom-tea-gift-box-with-window/,publish,BATCH-06,6,"Tea and coffee packaging","Food Paper Boxes","tea gift box with window","tea packaging box | tea gift box with window manufacturer | tea gift box with window for tea | art paper tea box",40,944,"Custom Tea Gift Box With Window for Tea Brands Manufacturer","Custom tea gift box with window for tea sets, teaware gifts, premium retail packaging, and corporate gifts. Features custom logo. B2B packaging.","tea gift box with window",,4,NO,KEEP_DISTINCT,C:\xampp\htdocs\hopgiayvpn\seo-content\product-rewrite-v1\products\244-custom-tea-gift-box-with-window.html,9c7569ed4040805f1bfee352ae305e5c3dc247fd32fa6eab2b85c906e13766b3,9c7569ed4040805f1bfee352ae305e5c3dc247fd32fa6eab2b85c906e13766b3,200,PASS,
245,"Custom Apparel Drawer Box with Ribbon Pull",custom-apparel-drawer-box-with-ribbon-pull,http://localhost/hopgiayvpn/product/custom-apparel-drawer-box-with-ribbon-pull/,publish,BATCH-15,15,"Fashion and sportswear packaging","Drawer Boxes","apparel drawer box","apparel drawer box with ribbon pull | apparel packaging box | apparel drawer box manufacturer | apparel drawer box with ribbon pull for apparel | art paper apparel box",43,912,"Custom Apparel Drawer Box With Ribbon Pull Manufacturer","Custom apparel drawer box with ribbon pull for scarves, fashion accessories, textile products, gift sets, and retail packaging. Features custom logo.","apparel drawer box",,4,NO,KEEP_AS_VARIANT,C:\xampp\htdocs\hopgiayvpn\seo-content\product-rewrite-v1\products\245-custom-apparel-drawer-box-with-ribbon-pull.html,b4f86d9dbb536c18f6cf56f3a2dda03bb19c09586e364ce65cc5315014d9f692,b4f86d9dbb536c18f6cf56f3a2dda03bb19c09586e364ce65cc5315014d9f692,200,PASS,
246,"Custom Gift Box with Shredded Paper Filler",custom-gift-box-with-shredded-paper-filler,http://localhost/hopgiayvpn/product/custom-gift-box-with-shredded-paper-filler/,publish,BATCH-13,13,"Jewelry, watch and premium accessories","Gift Paper Boxes","gift box with shredded paper","gift box with shredded paper filler | retail packaging box | gift box with shredded paper manufacturer | gift box with shredded paper filler for retail | white cardboard retail box",50,1037,"Custom Gift Box With Shredded Paper Filler for Retail Brands","Custom gift box with shredded paper filler for small gifts, accessories, handmade products, ornaments, and retail packaging. Features custom logo.","gift box with shredded paper",,4,NO,KEEP_DISTINCT,C:\xampp\htdocs\hopgiayvpn\seo-content\product-rewrite-v1\products\246-custom-gift-box-with-shredded-paper-filler.html,b3b8dcea604e565d65363c93de3f1e048c2f8cb9c3e905793220516e0ea96156,b3b8dcea604e565d65363c93de3f1e048c2f8cb9c3e905793220516e0ea96156,200,PASS,
247,"Custom Kraft Bakery Box with Window",custom-kraft-bakery-box-with-window,http://localhost/hopgiayvpn/product/custom-kraft-bakery-box-with-window/,publish,BATCH-10,10,"Bakery, food and confectionery packaging","Bakery Packaging Boxes","kraft bakery box with window","kraft bakery box with window manufacturer | wholesale kraft bakery box with window | kraft bakery box with window supplier",50,922,"Custom Kraft Bakery Box With Window Manufacturer Supplier","Custom kraft bakery box with window for croissants, pastries, bread, desserts, and bakery takeaway packaging. Request a specification-led B2B quote.","kraft bakery box with window",,4,YES,KEEP_DISTINCT,C:\xampp\htdocs\hopgiayvpn\seo-content\product-rewrite-v1\products\247-custom-kraft-bakery-box-with-window.html,552db0471f72c7a746e690a2904c79bdba14febf83326ae13a25fc061ff19112,552db0471f72c7a746e690a2904c79bdba14febf83326ae13a25fc061ff19112,200,PASS,
248,"Custom Pastry Sleeve Box with Insert",custom-pastry-sleeve-box-with-insert,http://localhost/hopgiayvpn/product/custom-pastry-sleeve-box-with-insert/,publish,BATCH-11,11,"Bakery, food and confectionery packaging","Bakery Packaging Boxes","pastry sleeve box","pastry sleeve box with insert | food packaging box | pastry sleeve box manufacturer | pastry sleeve box with insert for food | food grade paper food box",51,1022,"Custom Pastry Sleeve Box With Insert for Food Brands","Custom pastry sleeve box with insert for mini cakes, pastries, desserts, mooncakes, and bakery gift packaging. Features custom logo. B2B packaging.","pastry sleeve box",,4,NO,KEEP_DISTINCT,C:\xampp\htdocs\hopgiayvpn\seo-content\product-rewrite-v1\products\248-custom-pastry-sleeve-box-with-insert.html,18f71beddfdfe083ab61e466d7215ae1f2b11e2c442bbc760142780f61f50b44,18f71beddfdfe083ab61e466d7215ae1f2b11e2c442bbc760142780f61f50b44,200,PASS,
249,"Custom Mooncake Gift Box Set with Paper Bag",custom-mooncake-gift-box-set-with-paper-bag,http://localhost/hopgiayvpn/product/custom-mooncake-gift-box-set-with-paper-bag/,publish,BATCH-11,11,"Bakery, food and confectionery packaging","Bakery Packaging Boxes","mooncake gift box set","mooncake gift box set with paper bag | food packaging box | mooncake gift box set manufacturer | mooncake gift box set with paper bag for food | art paper food box",46,1108,"Custom Mooncake Gift Box Set With Paper Bag for Food Brands","Custom mooncake gift box set with matching paper bag for bakery brands, hotels, corporate gifts, and seasonal food packaging. Features custom logo.","mooncake gift box set",,4,NO,KEEP_AS_VARIANT,C:\xampp\htdocs\hopgiayvpn\seo-content\product-rewrite-v1\products\249-custom-mooncake-gift-box-set-with-paper-bag.html,acc713ba62a8eff57fa679b49837b9e1463fce50d0b6d81e330067e714ff3d70,acc713ba62a8eff57fa679b49837b9e1463fce50d0b6d81e330067e714ff3d70,200,PASS,
250,"Custom Mooncake Handbag Gift Box with Insert",custom-mooncake-handbag-gift-box-with-insert,http://localhost/hopgiayvpn/product/custom-mooncake-handbag-gift-box-with-insert/,publish,BATCH-11,11,"Bakery, food and confectionery packaging","Food Paper Boxes","mooncake handbag gift box","mooncake handbag gift box with insert | food packaging box | mooncake handbag gift box manufacturer | mooncake handbag gift box with insert for food | art paper food box",42,1060,"Custom Mooncake Handbag Gift Box With Insert for Food Brands","Custom mooncake handbag gift box with insert for premium mooncakes, bakery gifts, hotel collections, and corporate food packaging. Features custom logo.","mooncake handbag gift box",,4,NO,KEEP_AS_VARIANT,C:\xampp\htdocs\hopgiayvpn\seo-content\product-rewrite-v1\products\250-custom-mooncake-handbag-gift-box-with-insert.html,44f069c72723cef00c2f99d12750f9659e0c412847b750eb753473a60ac28126,44f069c72723cef00c2f99d12750f9659e0c412847b750eb753473a60ac28126,200,PASS,
252,"Custom Mooncake Cabinet Gift Box with Drawers",custom-mooncake-cabinet-gift-box-with-drawers,http://localhost/hopgiayvpn/product/custom-mooncake-cabinet-gift-box-with-drawers/,publish,BATCH-11,11,"Bakery, food and confectionery packaging","Bakery Packaging Boxes","mooncake cabinet gift box","mooncake cabinet gift box with drawers | food packaging box | mooncake cabinet gift box manufacturer | mooncake cabinet gift box with drawers for food | art paper food box",45,1059,"Custom Mooncake Cabinet Gift Box With Drawers Manufacturer","Custom mooncake cabinet gift box with double-door opening, drawer compartments, decorative artwork, and premium structure for luxury mooncake sets, corporate.","mooncake cabinet gift box",,4,NO,KEEP_AS_VARIANT,C:\xampp\htdocs\hopgiayvpn\seo-content\product-rewrite-v1\products\252-custom-mooncake-cabinet-gift-box-with-drawers.html,e71530b014a1fba7c08dd97ff2992ec36139a8c3da47a9b030204bee15e229c5,e71530b014a1fba7c08dd97ff2992ec36139a8c3da47a9b030204bee15e229c5,200,PASS,
254,"Custom Rigid Gift Box with Matching Paper Bag",custom-rigid-gift-box-with-matching-paper-bag,http://localhost/hopgiayvpn/product/custom-rigid-gift-box-with-matching-paper-bag/,publish,BATCH-09,9,"Perfume and beauty packaging","Paper Bags with Logo","rigid gift box with paper bag","rigid gift box with matching paper bag | retail packaging box | rigid gift box with paper bag manufacturer | rigid gift box with matching paper bag for retail | art paper retail box",46,947,"Custom Rigid Gift Box With Matching Paper Bag Manufacturer","Custom rigid gift box with matching paper bag for premium gifts, cosmetics, jewelry, retail products, and corporate packaging. Features custom logo.","rigid gift box with paper bag",,4,NO,KEEP_AS_VARIANT,C:\xampp\htdocs\hopgiayvpn\seo-content\product-rewrite-v1\products\254-custom-rigid-gift-box-with-matching-paper-bag.html,1751fb1bb4fd6ffe7dd26c98f70055717564fe2362f79c324f0a909f4a5b89b7,1751fb1bb4fd6ffe7dd26c98f70055717564fe2362f79c324f0a909f4a5b89b7,200,PASS,
255,"Custom Round Jar Drawer Box",custom-round-jar-drawer-box,http://localhost/hopgiayvpn/product/custom-round-jar-drawer-box/,publish,BATCH-03,3,"Skincare product-specific packaging","Cosmetic Paper Boxes","round jar drawer box","candle packaging box | round jar drawer box manufacturer | round jar drawer box for candle | art paper candle box",40,929,"Custom Round Jar Drawer Box for Candle Brands Manufacturer","Custom round jar drawer box for candle jars, cosmetic jars, balm jars, skincare products, and premium retail gifts. Features custom logo. B2B packaging.","round jar drawer box",,4,NO,KEEP_DISTINCT,C:\xampp\htdocs\hopgiayvpn\seo-content\product-rewrite-v1\products\255-custom-round-jar-drawer-box.html,823088810320044d71f3d9bd90a8b9bce74cee81aa61d836f9d77d2f2570f06f,823088810320044d71f3d9bd90a8b9bce74cee81aa61d836f9d77d2f2570f06f,200,PASS,
256,"Custom Luxury Watch Box with Drawer",custom-luxury-watch-box-with-drawer,http://localhost/hopgiayvpn/product/custom-luxury-watch-box-with-drawer/,publish,BATCH-13,13,"Jewelry, watch and premium accessories","Jewelry Paper Boxes","luxury watch box with drawer","watch packaging box | luxury watch box with drawer manufacturer | luxury watch box with drawer for watch | art paper watch box",50,1035,"Custom Luxury Watch Box With Drawer for Watch Brands","Custom luxury watch box with drawer for premium wristwatches, jewelry gifts, and branded retail packaging. Features custom logo. B2B packaging.","luxury watch box with drawer",,4,NO,KEEP_AS_VARIANT,C:\xampp\htdocs\hopgiayvpn\seo-content\product-rewrite-v1\products\256-custom-luxury-watch-box-with-drawer.html,0aee9e69ab6f03c5c012335d8d6b874bae7c45ec1d0f4ece0481633bc854a524,0aee9e69ab6f03c5c012335d8d6b874bae7c45ec1d0f4ece0481633bc854a524,200,PASS,
257,"Custom Watch Box with Pillow Insert",custom-watch-box-with-pillow-insert,http://localhost/hopgiayvpn/product/custom-watch-box-with-pillow-insert/,publish,BATCH-13,13,"Jewelry, watch and premium accessories","Jewelry Paper Boxes","watch box with pillow","watch box with pillow insert | watch packaging box | watch box with pillow manufacturer | watch box with pillow insert for watch | art paper watch box",51,1022,"Custom Watch Box With Pillow Insert for Watch Brands","Custom watch box with pillow insert for wristwatches, luxury gifts, retail display, and branded packaging. Features custom logo. B2B packaging.","watch box with pillow",,4,NO,KEEP_AS_VARIANT,C:\xampp\htdocs\hopgiayvpn\seo-content\product-rewrite-v1\products\257-custom-watch-box-with-pillow-insert.html,69b4d539b0b00b5cf0302f07fa6c077af6c98327c49feb6e4a3202fa2574ebb7,69b4d539b0b00b5cf0302f07fa6c077af6c98327c49feb6e4a3202fa2574ebb7,200,PASS,
295,"Custom Pastry Box with Clear Window",custom-pastry-box-with-clear-window,http://localhost/hopgiayvpn/product/custom-pastry-box-with-clear-window/,publish,BATCH-10,10,"Bakery, food and confectionery packaging","Bakery Packaging Boxes","pastry box with window","pastry box with clear window | food packaging box | pastry box with window manufacturer | pastry box with clear window for food | food grade paper food box",51,1064,"Custom Pastry Box With Clear Window for Food Brands","Custom dessert gift box with inserts for branded presentation, protective packing, and premium retail-ready unboxing. Features custom logo. B2B packaging.","pastry box with window",,4,YES,KEEP_AS_VARIANT,C:\xampp\htdocs\hopgiayvpn\seo-content\product-rewrite-v1\products\295-custom-pastry-box-with-clear-window.html,b02b17ed47450c7e3dd9eadbd06a085c7b46cd0d116d0931a4d596c92187b4d9,b02b17ed47450c7e3dd9eadbd06a085c7b46cd0d116d0931a4d596c92187b4d9,200,PASS,
323,"Custom Tumbler Packaging Box with Insert",custom-tumbler-packaging-box-with-insert,http://localhost/hopgiayvpn/product/custom-tumbler-packaging-box-with-insert/,publish,BATCH-12,12,"Wine, bottle and beverage packaging","Custom Paper Boxes","tumbler packaging box","tumbler packaging box with insert | drinkware packaging box | tumbler packaging box manufacturer | tumbler packaging box with insert for drinkware | art paper drinkware box",44,1009,"Custom Tumbler Packaging Box With Insert Manufacturer","Custom tumbler packaging box with insert for drinkware, glass cups, mugs, bottles, and premium retail gifts. Features custom logo. B2B packaging.","tumbler packaging box",,3,NO,KEEP_DISTINCT,C:\xampp\htdocs\hopgiayvpn\seo-content\product-rewrite-v1\products\323-custom-tumbler-packaging-box-with-insert.html,2a84366bdd738494129508fdef74e3a1a843318d83a38150829ad0bc11464484,2a84366bdd738494129508fdef74e3a1a843318d83a38150829ad0bc11464484,200,PASS,
325,"Custom Skincare Jar Packaging Box with Insert",custom-skincare-jar-packaging-box-with-insert,http://localhost/hopgiayvpn/product/custom-skincare-jar-packaging-box-with-insert/,publish,BATCH-03,3,"Skincare product-specific packaging","Skincare Packaging Boxes","skincare jar packaging box","lid and base skincare jar box with insert | cosmetics packaging box | skincare jar packaging box manufacturer | lid and base skincare jar box with insert for cosmetics | art paper cosmetics box",41,925,"Custom Skincare Jar Packaging Box With Insert Manufacturer","Custom skincare jar packaging box with insert for cream jars, cosmetic sets, beauty products, and retail packaging. Features custom logo. B2B packaging.","skincare jar packaging box",,4,NO,KEEP_DISTINCT,C:\xampp\htdocs\hopgiayvpn\seo-content\product-rewrite-v1\products\325-custom-skincare-jar-packaging-box-with-insert.html,8233f4841192c678545272dd99f513214b6cba6f8336759fe2b6f63547dd92d6,8233f4841192c678545272dd99f513214b6cba6f8336759fe2b6f63547dd92d6,200,PASS,
328,"Custom Bottle Carrier Box with Handle",custom-bottle-carrier-box-with-handle,http://localhost/hopgiayvpn/product/custom-bottle-carrier-box-with-handle/,publish,BATCH-12,12,"Wine, bottle and beverage packaging","Custom Paper Boxes","bottle carrier box","bottle carrier box with handle | beverage packaging box | bottle carrier box manufacturer | bottle carrier box with handle for beverage | kraft paper beverage box",41,1025,"Custom Bottle Carrier Box With Handle for Beverage Brands","Custom bottle carrier box with handle for beer, beverages, glass bottles, sauce bottles, and gift packaging. Features custom logo. B2B packaging.","bottle carrier box",,3,NO,KEEP_DISTINCT,C:\xampp\htdocs\hopgiayvpn\seo-content\product-rewrite-v1\products\328-custom-bottle-carrier-box-with-handle.html,ecb4da49edb01155e2b800a8d78b244052bf6811c9e9f2caf8dd127d0f964f27,ecb4da49edb01155e2b800a8d78b244052bf6811c9e9f2caf8dd127d0f964f27,200,PASS,
334,"Custom Perfume Gift Set Box with Insert",custom-perfume-gift-set-box-with-insert,http://localhost/hopgiayvpn/product/custom-perfume-gift-set-box-with-insert/,publish,BATCH-09,9,"Perfume and beauty packaging","Perfume Packaging Boxes","perfume gift set box","perfume gift set box with insert | perfume packaging box | perfume gift set box manufacturer | perfume gift set box with insert for perfume | art paper perfume box",42,933,"Custom Perfume Gift Set Box With Insert for Perfume Brands","Custom perfume gift set box with insert for fragrance brands, mini perfume bottles, sample sets, and luxury retail gifts. Features custom logo.","perfume gift set box",,4,NO,KEEP_AS_VARIANT,C:\xampp\htdocs\hopgiayvpn\seo-content\product-rewrite-v1\products\334-custom-perfume-gift-set-box-with-insert.html,eeb192cbc0ff0a7b801fe9cb20c08a25aa627fee094e5d8d921b0cf74505801b,eeb192cbc0ff0a7b801fe9cb20c08a25aa627fee094e5d8d921b0cf74505801b,200,PASS,
340,"Custom Cosmetic Drawer Box with Insert",custom-cosmetic-drawer-box-with-insert,http://localhost/hopgiayvpn/product/custom-cosmetic-drawer-box-with-insert/,publish,BATCH-03,3,"Skincare product-specific packaging","Cosmetic Paper Boxes","cosmetic drawer box","cosmetic drawer box with insert | cosmetics packaging box | cosmetic drawer box manufacturer | cosmetic drawer box with insert for cosmetics | art paper cosmetics box",50,904,"Custom Cosmetic Drawer Box With Insert for Cosmetics Brands","Custom cosmetic drawer box with insert for skincare sets, serum bottles, beauty products, and premium retail packaging. Features custom logo.","cosmetic drawer box",,4,NO,KEEP_AS_VARIANT,C:\xampp\htdocs\hopgiayvpn\seo-content\product-rewrite-v1\products\340-custom-cosmetic-drawer-box-with-insert.html,fffc44c930d8d5e6fd405b00143504de9110a1286334582312b79f4186cc5186,fffc44c930d8d5e6fd405b00143504de9110a1286334582312b79f4186cc5186,200,PASS,
346,"Custom Rigid Square Gift Box with Foil Logo",custom-rigid-square-gift-box-with-foil-logo,http://localhost/hopgiayvpn/product/custom-rigid-square-gift-box-with-foil-logo/,publish,BATCH-09,9,"Perfume and beauty packaging","Rigid Boxes","rigid square gift box","retail packaging box | rigid square gift box manufacturer | rigid square gift box for retail | art paper retail box",43,938,"Custom Rigid Square Gift Box With Foil Logo Manufacturer","Custom rigid square gift box with foil logo for premium gifts, cosmetics, retail products, accessories, and branded packaging. Features custom logo.","rigid square gift box",,4,YES,KEEP_AS_VARIANT,C:\xampp\htdocs\hopgiayvpn\seo-content\product-rewrite-v1\products\346-custom-rigid-square-gift-box-with-foil-logo.html,f62e3281323853304da2cc95fb562a8c5714af774d94f1e39ff28d39fe6449b5,f62e3281323853304da2cc95fb562a8c5714af774d94f1e39ff28d39fe6449b5,200,PASS,
351,"Custom Luxury Mooncake Gift Box with Insert",custom-luxury-mooncake-gift-box-with-insert,http://localhost/hopgiayvpn/product/custom-luxury-mooncake-gift-box-with-insert/,publish,BATCH-11,11,"Bakery, food and confectionery packaging","Bakery Packaging Boxes","luxury mooncake gift box","luxury rigid mooncake gift box | food packaging box | luxury mooncake gift box manufacturer | luxury rigid mooncake gift box for food | art paper food box",51,1020,"Custom Luxury Mooncake Gift Box With Insert for Food Brands","Custom luxury mooncake gift box with rigid structure, hinged lid, decorative artwork, and compartment insert for premium mooncakes, bakery gifts, corporate.","luxury mooncake gift box",,4,NO,KEEP_AS_VARIANT,C:\xampp\htdocs\hopgiayvpn\seo-content\product-rewrite-v1\products\351-custom-luxury-mooncake-gift-box-with-insert.html,7a0f5d96a253df1a9229b2d2722a8393d5835a249b2131a0f94ff0103e4dbf4f,7a0f5d96a253df1a9229b2d2722a8393d5835a249b2131a0f94ff0103e4dbf4f,200,PASS,
357,"Custom Kraft Pastry Drawer Box with Insert",custom-kraft-pastry-drawer-box-with-insert,http://localhost/hopgiayvpn/product/custom-kraft-pastry-drawer-box-with-insert/,publish,BATCH-11,11,"Bakery, food and confectionery packaging","Bakery Packaging Boxes","pastry drawer box","kraft drawer pastry box | food packaging box | pastry drawer box manufacturer | kraft drawer pastry box for food | kraft paper food box",42,1049,"Custom Kraft Pastry Drawer Box With Insert for Food Brands","Custom kraft pastry drawer box with insert for bakeries, pastry brands, mooncakes, desserts, and premium food gifts. Features kraft paper look.","pastry drawer box",,4,NO,KEEP_AS_VARIANT,C:\xampp\htdocs\hopgiayvpn\seo-content\product-rewrite-v1\products\357-custom-kraft-pastry-drawer-box-with-insert.html,83f814d9d0031b890f1bf82eecd2d38822a33d44e78b86c971401efe42074af3,83f814d9d0031b890f1bf82eecd2d38822a33d44e78b86c971401efe42074af3,200,PASS,
367,"Custom Mooncake Packaging Box",custom-mooncake-packaging-box,http://localhost/hopgiayvpn/product/custom-mooncake-packaging-box/,publish,BATCH-11,11,"Bakery, food and confectionery packaging","Bakery Packaging Boxes","mooncake packaging box","food packaging box | mooncake packaging box manufacturer | mooncake packaging box for food | food grade paper food box",48,1060,"Custom Mooncake Packaging Box for Food Brands Manufacturer","Custom mooncake packaging box for bakery brands, pastry gifts, seasonal food packaging, and premium confectionery products. Features custom logo.","mooncake packaging box",,4,NO,KEEP_AS_VARIANT,C:\xampp\htdocs\hopgiayvpn\seo-content\product-rewrite-v1\products\367-custom-mooncake-packaging-box.html,6415588336d24943b26c62e1c146f1436c329b5438efa8deb410a713dc4d2825,6415588336d24943b26c62e1c146f1436c329b5438efa8deb410a713dc4d2825,200,PASS,
373,"Custom Luxury Paper Gift Bag with Ribbon Handles",custom-luxury-paper-gift-bag-with-ribbon-handles,http://localhost/hopgiayvpn/product/custom-luxury-paper-gift-bag-with-ribbon-handles/,publish,BATCH-09,9,"Perfume and beauty packaging","Paper Bags with Logo","luxury paper gift bag","retail packaging box | luxury paper gift bag manufacturer | luxury paper gift bag for retail | art paper retail box",46,883,"Custom Luxury Paper Gift Bag With Ribbon Handles Supplier","Custom luxury paper gift bag with ribbon handles for premium gifts, retail stores, fashion brands, cosmetics, events, and branded packaging.","luxury paper gift bag",,4,YES,KEEP_AS_VARIANT,C:\xampp\htdocs\hopgiayvpn\seo-content\product-rewrite-v1\products\373-custom-luxury-paper-gift-bag-with-ribbon-handles.html,4276fc1640b9f05ec2704ee9af77bcb1a352aadc0e18b858424d271b6e7884ff,4276fc1640b9f05ec2704ee9af77bcb1a352aadc0e18b858424d271b6e7884ff,200,PASS,
379,"Custom Paper Shopping Bag with Handles",custom-paper-shopping-bag-with-handles,http://localhost/hopgiayvpn/product/custom-paper-shopping-bag-with-handles/,publish,BATCH-09,9,"Perfume and beauty packaging","Paper Bags with Logo","custom paper shopping bag","retail packaging box | custom paper shopping bag manufacturer | custom paper shopping bag for retail | art paper retail box",52,846,"Custom Paper Shopping Bag With Handles for Retail Brands","Custom paper shopping bag with handles for retail stores, gift packaging, fashion brands, cosmetics, accessories, and promotional events. B2B packaging.","custom paper shopping bag",,4,YES,KEEP_AS_VARIANT,C:\xampp\htdocs\hopgiayvpn\seo-content\product-rewrite-v1\products\379-custom-paper-shopping-bag-with-handles.html,fb10fc2d89779ede9b7395089c1227fc48c9211b8017d3994e19939182f63492,fb10fc2d89779ede9b7395089c1227fc48c9211b8017d3994e19939182f63492,200,PASS,
386,"Custom Printed Corrugated Ecommerce Box",custom-printed-corrugated-ecommerce-box,http://localhost/hopgiayvpn/product/custom-printed-corrugated-ecommerce-box/,publish,BATCH-01,1,"Priority corrugated duplicates and core mailers","Corrugated Mailer Boxes","printed corrugated ecommerce box","ecommerce packaging box | printed corrugated ecommerce box manufacturer | printed corrugated ecommerce box for ecommerce | corrugated paper ecommerce box",43,1028,"Custom PRinted Corrugated Ecommerce Box for Ecommerce Brands","Custom printed corrugated ecommerce box with tuck top structure, inside printing, logo printing, and durable paperboard for bakery products, gifts, apparel.","printed corrugated ecommerce box",,4,NO,KEEP_AS_VARIANT,C:\xampp\htdocs\hopgiayvpn\seo-content\product-rewrite-v1\products\386-custom-printed-corrugated-ecommerce-box.html,d5c76cc236f13755f2e74578032683516f1fcbb87bbac4f6286cd398c653cb2a,d5c76cc236f13755f2e74578032683516f1fcbb87bbac4f6286cd398c653cb2a,200,PASS,
391,"Custom Corrugated Mailer Box",custom-corrugated-mailer-box,http://localhost/hopgiayvpn/product/custom-corrugated-mailer-box/,publish,BATCH-01,1,"Priority corrugated duplicates and core mailers","Corrugated Mailer Boxes","custom corrugated mailer box","corrugated mailer box | ecommerce packaging box | custom corrugated mailer box manufacturer | corrugated mailer box for ecommerce | corrugated paper ecommerce box",52,1028,"Custom Corrugated Mailer Box for Ecommerce Brands Supplier","Custom corrugated mailer box for ecommerce shipping, apparel, shoes, gifts, subscription boxes, and retail packaging. Features custom logo. B2B packaging.","custom corrugated mailer box",,4,NO,KEEP_AS_VARIANT,C:\xampp\htdocs\hopgiayvpn\seo-content\product-rewrite-v1\products\391-custom-corrugated-mailer-box.html,8d19331f24cef4e3d1059c8d746705fcea14a7e18e382721f70ab2b1ff018b64,8d19331f24cef4e3d1059c8d746705fcea14a7e18e382721f70ab2b1ff018b64,200,PASS,
397,"Custom Magnetic Gift Box with Insert Tray",custom-magnetic-gift-box-with-insert-tray,http://localhost/hopgiayvpn/product/custom-magnetic-gift-box-with-insert-tray/,publish,BATCH-04,4,"Magnetic closure boxes by industry","Magnetic Closure Boxes","magnetic gift box with insert","magnetic closure rigid box with insert tray | cosmetics packaging box | magnetic gift box with insert manufacturer | magnetic closure rigid box with insert tray for cosmetics | art paper cosmetics box",45,1049,"Custom Magnetic Gift Box With Insert Tray Manufacturer","Custom magnetic gift box with insert tray for premium gifts, cosmetics, retail products, accessories, and branded packaging. Features custom logo.","magnetic gift box with insert",,4,NO,KEEP_AS_VARIANT,C:\xampp\htdocs\hopgiayvpn\seo-content\product-rewrite-v1\products\397-custom-magnetic-gift-box-with-insert-tray.html,425e62bbea95bdd980b7ba90afe80f03c3b84b011091108466c189679ec7bed9,425e62bbea95bdd980b7ba90afe80f03c3b84b011091108466c189679ec7bed9,200,PASS,
401,"Custom Magnetic Closure Gift Box",custom-magnetic-closure-gift-box,http://localhost/hopgiayvpn/product/custom-magnetic-closure-gift-box/,publish,BATCH-04,4,"Magnetic closure boxes by industry","Magnetic Closure Boxes","magnetic closure gift box","magnetic closure rigid box | cosmetics packaging box | magnetic closure gift box manufacturer | magnetic closure rigid box for cosmetics | art paper cosmetics box",43,1011,"Custom Magnetic Closure Gift Box for Cosmetics Brands","Custom magnetic closure gift box with rigid paperboard structure, flip-top lid, logo printing, and premium finishing options for luxury gifts, cosmetics.","magnetic closure gift box",,4,NO,KEEP_AS_VARIANT,C:\xampp\htdocs\hopgiayvpn\seo-content\product-rewrite-v1\products\401-custom-magnetic-closure-gift-box.html,02790cafcd5ddaf47ed24416adba99ed18059cf7571e700d365c39a797a114ec,02790cafcd5ddaf47ed24416adba99ed18059cf7571e700d365c39a797a114ec,200,PASS,
405,"Custom Perfume Display Box with Sleeve",custom-perfume-display-box-with-sleeve,http://localhost/hopgiayvpn/product/custom-perfume-display-box-with-sleeve/,publish,BATCH-09,9,"Perfume and beauty packaging","Perfume Packaging Boxes","perfume display box","rigid perfume display box | perfume packaging box | perfume display box manufacturer | rigid perfume display box for perfume | art paper perfume box",44,997,"Custom Perfume Display Box With Sleeve for Perfume Brands","Custom perfume display box with sleeve for fragrance brands, cosmetic packaging, retail display, and luxury presentation. Features custom logo.","perfume display box",,4,NO,KEEP_AS_VARIANT,C:\xampp\htdocs\hopgiayvpn\seo-content\product-rewrite-v1\products\405-custom-perfume-display-box-with-sleeve.html,230c99e682edaad8978fb4c3666a938edbf079a0bf159c6024b1344b2b1b7b41,230c99e682edaad8978fb4c3666a938edbf079a0bf159c6024b1344b2b1b7b41,200,PASS,
416,"Custom Pastry Gift Box with Insert",custom-pastry-gift-box-with-insert,http://localhost/hopgiayvpn/product/custom-pastry-gift-box-with-insert/,publish,BATCH-10,10,"Bakery, food and confectionery packaging","Bakery Packaging Boxes","pastry gift box with insert","rigid pastry gift box | food packaging box | pastry gift box with insert manufacturer | rigid pastry gift box for food | food grade paper food box",44,1022,"Custom Pastry Gift Box With Insert for Food Brands","Custom pastry gift box with insert for bakeries, dessert brands, confectionery products, and premium food gifts. Features custom logo. B2B packaging.","pastry gift box with insert",,4,YES,KEEP_DISTINCT,C:\xampp\htdocs\hopgiayvpn\seo-content\product-rewrite-v1\products\416-custom-pastry-gift-box-with-insert.html,2cf6bf7928b8373127b99b5c1c5ad3206fdcf04f85dbe579aced203a7e22f756,2cf6bf7928b8373127b99b5c1c5ad3206fdcf04f85dbe579aced203a7e22f756,200,PASS,
422,"CUSTOM MAGNETIC GIFT BOX",custom-magnetic-gift-box,http://localhost/hopgiayvpn/product/custom-magnetic-gift-box/,publish,BATCH-04,4,"Magnetic closure boxes by industry","Magnetic Closure Boxes","magnetic gift box","magnetic rigid gift box | retail packaging box | magnetic gift box manufacturer | magnetic rigid gift box for retail | rigid greyboard retail box",40,905,"Custom Magnetic Gift Box for Retail Brands Manufacturer","CUSTOM MAGNETIC GIFT BOX is a rigid paper packaging solution for premium gifts, retail products, promotional kits, and branded merchandise. B2B packaging.","magnetic gift box",,5,YES,KEEP_AS_VARIANT,C:\xampp\htdocs\hopgiayvpn\seo-content\product-rewrite-v1\products\422-custom-magnetic-gift-box.html,3ceecc404546792befa262139de2a6cabd4abcfefb1190037c279f8255943492,3ceecc404546792befa262139de2a6cabd4abcfefb1190037c279f8255943492,200,PASS,
426,"CUSTOM MEDICAL KIT PACKAGING BOX",custom-medical-kit-packaging-box,http://localhost/hopgiayvpn/product/custom-medical-kit-packaging-box/,publish,BATCH-16,16,"Pharma, supplement and electronics","Pharmaceutical Packaging Boxes","medical kit packaging box","medical kit packaging box with insert | healthcare packaging box | medical kit packaging box manufacturer | medical kit packaging box with insert for healthcare | ivory paper healthcare box",42,1091,"Custom Medical Kit Packaging Box for Healthcare Brands","CUSTOM MEDICAL KIT PACKAGING BOX is designed for diagnostic kits, healthcare sample sets, first-aid components, clinical products, and medical supply programs.","medical kit packaging box",,4,NO,KEEP_DISTINCT,C:\xampp\htdocs\hopgiayvpn\seo-content\product-rewrite-v1\products\426-custom-medical-kit-packaging-box.html,d4279ff1c07d12f58b69be7acb80466e71840c34bb4b29ad23dd1d974dd1fe1d,d4279ff1c07d12f58b69be7acb80466e71840c34bb4b29ad23dd1d974dd1fe1d,200,PASS,
431,"Custom Watch Box with Drawer",custom-watch-box-with-drawer,http://localhost/hopgiayvpn/product/custom-watch-box-with-drawer/,publish,BATCH-13,13,"Jewelry, watch and premium accessories","Jewelry Paper Boxes","watch box with drawer","custom watch box with drawer | rigid drawer box | watch packaging box | watch box with drawer manufacturer | rigid drawer box for watch",43,981,"Custom Watch Box With Drawer for Watch Brands Manufacturer","Custom watch box with drawer for watch brands, jewelry retailers, gift packaging, and ecommerce orders. Features custom logo. B2B packaging.","watch box with drawer",,4,NO,KEEP_AS_VARIANT,C:\xampp\htdocs\hopgiayvpn\seo-content\product-rewrite-v1\products\431-custom-watch-box-with-drawer.html,b96baadbd733b7ecea6bd2eca44f9b717e9f3ad424cbe0a949f87dc63c840b27,b96baadbd733b7ecea6bd2eca44f9b717e9f3ad424cbe0a949f87dc63c840b27,200,PASS,
603,"Custom Luxury Wine Bottle Gift Box with Logo",custom-luxury-wine-bottle-packaging-box,http://localhost/hopgiayvpn/product/custom-luxury-wine-bottle-packaging-box/,publish,BATCH-12,12,"Wine, bottle and beverage packaging","Gift Paper Boxes","luxury wine bottle gift box","wine packaging box | luxury wine bottle gift box manufacturer | luxury wine bottle gift box for wine | rigid paperboard wine box",41,948,"Custom Luxury Wine Bottle Gift Box With Logo for Wine Brands","Custom luxury wine bottle packaging box designed for premium wine, gift sets, and brand presentation. Features custom logo. B2B packaging.","luxury wine bottle gift box",,4,YES,NEEDS_OWNER_REVIEW,C:\xampp\htdocs\hopgiayvpn\seo-content\product-rewrite-v1\products\603-custom-luxury-wine-bottle-packaging-box.html,d86036a9251c7de3391150302faf148eae790d5131c285e05c7eea7ac2a7d42b,d86036a9251c7de3391150302faf148eae790d5131c285e05c7eea7ac2a7d42b,200,PASS,
725,"CUSTOM LUXURY GIFT BOX WITH PAPER BAG",custom-luxury-gift-box-with-paper-bag,http://localhost/hopgiayvpn/product/custom-luxury-gift-box-with-paper-bag/,publish,BATCH-14,14,"Paper bags and carried packaging","Paper Bags with Logo","luxury gift box with paper bag","luxury gift box with matching paper bag | retail packaging box | luxury gift box with paper bag manufacturer | luxury gift box with matching paper bag for retail | rigid greyboard retail box",51,1051,"Custom Luxury Gift Box With Paper Bag for Retail Brands","CUSTOM LUXURY GIFT BOX WITH PAPER BAG is a coordinated paper packaging solution for retail gifts, VIP client sets, holiday campaigns, and premium product.","luxury gift box with paper bag",,5,NO,KEEP_AS_VARIANT,C:\xampp\htdocs\hopgiayvpn\seo-content\product-rewrite-v1\products\725-custom-luxury-gift-box-with-paper-bag.html,901f8a0d3bdf6f057f199edf10902c922ce9c64a514fd4df166f3a0258f4f2ed,901f8a0d3bdf6f057f199edf10902c922ce9c64a514fd4df166f3a0258f4f2ed,200,PASS,
738,"CUSTOM MUG PACKAGING BOX WITH WINDOW",custom-mug-packaging-box-with-window,http://localhost/hopgiayvpn/product/custom-mug-packaging-box-with-window/,publish,BATCH-10,10,"Bakery, food and confectionery packaging","Food Paper Boxes","mug packaging box with window","drinkware packaging box | mug packaging box with window manufacturer | mug packaging box with window for drinkware | ivory paper drinkware box",43,1031,"Custom Mug Packaging Box With Window for Drinkware Brands","CUSTOM MUG PACKAGING BOX WITH WINDOW is a retail paperboard packaging solution for ceramic mugs, cups, drinkware gifts, and branded beverage merchandise.","mug packaging box with window",,5,YES,KEEP_DISTINCT,C:\xampp\htdocs\hopgiayvpn\seo-content\product-rewrite-v1\products\738-custom-mug-packaging-box-with-window.html,b0e0b9a658f7cc3c3d267851947fcb241d6235199947300c6bc94df4fd1ac15a,b0e0b9a658f7cc3c3d267851947fcb241d6235199947300c6bc94df4fd1ac15a,200,PASS,
739,"CUSTOM PAPER TUBE FOOD PACKAGING BOX",custom-paper-tube-food-packaging-box,http://localhost/hopgiayvpn/product/custom-paper-tube-food-packaging-box/,publish,BATCH-06,6,"Tea and coffee packaging","Food Paper Boxes","paper tube food packaging box","round paper tube food packaging box | food packaging box | paper tube food packaging box manufacturer | round paper tube food packaging box for food | kraft paper food box",44,966,"Custom Paper Tube Food Packaging Box for Food Brands","CUSTOM PAPER TUBE FOOD PACKAGING BOX is a round paper packaging solution for tea, coffee, snacks, candy, cookies, powders, and dry food products.","paper tube food packaging box",,5,YES,KEEP_DISTINCT,C:\xampp\htdocs\hopgiayvpn\seo-content\product-rewrite-v1\products\739-custom-paper-tube-food-packaging-box.html,e5f8b5689dc2c557138dcdc2b812a16339ea144cf2621f31ab4e0b81b0be6c07,e5f8b5689dc2c557138dcdc2b812a16339ea144cf2621f31ab4e0b81b0be6c07,200,PASS,
744,"CUSTOM PHONE PACKAGING BOX",custom-phone-packaging-box,http://localhost/hopgiayvpn/product/custom-phone-packaging-box/,publish,BATCH-16,16,"Pharma, supplement and electronics","Electronics Accessories Packaging","phone packaging box","phone packaging box with device tray | electronics packaging box | phone packaging box manufacturer | phone packaging box with device tray for electronics | rigid greyboard electronics box",45,1033,"Custom Phone Packaging Box for Electronics Brands Supplier","CUSTOM PHONE PACKAGING BOX is a paper packaging solution for smartphones, refurbished phones, demo devices, and mobile electronics kits. B2B packaging.","phone packaging box",,5,YES,KEEP_AS_VARIANT,C:\xampp\htdocs\hopgiayvpn\seo-content\product-rewrite-v1\products\744-custom-phone-packaging-box.html,dc7f0f6dba46e56ebd1995ff393ef84b6ee583916e96ba97132a3a0cf2706b37,dc7f0f6dba46e56ebd1995ff393ef84b6ee583916e96ba97132a3a0cf2706b37,200,PASS,
752,"CUSTOM PILL PACKAGING BOX",custom-pill-packaging-box,http://localhost/hopgiayvpn/product/custom-pill-packaging-box/,publish,BATCH-16,16,"Pharma, supplement and electronics","Pharmaceutical Packaging Boxes","pill packaging box","pill packaging box pharmaceutical carton | pharmaceutical packaging box | pill packaging box manufacturer | pill packaging box pharmaceutical carton for pharmaceutical | ivory paper pharmaceutical box",43,914,"Custom Pill Packaging Box for Pharmaceutical Brands","CUSTOM PILL PACKAGING BOX is designed for pills, tablets, capsules, blister packs, medicine samples, and healthcare products that need clear information.","pill packaging box",,5,NO,KEEP_DISTINCT,C:\xampp\htdocs\hopgiayvpn\seo-content\product-rewrite-v1\products\752-custom-pill-packaging-box.html,1eede7b778d72baa16a378377671e306f33183f600d2339bc14fab9b9907d397,1eede7b778d72baa16a378377671e306f33183f600d2339bc14fab9b9907d397,200,PASS,
757,"CUSTOM PRINTED CORRUGATED PET FOOD BOX",custom-printed-corrugated-pet-food-box,http://localhost/hopgiayvpn/product/custom-printed-corrugated-pet-food-box/,publish,BATCH-01,1,"Priority corrugated duplicates and core mailers","Food Paper Boxes","printed corrugated pet food box","pet food packaging box | printed corrugated pet food box manufacturer | printed corrugated pet food box for pet food | corrugated paper pet food box",50,1069,"Custom PRinted Corrugated Pet Food Box for Pet Food Brands","CUSTOM PRINTED CORRUGATED PET FOOD BOX is a durable paper packaging solution for pet food, treats, pouches, subscription kits, and pet product bundles.","printed corrugated pet food box",,5,YES,KEEP_AS_VARIANT,C:\xampp\htdocs\hopgiayvpn\seo-content\product-rewrite-v1\products\757-custom-printed-corrugated-pet-food-box.html,be0e025de76febdd0937615bb79da14d9efa64f0a7dd733da0b544b580856459,be0e025de76febdd0937615bb79da14d9efa64f0a7dd733da0b544b580856459,200,PASS,
762,"CUSTOM RIGID GIFT BOX",custom-rigid-gift-box,http://localhost/hopgiayvpn/product/custom-rigid-gift-box/,publish,BATCH-04,4,"Magnetic closure boxes by industry","Magnetic Closure Boxes","rigid gift box","rigid gift box lid and base box | retail packaging box | rigid gift box manufacturer | rigid gift box lid and base box for retail | rigid greyboard retail box",48,961,"Custom Rigid Gift Box for Retail Brands Manufacturer","CUSTOM RIGID GIFT BOX is a premium paperboard packaging solution for gifts, retail products, luxury sets, and branded presentation boxes. B2B packaging.","rigid gift box",,5,YES,KEEP_AS_VARIANT,C:\xampp\htdocs\hopgiayvpn\seo-content\product-rewrite-v1\products\762-custom-rigid-gift-box.html,9d04978a16dfd0a40d36ee61ae464c3ccb0698d19567773cf30c30b451e646b4,9d04978a16dfd0a40d36ee61ae464c3ccb0698d19567773cf30c30b451e646b4,200,PASS,
767,"CUSTOM SINGLE WINE BOTTLE GIFT BOX",custom-single-wine-bottle-gift-box,http://localhost/hopgiayvpn/product/custom-single-wine-bottle-gift-box/,publish,BATCH-12,12,"Wine, bottle and beverage packaging","Wine and Premium Drink Packaging","single wine bottle gift box","wine packaging box | single wine bottle gift box manufacturer | single wine bottle gift box for wine | rigid greyboard wine box",45,1109,"Custom Single Wine Bottle Gift Box for Wine Brands","CUSTOM SINGLE WINE BOTTLE GIFT BOX is designed for one wine bottle, spirits bottle, champagne bottle, or premium beverage gift. Features single bottle support.","single wine bottle gift box",,5,YES,NEEDS_OWNER_REVIEW,C:\xampp\htdocs\hopgiayvpn\seo-content\product-rewrite-v1\products\767-custom-single-wine-bottle-gift-box.html,d905692905eebbea76731d7939cfbbeed8f773755ce81dae853bf10658735776,d905692905eebbea76731d7939cfbbeed8f773755ce81dae853bf10658735776,200,PASS,
769,"CUSTOM AMPOULE PACKAGING BOX",custom-ampoule-packaging-box,http://localhost/hopgiayvpn/product/custom-ampoule-packaging-box/,publish,BATCH-03,3,"Skincare product-specific packaging","Cosmetic Paper Boxes","ampoule packaging box","ampoule packaging box with custom insert | skincare packaging box | ampoule packaging box manufacturer | ampoule packaging box with custom insert for skincare | ivory paper skincare box",51,1029,"Custom Ampoule Packaging Box for Skincare Brands Supplier","CUSTOM AMPOULE PACKAGING BOX is designed for skincare ampoules, serum vials, treatment shots, and small glass beauty containers that need precise protection.","ampoule packaging box",,5,NO,KEEP_DISTINCT,C:\xampp\htdocs\hopgiayvpn\seo-content\product-rewrite-v1\products\769-custom-ampoule-packaging-box.html,98a5a71020c252226ce69becf8e4041291c9c08c22b0adef97595b66cb2d6057,98a5a71020c252226ce69becf8e4041291c9c08c22b0adef97595b66cb2d6057,200,PASS,
770,"CUSTOM CHARGING CABLE PACKAGING BOX",custom-charging-cable-packaging-box,http://localhost/hopgiayvpn/product/custom-charging-cable-packaging-box/,publish,BATCH-16,16,"Pharma, supplement and electronics","Electronics Accessories Packaging","charging cable packaging box","charging cable retail packaging box | electronics packaging box | charging cable packaging box manufacturer | charging cable retail packaging box for electronics | ivory paper electronics box",42,1120,"Custom Charging Cable Packaging Box for Electronics Brands","CUSTOM CHARGING CABLE PACKAGING BOX is built for USB, Type-C, Lightning, braided, and fast-charging cable products that need clear retail communication and.","charging cable packaging box",,5,YES,KEEP_DISTINCT,C:\xampp\htdocs\hopgiayvpn\seo-content\product-rewrite-v1\products\770-custom-charging-cable-packaging-box.html,022bdc340faad466694b99b1e0398b5a2c6cb02b71c26e2553b7c525cdc7f577,022bdc340faad466694b99b1e0398b5a2c6cb02b71c26e2553b7c525cdc7f577,200,PASS,
771,"CUSTOM COLORED PENCIL PACKAGING BOX",custom-colored-pencil-packaging-box,http://localhost/hopgiayvpn/product/custom-colored-pencil-packaging-box/,publish,BATCH-05,5,"Toy, game and creative-kit packaging","Back-to-School and Stationery Packaging","colored pencil packaging box","colored pencil packaging box with tray | stationery packaging box | colored pencil packaging box manufacturer | colored pencil packaging box with tray for stationery | ivory paper stationery box",40,1059,"Custom Colored Pencil Packaging Box for Stationery Brands","CUSTOM COLORED PENCIL PACKAGING BOX is designed for organized art supply sets where color order, pencil protection, and creative presentation matter.","colored pencil packaging box",,5,YES,KEEP_DISTINCT,C:\xampp\htdocs\hopgiayvpn\seo-content\product-rewrite-v1\products\771-custom-colored-pencil-packaging-box.html,e0ac6364d504824d2df1d2d939206812a517e8146c96a2ef665abda1f61cda6e,e0ac6364d504824d2df1d2d939206812a517e8146c96a2ef665abda1f61cda6e,200,PASS,
773,"CUSTOM COSMETIC PACKAGING BOX",custom-cosmetic-packaging-box,http://localhost/hopgiayvpn/product/custom-cosmetic-packaging-box/,publish,BATCH-02,2,"Skincare product-specific packaging","Cosmetic Paper Boxes","cosmetic packaging box","cosmetic packaging box manufacturer | cosmetic packaging box for cosmetic | ivory paper cosmetic box",42,926,"Custom Cosmetic Packaging Box for Cosmetic Brands Supplier","CUSTOM COSMETIC PACKAGING BOX is a flexible retail package for creams, serums, makeup, toner bottles, masks, tubes, and beauty kits. Features custom logo.","cosmetic packaging box",,6,YES,KEEP_AS_VARIANT,C:\xampp\htdocs\hopgiayvpn\seo-content\product-rewrite-v1\products\773-custom-cosmetic-packaging-box.html,0da95770d033519fe4a12fc98d374322e14dcb3b9b1c6f767420e77b2460c4bc,0da95770d033519fe4a12fc98d374322e14dcb3b9b1c6f767420e77b2460c4bc,200,PASS,
774,"CUSTOM COSMETIC PAPER BAG",custom-cosmetic-paper-bag,http://localhost/hopgiayvpn/product/custom-cosmetic-paper-bag/,publish,BATCH-08,8,"Perfume and beauty packaging","Cosmetic Paper Boxes","cosmetic paper bag","cosmetic packaging box | cosmetic paper bag manufacturer | cosmetic paper bag for cosmetic | art paper cosmetic box",43,840,"Custom Cosmetic Paper Bag for Cosmetic Brands Manufacturer","CUSTOM COSMETIC PAPER BAG is a branded carry-out and gift packaging solution for skincare boutiques, makeup counters, perfume shops, salons, and beauty.","cosmetic paper bag",,6,YES,KEEP_AS_VARIANT,C:\xampp\htdocs\hopgiayvpn\seo-content\product-rewrite-v1\products\774-custom-cosmetic-paper-bag.html,2bf7ef8d3d13f3c1703e0b58da3a2c7c0ea245b8b5d2167b89b82b2afab39a08,2bf7ef8d3d13f3c1703e0b58da3a2c7c0ea245b8b5d2167b89b82b2afab39a08,200,PASS,
775,"CUSTOM CRAYON PACKAGING BOX",custom-crayon-packaging-box,http://localhost/hopgiayvpn/product/custom-crayon-packaging-box/,publish,BATCH-05,5,"Toy, game and creative-kit packaging","Back-to-School and Stationery Packaging","crayon packaging box","stationery packaging box | crayon packaging box manufacturer | crayon packaging box for stationery | ivory paper stationery box",42,1007,"Custom Crayon Packaging Box for Stationery Brands Supplier","CUSTOM CRAYON PACKAGING BOX is designed for children coloring products, school art packs, classroom supplies, and mass retail crayon sets. B2B packaging.","crayon packaging box",,5,YES,KEEP_DISTINCT,C:\xampp\htdocs\hopgiayvpn\seo-content\product-rewrite-v1\products\775-custom-crayon-packaging-box.html,bd9e51a52fbb5ab822520e568362ef017693e069787afff16b0fbb1ff1d0b16c,bd9e51a52fbb5ab822520e568362ef017693e069787afff16b0fbb1ff1d0b16c,200,PASS,
776,"CUSTOM DINNERWARE PACKAGING BOX",custom-dinnerware-packaging-box,http://localhost/hopgiayvpn/product/custom-dinnerware-packaging-box/,publish,BATCH-17,17,"Home, candle and lifestyle packaging","Home and Lifestyle Packaging","dinnerware packaging box","dinnerware packaging box with protective divider | dinnerware packaging box manufacturer | dinnerware packaging box with protective divider for dinnerware | corrugated paper dinnerware box",48,1039,"Custom Dinnerware Packaging Box for Dinnerware Brands","CUSTOM DINNERWARE PACKAGING BOX is made for ceramic plates, bowls, mugs, tea sets, porcelain items, and homeware gift sets that need impact protection and.","dinnerware packaging box",,4,YES,KEEP_DISTINCT,C:\xampp\htdocs\hopgiayvpn\seo-content\product-rewrite-v1\products\776-custom-dinnerware-packaging-box.html,86d5dbd6ce52d1a07865825f9186e7b8396b24ccfd08980ca3ba5ab3b3820932,86d5dbd6ce52d1a07865825f9186e7b8396b24ccfd08980ca3ba5ab3b3820932,200,PASS,
777,"CUSTOM PHONE CASE PACKAGING BOX",custom-phone-case-packaging-box,http://localhost/hopgiayvpn/product/custom-phone-case-packaging-box/,publish,BATCH-16,16,"Pharma, supplement and electronics","Electronics Accessories Packaging","phone case packaging box","phone case retail packaging box | electronics packaging box | phone case packaging box manufacturer | phone case retail packaging box for electronics | ivory paper electronics box",49,928,"Custom Phone Case Packaging Box for Electronics Brands","CUSTOM PHONE CASE PACKAGING BOX is created for silicone, TPU, leather, clear, MagSafe-compatible, and protective mobile phone cases. Features custom logo.","phone case packaging box",,5,YES,KEEP_AS_VARIANT,C:\xampp\htdocs\hopgiayvpn\seo-content\product-rewrite-v1\products\777-custom-phone-case-packaging-box.html,ae062c305037af1cea59287da4125aa781aa4dca8b081e43cbc2d76cef4ba561,ae062c305037af1cea59287da4125aa781aa4dca8b081e43cbc2d76cef4ba561,200,PASS,
778,"CUSTOM SUPPLEMENT DRAWER PACKAGING BOX",custom-supplement-drawer-packaging-box,http://localhost/hopgiayvpn/product/custom-supplement-drawer-packaging-box/,publish,BATCH-16,16,"Pharma, supplement and electronics","Supplement Packaging Boxes","supplement drawer packaging box","supplement packaging box | supplement drawer packaging box manufacturer | supplement drawer packaging box for supplement | rigid greyboard supplement box",49,907,"Custom Supplement Drawer Packaging Box for Supplement Brands","CUSTOM SUPPLEMENT DRAWER PACKAGING BOX is designed for vitamin bottles, wellness kits, capsule programs, sachet sets, probiotics, collagen products, and.","supplement drawer packaging box",,4,YES,KEEP_AS_VARIANT,C:\xampp\htdocs\hopgiayvpn\seo-content\product-rewrite-v1\products\778-custom-supplement-drawer-packaging-box.html,5de3fcc7a732dee4329ccbb9339faabd28435fa656158d0a4a6234422c85ec01,5de3fcc7a732dee4329ccbb9339faabd28435fa656158d0a4a6234422c85ec01,200,PASS,
779,"CUSTOM DOUBLE WINE BOTTLE GIFT BOX",custom-double-wine-bottle-gift-box,http://localhost/hopgiayvpn/product/custom-double-wine-bottle-gift-box/,publish,BATCH-12,12,"Wine, bottle and beverage packaging","Wine and Premium Drink Packaging","double wine bottle gift box","wine packaging box | double wine bottle gift box manufacturer | double wine bottle gift box for wine | rigid greyboard wine box",41,1102,"Custom Double Wine Bottle Gift Box for Wine Brands","CUSTOM DOUBLE WINE BOTTLE GIFT BOX is designed for two-bottle wine, champagne, spirits, and premium beverage gift sets that need both luxury presentation and.","double wine bottle gift box",,5,YES,NEEDS_OWNER_REVIEW,C:\xampp\htdocs\hopgiayvpn\seo-content\product-rewrite-v1\products\779-custom-double-wine-bottle-gift-box.html,4175d73356d63c731d7e69c59c92cbff4dd02ce07e6d46eb7a977ddf06a73206,4175d73356d63c731d7e69c59c92cbff4dd02ce07e6d46eb7a977ddf06a73206,200,PASS,
780,"CUSTOM DRAWER GIFT BOX",custom-drawer-gift-box,http://localhost/hopgiayvpn/product/custom-drawer-gift-box/,publish,BATCH-08,8,"Perfume and beauty packaging","Drawer Boxes","drawer gift box","drawer gift box with sliding tray | retail packaging box | drawer gift box manufacturer | drawer gift box with sliding tray for retail | rigid greyboard retail box",52,1067,"Custom Drawer Gift Box for Retail Brands Manufacturer","CUSTOM DRAWER GIFT BOX is a slide-out rigid packaging solution for premium retail products, gift sets, accessories, cosmetics, stationery, and promotional.","drawer gift box",,5,NO,KEEP_AS_VARIANT,C:\xampp\htdocs\hopgiayvpn\seo-content\product-rewrite-v1\products\780-custom-drawer-gift-box.html,4d666c17a7eb02332d0bf9ffa9232ef9bf86cf2cdc2a974310a9691301e3117a,4d666c17a7eb02332d0bf9ffa9232ef9bf86cf2cdc2a974310a9691301e3117a,200,PASS,
781,"CUSTOM FOUNTAIN PEN GIFT BOX",custom-fountain-pen-gift-box,http://localhost/hopgiayvpn/product/custom-fountain-pen-gift-box/,publish,BATCH-05,5,"Toy, game and creative-kit packaging","Back-to-School and Stationery Packaging","fountain pen gift box","fountain pen gift box with custom tray | stationery packaging box | fountain pen gift box manufacturer | fountain pen gift box with custom tray for stationery | rigid greyboard stationery box",52,1040,"Custom Fountain Pen Gift Box for Stationery Brands","CUSTOM FOUNTAIN PEN GIFT BOX is designed for luxury writing instruments, pen sets, refill kits, stationery gifts, and executive promotional products.","fountain pen gift box",,5,NO,KEEP_DISTINCT,C:\xampp\htdocs\hopgiayvpn\seo-content\product-rewrite-v1\products\781-custom-fountain-pen-gift-box.html,cadfcbe919714006eb80ae6b2eedb7a1d82db110ed1df88966d973a2e0697663,cadfcbe919714006eb80ae6b2eedb7a1d82db110ed1df88966d973a2e0697663,200,PASS,
782,"CUSTOM KNIFE SET PACKAGING BOX",custom-knife-set-packaging-box,http://localhost/hopgiayvpn/product/custom-knife-set-packaging-box/,publish,BATCH-17,17,"Home, candle and lifestyle packaging","Home and Lifestyle Packaging","knife set packaging box","knife set packaging box with protective insert | kitchenware packaging box | knife set packaging box manufacturer | knife set packaging box with protective insert for kitchenware | rigid greyboard kitchenware box",43,1022,"Custom Knife Set Packaging Box for Kitchenware Brands","CUSTOM KNIFE SET PACKAGING BOX is made for kitchen knives, cutlery gift sets, chef knife kits, utility knives, and premium homeware retail products.","knife set packaging box",,4,YES,KEEP_DISTINCT,C:\xampp\htdocs\hopgiayvpn\seo-content\product-rewrite-v1\products\782-custom-knife-set-packaging-box.html,1a9eb19c93197b11231edd1faa72e0f692c4854543583906a501aee0af1196bb,1a9eb19c93197b11231edd1faa72e0f692c4854543583906a501aee0af1196bb,200,PASS,
783,"CUSTOM KRAFT PAPER BAG FOR SUPPLEMENT PACKAGING",custom-kraft-paper-bag-for-supplement-packaging,http://localhost/hopgiayvpn/product/custom-kraft-paper-bag-for-supplement-packaging/,publish,BATCH-14,14,"Paper bags and carried packaging","Supplement Packaging Boxes","kraft paper bag for supplement packaging","supplement packaging box | kraft paper bag for supplement packaging manufacturer | kraft paper bag for supplement packaging for supplement | brown kraft paper supplement box",51,954,"Custom Kraft Paper Bag For Supplement Packaging Manufacturer","CUSTOM KRAFT PAPER BAG FOR SUPPLEMENT PACKAGING is designed for vitamins, wellness products, herbal supplements, nutrition kits, health stores, and.","kraft paper bag for supplement packaging",,4,YES,KEEP_DISTINCT,C:\xampp\htdocs\hopgiayvpn\seo-content\product-rewrite-v1\products\783-custom-kraft-paper-bag-for-supplement-packaging.html,fd04eec141d007ec99c50bd456d4cd07aa3a64fafdb568c068f92b3906b340ff,fd04eec141d007ec99c50bd456d4cd07aa3a64fafdb568c068f92b3906b340ff,200,PASS,
793,"CUSTOM PHONE PACKAGING BOX WITH PAPER BAG",custom-phone-packaging-box-with-paper-bag,http://localhost/hopgiayvpn/product/custom-phone-packaging-box-with-paper-bag/,publish,BATCH-14,14,"Paper bags and carried packaging","Paper Bags with Logo","phone packaging box with paper bag","electronics packaging box | phone packaging box with paper bag manufacturer | phone packaging box with paper bag for electronics | rigid board electronics box",43,1089,"Custom Phone Packaging Box With Paper Bag Manufacturer","CUSTOM PHONE PACKAGING BOX WITH PAPER BAG is a custom paper packaging solution for smartphones, refurbished phones, demo devices, warranty kits, phone.","phone packaging box with paper bag",,6,YES,KEEP_AS_VARIANT,C:\xampp\htdocs\hopgiayvpn\seo-content\product-rewrite-v1\products\793-custom-phone-packaging-box-with-paper-bag.html,da04ac6c4bde27ed48e2529536c6cce19533c6503e6920058020e4732e878808,da04ac6c4bde27ed48e2529536c6cce19533c6503e6920058020e4732e878808,200,PASS,
794,"CUSTOM RED PAPER SHOPPING BAG",custom-red-paper-shopping-bag,http://localhost/hopgiayvpn/product/custom-red-paper-shopping-bag/,publish,BATCH-14,14,"Paper bags and carried packaging","Paper Bags with Logo","red paper shopping bag","fashion packaging box | red paper shopping bag manufacturer | red paper shopping bag for fashion | art paper fashion box",41,950,"Custom Red Paper Shopping Bag for Fashion Brands Supplier","CUSTOM RED PAPER SHOPPING BAG is a custom paper packaging solution for fashion apparel, shoes, accessories, cosmetics, sportswear, boutique gifts, event.","red paper shopping bag",,6,YES,KEEP_AS_VARIANT,C:\xampp\htdocs\hopgiayvpn\seo-content\product-rewrite-v1\products\794-custom-red-paper-shopping-bag.html,9abe3530ef9966e467111a27b10949cc51b27119c32f9b7b33f3c1316ab7900d,9abe3530ef9966e467111a27b10949cc51b27119c32f9b7b33f3c1316ab7900d,200,PASS,
802,"CUSTOM SKINCARE GIFT BOX WITH INSERT",custom-skincare-gift-box-with-insert,http://localhost/hopgiayvpn/product/custom-skincare-gift-box-with-insert/,publish,BATCH-02,2,"Skincare product-specific packaging","Skincare Packaging Boxes","skincare gift box with insert","beauty packaging box | skincare gift box with insert manufacturer | skincare gift box with insert for beauty | rigid board beauty box",45,1004,"Custom Skincare Gift Box With Insert for Beauty Brands","CUSTOM SKINCARE GIFT BOX WITH INSERT is a custom paper packaging solution for serum sets, toner and cream kits, facial care routines, spa gift sets, holiday.","skincare gift box with insert",,5,YES,KEEP_DISTINCT,C:\xampp\htdocs\hopgiayvpn\seo-content\product-rewrite-v1\products\802-custom-skincare-gift-box-with-insert.html,07e35fb9148b613ed7f603af7f56e2c68e6e00664635295ed08a0a3c900276f5,07e35fb9148b613ed7f603af7f56e2c68e6e00664635295ed08a0a3c900276f5,200,PASS,
807,"CUSTOM STATIONERY PACKAGING BOX",custom-stationery-packaging-box,http://localhost/hopgiayvpn/product/custom-stationery-packaging-box/,publish,BATCH-05,5,"Toy, game and creative-kit packaging","Back-to-School and Stationery Packaging","stationery packaging box","stationery packaging box manufacturer | stationery packaging box for stationery | ivory paper stationery box",44,1042,"Custom Stationery Packaging Box for Stationery Brands","CUSTOM STATIONERY PACKAGING BOX is a custom paper packaging solution for pencils, pens, rulers, erasers, art tools, school kits, notebooks, office accessories.","stationery packaging box",,5,NO,KEEP_DISTINCT,C:\xampp\htdocs\hopgiayvpn\seo-content\product-rewrite-v1\products\807-custom-stationery-packaging-box.html,210017cf6512a03d5eeaceffc26a6de8d3804f2df18b597c3e53b3cf6ca9b399,210017cf6512a03d5eeaceffc26a6de8d3804f2df18b597c3e53b3cf6ca9b399,200,PASS,
815,"CUSTOM TABLET PACKAGING BOX",custom-tablet-packaging-box,http://localhost/hopgiayvpn/product/custom-tablet-packaging-box/,publish,BATCH-16,16,"Pharma, supplement and electronics","Supplement Packaging Boxes","tablet packaging box","pharmaceutical packaging box | tablet packaging box manufacturer | tablet packaging box for pharmaceutical | sbs paperboard pharmaceutical box",48,1058,"Custom Tablet Packaging Box for Pharmaceutical Brands","CUSTOM TABLET PACKAGING BOX is a custom paper packaging solution for tablets, capsules, blister cards, pill bottles, herbal tablets, clinical samples.","tablet packaging box",,5,YES,KEEP_DISTINCT,C:\xampp\htdocs\hopgiayvpn\seo-content\product-rewrite-v1\products\815-custom-tablet-packaging-box.html,3909128214ac26c5506b78c444dd6394e7bd9b2bd77a915562b631bbeb5b7024,3909128214ac26c5506b78c444dd6394e7bd9b2bd77a915562b631bbeb5b7024,200,PASS,
821,"CUSTOM THERMOS BOTTLE PACKAGING BOX",custom-thermos-bottle-packaging-box,http://localhost/hopgiayvpn/product/custom-thermos-bottle-packaging-box/,publish,BATCH-12,12,"Wine, bottle and beverage packaging","Home and Lifestyle Packaging","thermos bottle packaging box","drinkware packaging box | thermos bottle packaging box manufacturer | thermos bottle packaging box for drinkware | ivory paper drinkware box",46,1056,"Custom Thermos Bottle Packaging Box for Drinkware Brands","CUSTOM THERMOS BOTTLE PACKAGING BOX is a custom paper packaging solution for thermos bottles, insulated tumblers, sports bottles, travel mugs, flask gift sets.","thermos bottle packaging box",,5,NO,KEEP_DISTINCT,C:\xampp\htdocs\hopgiayvpn\seo-content\product-rewrite-v1\products\821-custom-thermos-bottle-packaging-box.html,e218a131e54da06c8aafceaeca5e32557acdbb789121cf9f90aba27cd2b0ffd1,e218a131e54da06c8aafceaeca5e32557acdbb789121cf9f90aba27cd2b0ffd1,200,PASS,
829,"Custom Vial Boxes for Glass Vials, Ampoules and Lab Samples",custom-vial-packaging-box,http://localhost/hopgiayvpn/product/custom-vial-packaging-box/,publish,BATCH-09,9,"Perfume and beauty packaging","Pharmaceutical Packaging Boxes","custom vial boxes","vial packaging box | pharmaceutical packaging box | custom vial boxes manufacturer | vial packaging box for pharmaceutical | ivory paper pharmaceutical box",48,1125,"Custom Vial Boxes For Glass Vials, Ampoules And Lab Samples","Custom vial boxes are designed to protect and present small glass vials, ampoules, lab samples, cosmetic vials, medicine samples, essential oil vials and.","custom vial boxes",,4,YES,KEEP_DISTINCT,C:\xampp\htdocs\hopgiayvpn\seo-content\product-rewrite-v1\products\829-custom-vial-packaging-box.html,abb16f44f1b4c28c8a831bf4c2e8edc9f9482f63b5f7d5663b6b5d8b5db0f27d,abb16f44f1b4c28c8a831bf4c2e8edc9f9482f63b5f7d5663b6b5d8b5db0f27d,200,PASS,
835,"CUSTOM WINE BOTTLE GIFT BOX WITH PAPER BAG",custom-wine-bottle-gift-box-with-paper-bag,http://localhost/hopgiayvpn/product/custom-wine-bottle-gift-box-with-paper-bag/,publish,BATCH-12,12,"Wine, bottle and beverage packaging","Wine and Premium Drink Packaging","wine bottle gift box with paper bag","wine packaging box | wine bottle gift box with paper bag manufacturer | wine bottle gift box with paper bag for wine | rigid board wine box",43,1023,"Custom Wine Bottle Gift Box With Paper Bag for Wine Brands","CUSTOM WINE BOTTLE GIFT BOX WITH PAPER BAG is a custom paper packaging solution for wine bottles, champagne, spirits, premium beverages, hotel gifts, holiday.","wine bottle gift box with paper bag",,5,YES,NEEDS_OWNER_REVIEW,C:\xampp\htdocs\hopgiayvpn\seo-content\product-rewrite-v1\products\835-custom-wine-bottle-gift-box-with-paper-bag.html,1533ab4ffa04960de70936686b5a859ad00c152e061cbbb9e5860a13ebca2213,1533ab4ffa04960de70936686b5a859ad00c152e061cbbb9e5860a13ebca2213,200,PASS,
840,"CUSTOM WINE BOTTLE PACKAGING BOX",custom-wine-bottle-packaging-box,http://localhost/hopgiayvpn/product/custom-wine-bottle-packaging-box/,publish,BATCH-12,12,"Wine, bottle and beverage packaging","Wine and Premium Drink Packaging","wine bottle packaging box","wine packaging box | wine bottle packaging box manufacturer | wine bottle packaging box for wine | rigid board wine box",52,1055,"Custom Wine Bottle Packaging Box for Wine Brands Supplier","CUSTOM WINE BOTTLE PACKAGING BOX is a custom paper packaging solution for wine bottles, champagne, spirits, olive oil bottles, premium beverage bottles.","wine bottle packaging box",,5,YES,NEEDS_OWNER_REVIEW,C:\xampp\htdocs\hopgiayvpn\seo-content\product-rewrite-v1\products\840-custom-wine-bottle-packaging-box.html,41e8f09a07166e56750e000242219e7a7c17c4ead4e329f6b07b5de22299e057,41e8f09a07166e56750e000242219e7a7c17c4ead4e329f6b07b5de22299e057,200,PASS,
860,"CUSTOM SHOE PACKAGING BOX",custom-shoe-packaging-box,http://localhost/hopgiayvpn/product/custom-shoe-packaging-box/,publish,BATCH-15,15,"Fashion and sportswear packaging","Fashion and Sportswear Packaging","shoe packaging box","footwear packaging box | shoe packaging box manufacturer | shoe packaging box for footwear | duplex board footwear box",52,1044,"Custom Shoe Packaging Box for Footwear Brands Manufacturer","CUSTOM SHOE PACKAGING BOX is a custom paper packaging solution for sneakers, leather shoes, sandals, sports shoes, kids shoes, boutique footwear, sample shoes.","shoe packaging box",,6,NO,KEEP_AS_VARIANT,C:\xampp\htdocs\hopgiayvpn\seo-content\product-rewrite-v1\products\860-custom-shoe-packaging-box.html,48aa4c892bf8c6265b4b85b547c271417027a50a09c6b655ae584a922125043d,48aa4c892bf8c6265b4b85b547c271417027a50a09c6b655ae584a922125043d,200,PASS,
865,"CUSTOM BELT PACKAGING BOX",custom-belt-packaging-box,http://localhost/hopgiayvpn/product/custom-belt-packaging-box/,publish,BATCH-15,15,"Fashion and sportswear packaging","Fashion and Sportswear Packaging","belt packaging box","fashion accessories packaging box | belt packaging box manufacturer | belt packaging box for fashion accessories | rigid board fashion accessories box",48,996,"Custom Belt Packaging Box for Fashion Accessories Brands","CUSTOM BELT PACKAGING BOX is a custom paper packaging solution for leather belts, woven belts, formal menswear accessories, promotional belt gifts, boutique.","belt packaging box",,6,NO,KEEP_DISTINCT,C:\xampp\htdocs\hopgiayvpn\seo-content\product-rewrite-v1\products\865-custom-belt-packaging-box.html,c21a1efaa75e852539df04b70d79e26c23d031bd452243fab8338c34c3a1521d,c21a1efaa75e852539df04b70d79e26c23d031bd452243fab8338c34c3a1521d,200,PASS,
869,"CUSTOM MEN UNDERWEAR PACKAGING BOX",custom-men-underwear-packaging-box,http://localhost/hopgiayvpn/product/custom-men-underwear-packaging-box/,publish,BATCH-15,15,"Fashion and sportswear packaging","Fashion and Sportswear Packaging","men underwear packaging box","underwear packaging box | men underwear packaging box manufacturer | men underwear packaging box for underwear | ivory board underwear box",49,1072,"Custom Men Underwear Packaging Box for Underwear Brands","CUSTOM MEN UNDERWEAR PACKAGING BOX is a custom paper packaging solution for men underwear, boxer briefs, socks, undershirts, activewear basics, multi-pack.","men underwear packaging box",,6,NO,KEEP_DISTINCT,C:\xampp\htdocs\hopgiayvpn\seo-content\product-rewrite-v1\products\869-custom-men-underwear-packaging-box.html,b185919da2216030fe053fe8d99792e75a5dc29af450d21761854ad22864f46c,b185919da2216030fe053fe8d99792e75a5dc29af450d21761854ad22864f46c,200,PASS,
872,"CUSTOM SPORTSWEAR PACKAGING BOX",custom-sportswear-packaging-box,http://localhost/hopgiayvpn/product/custom-sportswear-packaging-box/,publish,BATCH-15,15,"Fashion and sportswear packaging","Custom Paper Boxes","sportswear packaging box","sportswear packaging box manufacturer | sportswear packaging box for sportswear | ivory board sportswear box",48,1044,"Custom Sportswear Packaging Box for Sportswear Brands","CUSTOM SPORTSWEAR PACKAGING BOX is a custom paper packaging solution for sportswear, gym shirts, leggings, team apparel, yoga wear, running accessories.","sportswear packaging box",,6,NO,KEEP_DISTINCT,C:\xampp\htdocs\hopgiayvpn\seo-content\product-rewrite-v1\products\872-custom-sportswear-packaging-box.html,289fac1ef17ec2d03d88eff3d04edde58c66d0c99eee6a22ea8757792b60a05d,289fac1ef17ec2d03d88eff3d04edde58c66d0c99eee6a22ea8757792b60a05d,200,PASS,
876,"CUSTOM T-SHIRT PACKAGING BOX",custom-t-shirt-packaging-box,http://localhost/hopgiayvpn/product/custom-t-shirt-packaging-box/,publish,BATCH-15,15,"Fashion and sportswear packaging","Fashion and Sportswear Packaging","t shirt packaging box","t shirt packaging box manufacturer | t shirt packaging box for t shirt | ivory board t shirt box",43,926,"Custom T-Shirt Packaging Box for T-Shirt Brands Manufacturer","CUSTOM T-SHIRT PACKAGING BOX is a custom paper packaging solution for T-shirts, polo shirts, folded shirts, event apparel, fashion subscription boxes.","t shirt packaging box",,6,NO,KEEP_DISTINCT,C:\xampp\htdocs\hopgiayvpn\seo-content\product-rewrite-v1\products\876-custom-t-shirt-packaging-box.html,aa876d22ec9168877b0c1353979d6e581b924d66cee9448ea06983c1f7328a14,aa876d22ec9168877b0c1353979d6e581b924d66cee9448ea06983c1f7328a14,200,PASS,
881,"CUSTOM WALLET PACKAGING BOX",custom-wallet-packaging-box,http://localhost/hopgiayvpn/product/custom-wallet-packaging-box/,publish,BATCH-13,13,"Jewelry, watch and premium accessories","Fashion and Sportswear Packaging","wallet packaging box","wallet packaging box manufacturer | wallet packaging box for wallet | rigid board wallet box",40,989,"Custom Wallet Packaging Box for Wallet Brands Manufacturer","CUSTOM WALLET PACKAGING BOX is a custom paper packaging solution for wallets, card holders, leather accessories, passport holders, small gift items, menswear.","wallet packaging box",,6,NO,KEEP_AS_VARIANT,C:\xampp\htdocs\hopgiayvpn\seo-content\product-rewrite-v1\products\881-custom-wallet-packaging-box.html,63084bbd4e4ea37596763686731b38d44f2e537656057665f9a5d4ab6f1ae483,63084bbd4e4ea37596763686731b38d44f2e537656057665f9a5d4ab6f1ae483,200,PASS,
939,"CUSTOM SPORTS SHOE PACKAGING BOX",custom-sports-shoe-packaging-box,http://localhost/hopgiayvpn/product/custom-sports-shoe-packaging-box/,publish,BATCH-15,15,"Fashion and sportswear packaging","Lid and Base Boxes","sports shoe packaging box","sports footwear packaging box | sports shoe packaging box manufacturer | sports shoe packaging box for sports footwear | duplex board sports footwear box",40,1066,"Custom Sports Shoe Packaging Box for Sports Footwear Brands","CUSTOM SPORTS SHOE PACKAGING BOX is a custom paper packaging solution for running shoes, training shoes, court shoes, sneakers, team footwear, limited.","sports shoe packaging box",,3,YES,KEEP_AS_VARIANT,C:\xampp\htdocs\hopgiayvpn\seo-content\product-rewrite-v1\products\939-custom-sports-shoe-packaging-box.html,b9be6806837d5c7a38f8694bcfdeb780877cb757a4f90ced07e8aaefd61072c4,b9be6806837d5c7a38f8694bcfdeb780877cb757a4f90ced07e8aaefd61072c4,200,PASS,
944,"PREMIUM PICKLEBALL SET RIGID PAPER BOX",premium-pickleball-set-rigid-paper-box,http://localhost/hopgiayvpn/product/premium-pickleball-set-rigid-paper-box/,publish,BATCH-15,15,"Fashion and sportswear packaging","Rigid Boxes","pickleball set packaging box","pickleball set rigid paper box | pickleball packaging box | pickleball set packaging box manufacturer | pickleball set rigid paper box for pickleball | rigid greyboard pickleball box",41,1115,"PRemium Pickleball Set Rigid Paper Box for Pickleball Brands","PREMIUM PICKLEBALL SET RIGID PAPER BOX is a custom paper packaging solution for pickleball paddle pairs, balls, grips, protective covers, accessory kits.","pickleball set packaging box",,5,YES,KEEP_DISTINCT,C:\xampp\htdocs\hopgiayvpn\seo-content\product-rewrite-v1\products\944-premium-pickleball-set-rigid-paper-box.html,94257e8298c7c38a6bb4489a92c6892ea3ad190f1f0befa92743a7d829c0f2f9,94257e8298c7c38a6bb4489a92c6892ea3ad190f1f0befa92743a7d829c0f2f9,200,PASS,
949,"CUSTOM KNEE SUPPORT PACKAGING BOX",custom-knee-support-packaging-box,http://localhost/hopgiayvpn/product/custom-knee-support-packaging-box/,publish,BATCH-15,15,"Fashion and sportswear packaging","Folding Carton Boxes","knee support packaging box","sports supports packaging box | knee support packaging box manufacturer | knee support packaging box for sports supports | ivory board sports supports box",41,832,"Custom Knee Support Packaging Box for Sports Supports Brands","CUSTOM KNEE SUPPORT PACKAGING BOX is a custom paper packaging solution for compression knee sleeves, hinged knee braces, patella supports, recovery supports.","knee support packaging box",,3,YES,KEEP_DISTINCT,C:\xampp\htdocs\hopgiayvpn\seo-content\product-rewrite-v1\products\949-custom-knee-support-packaging-box.html,5abb22389229becff278b9cc0fc44e8d7392117dd6bf465f3bcf995a002ddf95,5abb22389229becff278b9cc0fc44e8d7392117dd6bf465f3bcf995a002ddf95,200,PASS,
956,"CUSTOM SPORTS UNDERWEAR PACKAGING BOX",custom-sports-underwear-packaging-box,http://localhost/hopgiayvpn/product/custom-sports-underwear-packaging-box/,publish,BATCH-15,15,"Fashion and sportswear packaging","Folding Carton Boxes","sports underwear packaging box","sports underwear packaging box manufacturer | sports underwear packaging box for sports underwear | ivory board sports underwear box",49,1012,"Custom Sports Underwear Packaging Box Manufacturer","CUSTOM SPORTS UNDERWEAR PACKAGING BOX is a custom paper packaging solution for performance boxer briefs, compression shorts, sports bras, base layers.","sports underwear packaging box",,4,YES,KEEP_DISTINCT,C:\xampp\htdocs\hopgiayvpn\seo-content\product-rewrite-v1\products\956-custom-sports-underwear-packaging-box.html,26ce2a554edc1033c81dec6d2e7a946489c7fabda3b6f073cc0bfbaad3cbb7e7,26ce2a554edc1033c81dec6d2e7a946489c7fabda3b6f073cc0bfbaad3cbb7e7,200,PASS,
981,"CUSTOM PAPER EGG PACKAGING BOXES",custom-paper-egg-packaging-boxes,http://localhost/hopgiayvpn/product/custom-paper-egg-packaging-boxes/,publish,BATCH-10,10,"Bakery, food and confectionery packaging","Food Paper Boxes","custom paper egg packaging boxes","egg carton hinged egg box window box tray with outer paper box | fresh eggs packaging box | custom paper egg packaging boxes manufacturer | egg carton hinged egg box window box tray with outer paper box for fresh eggs | kraft paperboard fresh eggs box",47,1058,"Custom Paper Egg Packaging Boxes for Fresh Eggs Brands","CUSTOM PAPER EGG PACKAGING BOXES are protective fiber-based packs for farms, egg distributors, organic food brands, grocery chains, specialty retailers, and.","custom paper egg packaging boxes",,4,YES,KEEP_DISTINCT,C:\xampp\htdocs\hopgiayvpn\seo-content\product-rewrite-v1\products\981-custom-paper-egg-packaging-boxes.html,e0167600b30cdcda2fb3b57e60c6e99ea9cfe15dbbb992005fe5d83a609a6629,e0167600b30cdcda2fb3b57e60c6e99ea9cfe15dbbb992005fe5d83a609a6629,200,PASS,
1023,"CUSTOM BLUE BIRD NEST DRAWER GIFT BOX",custom-blue-bird-nest-drawer-gift-box,http://localhost/hopgiayvpn/product/custom-blue-bird-nest-drawer-gift-box/,publish,BATCH-10,10,"Bakery, food and confectionery packaging","Bird Nest Packaging Boxes","blue bird nest drawer gift box","bird nest packaging box | blue bird nest drawer gift box manufacturer | blue bird nest drawer gift box for bird nest | rigid greyboard bird nest box",44,1024,"Custom Blue Bird Nest Drawer Gift Box for Bird Nest Brands","CUSTOM BLUE BIRD NEST DRAWER GIFT BOX is a custom premium paper packaging solution for bird nest jars, bottled bird nest drinks, health food gift sets, and.","blue bird nest drawer gift box",,5,NO,KEEP_DISTINCT,C:\xampp\htdocs\hopgiayvpn\seo-content\product-rewrite-v1\products\1023-custom-blue-bird-nest-drawer-gift-box.html,ef2ed20cb9d20b4f7636c4c09938e89dbd2ca710f1b559c7308207c1bf0caa20,ef2ed20cb9d20b4f7636c4c09938e89dbd2ca710f1b559c7308207c1bf0caa20,200,PASS,
1024,"CUSTOM GREEN BIRD NEST GIFT BOX WITH HANDLE",custom-green-bird-nest-gift-box-with-handle,http://localhost/hopgiayvpn/product/custom-green-bird-nest-gift-box-with-handle/,publish,BATCH-11,11,"Bakery, food and confectionery packaging","Bird Nest Packaging Boxes","green bird nest gift box with handle","bird nest packaging box | green bird nest gift box with handle manufacturer | green bird nest gift box with handle for bird nest | rigid board bird nest box",47,1063,"Custom Green Bird Nest Gift Box With Handle Manufacturer","CUSTOM GREEN BIRD NEST GIFT BOX WITH HANDLE is a custom premium paper packaging solution for bird nest jars, bottled bird nest drinks, health food gift sets.","green bird nest gift box with handle",,5,NO,KEEP_AS_VARIANT,C:\xampp\htdocs\hopgiayvpn\seo-content\product-rewrite-v1\products\1024-custom-green-bird-nest-gift-box-with-handle.html,d260b34e192d003be175f2850536d1f075375e222a2009eba5e58f749b11c4d5,d260b34e192d003be175f2850536d1f075375e222a2009eba5e58f749b11c4d5,200,PASS,
1025,"CUSTOM GREEN BIRD NEST CABINET GIFT BOX",custom-green-bird-nest-cabinet-gift-box,http://localhost/hopgiayvpn/product/custom-green-bird-nest-cabinet-gift-box/,publish,BATCH-10,10,"Bakery, food and confectionery packaging","Bird Nest Packaging Boxes","green bird nest cabinet gift box","bird nest packaging box | green bird nest cabinet gift box manufacturer | green bird nest cabinet gift box for bird nest | rigid greyboard bird nest box",46,1123,"Custom Green Bird Nest Cabinet Gift Box for Bird Nest Brands","CUSTOM GREEN BIRD NEST CABINET GIFT BOX is a custom premium paper packaging solution for bird nest jars, bottled bird nest drinks, health food gift sets, and.","green bird nest cabinet gift box",,5,NO,KEEP_AS_VARIANT,C:\xampp\htdocs\hopgiayvpn\seo-content\product-rewrite-v1\products\1025-custom-green-bird-nest-cabinet-gift-box.html,77737431a7f049d1f21ee1812ecfe15f96356b190e6bd62f219e5f2ed8b73143,77737431a7f049d1f21ee1812ecfe15f96356b190e6bd62f219e5f2ed8b73143,200,PASS,
1026,"CUSTOM GREEN BIRD NEST COMPARTMENT GIFT BOX",custom-green-bird-nest-compartment-gift-box,http://localhost/hopgiayvpn/product/custom-green-bird-nest-compartment-gift-box/,publish,BATCH-10,10,"Bakery, food and confectionery packaging","Bird Nest Packaging Boxes","green bird nest compartment gift box","bird nest packaging box | green bird nest compartment gift box manufacturer | green bird nest compartment gift box for bird nest | rigid board bird nest box",49,1004,"Custom Green Bird Nest Compartment Gift Box Manufacturer","CUSTOM GREEN BIRD NEST COMPARTMENT GIFT BOX is a custom premium paper packaging solution for bird nest jars, bottled bird nest drinks, health food gift sets.","green bird nest compartment gift box",,5,NO,KEEP_AS_VARIANT,C:\xampp\htdocs\hopgiayvpn\seo-content\product-rewrite-v1\products\1026-custom-green-bird-nest-compartment-gift-box.html,c53441bc1dacded08207c6d730b4e5c169df39e89d5c0bf42607ac34afa434ab,c53441bc1dacded08207c6d730b4e5c169df39e89d5c0bf42607ac34afa434ab,200,PASS,
1027,"KRAFT CORRUGATED MAILER BOX",kraft-corrugated-mailer-box,http://localhost/hopgiayvpn/product/kraft-corrugated-mailer-box/,publish,BATCH-01,1,"Priority corrugated duplicates and core mailers","Corrugated Mailer Boxes","kraft corrugated mailer box","corrugated mailer box | e commerce packaging box | kraft corrugated mailer box manufacturer | corrugated mailer box for e commerce | kraft corrugated paper e commerce box",49,1012,"Kraft Corrugated Mailer Box for E-Commerce Brands Supplier","KRAFT CORRUGATED MAILER BOX is a custom shipping packaging solution for e-commerce, subscription kits, apparel, gifts, and small product delivery.","kraft corrugated mailer box",,5,YES,KEEP_AS_VARIANT,C:\xampp\htdocs\hopgiayvpn\seo-content\product-rewrite-v1\products\1027-kraft-corrugated-mailer-box.html,b2c894119a64e2d615a64ca172e112f2eb305c0ca69fc5f17cd5da4739ef331a,b2c894119a64e2d615a64ca172e112f2eb305c0ca69fc5f17cd5da4739ef331a,200,PASS,
1168,"CUSTOM CANDLE SHIPPING MAILER BOX WITH CORRUGATED INSERT",custom-candle-shipping-mailer-box-with-corrugated-insert,http://localhost/hopgiayvpn/product/custom-candle-shipping-mailer-box-with-corrugated-insert/,publish,BATCH-01,1,"Priority corrugated duplicates and core mailers","Candle Packaging Boxes","candle shipping mailer box","candles packaging box | candle shipping mailer box manufacturer | candle shipping mailer box for candles | kraft corrugated board candles box",48,1128,"Custom Candle Shipping Mailer Box With Corrugated Insert","CUSTOM CANDLE SHIPPING MAILER BOX WITH CORRUGATED INSERT is a protective e-commerce package for glass jar candles, soy candles, fragrance products.","candle shipping mailer box",,5,NO,KEEP_AS_VARIANT,C:\xampp\htdocs\hopgiayvpn\seo-content\product-rewrite-v1\products\1168-custom-candle-shipping-mailer-box-with-corrugated-insert.html,3bb2028d9259bf640bf93261e9997b8e3e3d75de98fe175e6379ac317b84385e,3bb2028d9259bf640bf93261e9997b8e3e3d75de98fe175e6379ac317b84385e,200,PASS,
1169,"CUSTOM TWO-PIECE CANDLE GIFT BOX WITH LID AND BASE",custom-two-piece-candle-gift-box-with-lid-and-base,http://localhost/hopgiayvpn/product/custom-two-piece-candle-gift-box-with-lid-and-base/,publish,BATCH-17,17,"Home, candle and lifestyle packaging","Candle Packaging Boxes","two piece candle gift box","candles packaging box | two piece candle gift box manufacturer | two piece candle gift box for candles | rigid greyboard candles box",47,1056,"Custom Two-Piece Candle Gift Box With Lid And Base","CUSTOM TWO-PIECE CANDLE GIFT BOX WITH LID AND BASE is a premium paper packaging option for scented candles, jar candles, ceramic candle vessels, holiday.","two piece candle gift box",,6,YES,KEEP_DISTINCT,C:\xampp\htdocs\hopgiayvpn\seo-content\product-rewrite-v1\products\1169-custom-two-piece-candle-gift-box-with-lid-and-base.html,78f5d83e7001141f667080f8973c1cc5ffeafdeeb2d9a1b6d33ac30e3fb8abde,78f5d83e7001141f667080f8973c1cc5ffeafdeeb2d9a1b6d33ac30e3fb8abde,200,PASS,
1170,"CUSTOM WINDOW CANDLE BOX FOR TUMBLER CANDLES",custom-window-candle-box-for-tumbler-candles,http://localhost/hopgiayvpn/product/custom-window-candle-box-for-tumbler-candles/,publish,BATCH-17,17,"Home, candle and lifestyle packaging","Candle Packaging Boxes","window candle box","candles packaging box | window candle box manufacturer | window candle box for candles | ivory board candles box",45,996,"Custom Window Candle Box For Tumbler Candles Manufacturer","CUSTOM WINDOW CANDLE BOX FOR TUMBLER CANDLES is a retail paperboard package for glass tumbler candles, ceramic candle cups, colored wax candles and lifestyle.","window candle box",,6,NO,KEEP_DISTINCT,C:\xampp\htdocs\hopgiayvpn\seo-content\product-rewrite-v1\products\1170-custom-window-candle-box-for-tumbler-candles.html,120ee47b76cce661dba3f92b11a66d64fc77675232b02516a6d52b31654484f3,120ee47b76cce661dba3f92b11a66d64fc77675232b02516a6d52b31654484f3,200,PASS,
1215,"CUSTOM CANDLE PAPER TUBE BOX",custom-candle-paper-tube-box,http://localhost/hopgiayvpn/product/custom-candle-paper-tube-box/,publish,BATCH-17,17,"Home, candle and lifestyle packaging","Paper Tube Packaging","candle paper tube box","candle packaging box | candle paper tube box manufacturer | candle paper tube box for candle | rigid paper tube board candle box",49,990,"Custom Candle Paper Tube Box for Candle Brands Manufacturer","CUSTOM CANDLE PAPER TUBE BOX for glass jar candles, travel candles, aromatherapy candles, seasonal gift candles, and premium fragrance sets.","candle paper tube box",,6,NO,KEEP_DISTINCT,C:\xampp\htdocs\hopgiayvpn\seo-content\product-rewrite-v1\products\1215-custom-candle-paper-tube-box.html,5fa7b45ffe342009f1805db4ec28b88cebc8833d739db6f9d1673d0d79ae2289,5fa7b45ffe342009f1805db4ec28b88cebc8833d739db6f9d1673d0d79ae2289,200,PASS,
1220,"CUSTOM COFFEE PAPER TUBE PACKAGING",custom-coffee-paper-tube-packaging,http://localhost/hopgiayvpn/product/custom-coffee-paper-tube-packaging/,publish,BATCH-06,6,"Tea and coffee packaging","Paper Tube Packaging","coffee paper tube packaging","coffee packaging box | coffee paper tube packaging manufacturer | coffee paper tube packaging for coffee | kraft paper tube board coffee box",45,987,"Custom Coffee Paper Tube Packaging for Coffee Brands","CUSTOM COFFEE PAPER TUBE PACKAGING for ground coffee, coffee beans, sample tubes, premium coffee gifts, seasonal blends, and beverage subscription packs.","coffee paper tube packaging",,6,NO,KEEP_DISTINCT,C:\xampp\htdocs\hopgiayvpn\seo-content\product-rewrite-v1\products\1220-custom-coffee-paper-tube-packaging.html,361afe10c77dfdaf98c4b30027d3fbb2b20e8ac4e995c429ffcf202d7f58ec86,361afe10c77dfdaf98c4b30027d3fbb2b20e8ac4e995c429ffcf202d7f58ec86,200,PASS,
1225,"CUSTOM TEA PAPER TUBE PACKAGING",custom-tea-paper-tube-packaging,http://localhost/hopgiayvpn/product/custom-tea-paper-tube-packaging/,publish,BATCH-06,6,"Tea and coffee packaging","Paper Tube Packaging","tea paper tube packaging","tea packaging box | tea paper tube packaging manufacturer | tea paper tube packaging for tea | rigid paper tube board tea box",46,946,"Custom Tea Paper Tube Packaging for Tea Brands Manufacturer","CUSTOM TEA PAPER TUBE PACKAGING for loose leaf tea, tea sachets, herbal blends, premium tea gifts, seasonal tea collections, and wellness beverage sets.","tea paper tube packaging",,6,NO,KEEP_DISTINCT,C:\xampp\htdocs\hopgiayvpn\seo-content\product-rewrite-v1\products\1225-custom-tea-paper-tube-packaging.html,f8f1369319a4f7036b60a9263c3d361b47dc8b5cc91f31cb9034f69a967ab2f1,f8f1369319a4f7036b60a9263c3d361b47dc8b5cc91f31cb9034f69a967ab2f1,200,PASS,
1230,"CUSTOM FITNESS ACCESSORY GIFT BOX",custom-fitness-accessory-gift-box,http://localhost/hopgiayvpn/product/custom-fitness-accessory-gift-box/,publish,BATCH-15,15,"Fashion and sportswear packaging","Sports Packaging Boxes","fitness accessory gift box","fitness accessories packaging box | fitness accessory gift box manufacturer | fitness accessory gift box for fitness accessories | rigid greyboard fitness accessories box",41,976,"Custom Fitness Accessory Gift Box Manufacturer Manufacturer","CUSTOM FITNESS ACCESSORY GIFT BOX for resistance bands, grips, towels, jump ropes, training accessories, recovery tools, and branded fitness gift kits.","fitness accessory gift box",,6,NO,KEEP_DISTINCT,C:\xampp\htdocs\hopgiayvpn\seo-content\product-rewrite-v1\products\1230-custom-fitness-accessory-gift-box.html,7ee2b9d14b28be33177acc89c682762a8897cdff5e8476403ff46908de356e30,7ee2b9d14b28be33177acc89c682762a8897cdff5e8476403ff46908de356e30,200,PASS,
1235,"CUSTOM GOLF BALL PACKAGING BOX",custom-golf-ball-packaging-box,http://localhost/hopgiayvpn/product/custom-golf-ball-packaging-box/,publish,BATCH-15,15,"Fashion and sportswear packaging","Sports Packaging Boxes","golf ball packaging box","golf packaging box | golf ball packaging box manufacturer | golf ball packaging box for golf | ivory board golf box",40,1059,"Custom Golf Ball Packaging Box for Golf Brands Manufacturer","CUSTOM GOLF BALL PACKAGING BOX for golf ball sleeves, three-ball packs, dozen-ball sets, tournament gifts, retail packs, and premium golf accessory kits.","golf ball packaging box",,6,NO,KEEP_DISTINCT,C:\xampp\htdocs\hopgiayvpn\seo-content\product-rewrite-v1\products\1235-custom-golf-ball-packaging-box.html,2ace3008ca451d336b713711074306ea76093ee09ae68feb98b915b102922d9e,2ace3008ca451d336b713711074306ea76093ee09ae68feb98b915b102922d9e,200,PASS,
1240,"CUSTOM RESISTANCE BAND PACKAGING BOX",custom-resistance-band-packaging-box,http://localhost/hopgiayvpn/product/custom-resistance-band-packaging-box/,publish,BATCH-15,15,"Fashion and sportswear packaging","Sports Packaging Boxes","resistance band packaging box","fitness accessories packaging box | resistance band packaging box manufacturer | resistance band packaging box for fitness accessories | ivory board fitness accessories box",47,977,"Custom Resistance Band Packaging Box Manufacturer Supplier","CUSTOM RESISTANCE BAND PACKAGING BOX for loop bands, tube bands, resistance sets, therapy bands, training kits, retail hanging packs, and e-commerce fitness.","resistance band packaging box",,6,NO,KEEP_DISTINCT,C:\xampp\htdocs\hopgiayvpn\seo-content\product-rewrite-v1\products\1240-custom-resistance-band-packaging-box.html,03358d5f004e6654c3e2e7569445dc304e86f13d801215dcb49b383fad100099,03358d5f004e6654c3e2e7569445dc304e86f13d801215dcb49b383fad100099,200,PASS,
1245,"CUSTOM YOGA MAT PACKAGING BOX",custom-yoga-mat-packaging-box,http://localhost/hopgiayvpn/product/custom-yoga-mat-packaging-box/,publish,BATCH-15,15,"Fashion and sportswear packaging","Sports Packaging Boxes","yoga mat packaging box","yoga packaging box | yoga mat packaging box manufacturer | yoga mat packaging box for yoga | corrugated board yoga box",40,1074,"Custom Yoga Mat Packaging Box for Yoga Brands Manufacturer","CUSTOM YOGA MAT PACKAGING BOX for rolled yoga mats, pilates mats, fitness mats, travel mats, wellness gift sets, and e-commerce exercise equipment.","yoga mat packaging box",,6,NO,KEEP_DISTINCT,C:\xampp\htdocs\hopgiayvpn\seo-content\product-rewrite-v1\products\1245-custom-yoga-mat-packaging-box.html,283035d6379c7825505fbb58cef3b693087c60a5d99cd10901e50abd0366b8b0,283035d6379c7825505fbb58cef3b693087c60a5d99cd10901e50abd0366b8b0,200,PASS,
1276,"CUSTOM BRACELET PACKAGING BOX WITH PILLOW INSERT",custom-bracelet-packaging-box-with-pillow-insert,http://localhost/hopgiayvpn/product/custom-bracelet-packaging-box-with-pillow-insert/,publish,BATCH-13,13,"Jewelry, watch and premium accessories","Jewelry Paper Boxes","bracelet packaging box","jewelry packaging box | bracelet packaging box manufacturer | bracelet packaging box for jewelry | rigid greyboard jewelry box",47,1018,"Custom Bracelet Packaging Box With Pillow Insert Supplier","CUSTOM BRACELET PACKAGING BOX WITH PILLOW INSERT is a custom jewelry paper box for boutique jewelry, retail display, gift packaging, and e-commerce orders.","bracelet packaging box",,5,YES,KEEP_AS_VARIANT,C:\xampp\htdocs\hopgiayvpn\seo-content\product-rewrite-v1\products\1276-custom-bracelet-packaging-box-with-pillow-insert.html,f5056ee9b9e5ab9f25bd5c98d1cc7c45942fd1f449bca9426ca46d22f30238eb,f5056ee9b9e5ab9f25bd5c98d1cc7c45942fd1f449bca9426ca46d22f30238eb,200,PASS,
1281,"CUSTOM EARRING BOX WITH FOAM INSERT",custom-earring-box-with-foam-insert,http://localhost/hopgiayvpn/product/custom-earring-box-with-foam-insert/,publish,BATCH-13,13,"Jewelry, watch and premium accessories","Jewelry Paper Boxes","earring box with foam insert","jewelry packaging box | earring box with foam insert manufacturer | earring box with foam insert for jewelry | rigid greyboard jewelry box",47,991,"Custom Earring Box With Foam Insert for Jewelry Brands","CUSTOM EARRING BOX WITH FOAM INSERT is a custom jewelry paper box for boutique jewelry, retail display, gift packaging, and e-commerce orders.","earring box with foam insert",,5,YES,KEEP_DISTINCT,C:\xampp\htdocs\hopgiayvpn\seo-content\product-rewrite-v1\products\1281-custom-earring-box-with-foam-insert.html,f8fe67d1282e2f3817c0c08f4246feda6e08733f0f261a18987c31176a04ca31,f8fe67d1282e2f3817c0c08f4246feda6e08733f0f261a18987c31176a04ca31,200,PASS,
1286,"CUSTOM NECKLACE PAPER BOX WITH LOGO",custom-necklace-paper-box-with-logo,http://localhost/hopgiayvpn/product/custom-necklace-paper-box-with-logo/,publish,BATCH-13,13,"Jewelry, watch and premium accessories","Jewelry Paper Boxes","necklace paper box","jewelry packaging box | necklace paper box manufacturer | necklace paper box for jewelry | rigid greyboard jewelry box",41,967,"Custom Necklace Paper Box With Logo for Jewelry Brands","CUSTOM NECKLACE PAPER BOX WITH LOGO is a custom jewelry paper box for boutique jewelry, retail display, gift packaging, and e-commerce orders.","necklace paper box",,5,YES,KEEP_AS_VARIANT,C:\xampp\htdocs\hopgiayvpn\seo-content\product-rewrite-v1\products\1286-custom-necklace-paper-box-with-logo.html,3e60775ffb7f120a6357f845156b00f03f8dc589ad308ed32fe142bb9da62eb4,3e60775ffb7f120a6357f845156b00f03f8dc589ad308ed32fe142bb9da62eb4,200,PASS,
1291,"CUSTOM RING BOX WITH VELVET INSERT",custom-ring-box-with-velvet-insert,http://localhost/hopgiayvpn/product/custom-ring-box-with-velvet-insert/,publish,BATCH-13,13,"Jewelry, watch and premium accessories","Jewelry Paper Boxes","ring box with velvet insert","jewelry packaging box | ring box with velvet insert manufacturer | ring box with velvet insert for jewelry | rigid greyboard jewelry box",46,954,"Custom Ring Box With Velvet Insert for Jewelry Brands","CUSTOM RING BOX WITH VELVET INSERT is a custom jewelry paper box for boutique jewelry, retail display, gift packaging, and e-commerce orders.","ring box with velvet insert",,5,YES,KEEP_DISTINCT,C:\xampp\htdocs\hopgiayvpn\seo-content\product-rewrite-v1\products\1291-custom-ring-box-with-velvet-insert.html,91c6c6b65078a19fe6e3fb530d1102336e4c4fd9a0dcac07270c38ba76d08ac3,91c6c6b65078a19fe6e3fb530d1102336e4c4fd9a0dcac07270c38ba76d08ac3,200,PASS,
1412,"CUSTOM SERUM PACKAGING BOX",custom-serum-packaging-box,http://localhost/hopgiayvpn/product/custom-serum-packaging-box/,publish,BATCH-03,3,"Skincare product-specific packaging","Beauty and Skincare Packaging","serum packaging box","skincare packaging box | serum packaging box manufacturer | serum packaging box for skincare | sbs paperboard skincare box",43,931,"Custom Serum Packaging Box for Skincare Brands Manufacturer","CUSTOM SERUM PACKAGING BOX is a custom paper packaging solution for glass dropper bottles, pump serums, ampoule-style serums, booster treatments, and.","serum packaging box",,6,NO,KEEP_DISTINCT,C:\xampp\htdocs\hopgiayvpn\seo-content\product-rewrite-v1\products\1412-custom-serum-packaging-box.html,0e20441ff98396e4c86c1c94bed012c7745084b06e7d3c116ce5194473266009,0e20441ff98396e4c86c1c94bed012c7745084b06e7d3c116ce5194473266009,200,PASS,
1413,"CUSTOM CREAM JAR PACKAGING BOX",custom-cream-jar-packaging-box,http://localhost/hopgiayvpn/product/custom-cream-jar-packaging-box/,publish,BATCH-02,2,"Skincare product-specific packaging","Beauty and Skincare Packaging","cream jar packaging box","skincare packaging box | cream jar packaging box manufacturer | cream jar packaging box for skincare | rigid greyboard skincare box",46,995,"Custom Cream Jar Packaging Box for Skincare Brands","CUSTOM CREAM JAR PACKAGING BOX is a custom paper packaging solution for face cream jars, moisturizer jars, night cream pots, gel cream containers, and.","cream jar packaging box",,6,NO,KEEP_DISTINCT,C:\xampp\htdocs\hopgiayvpn\seo-content\product-rewrite-v1\products\1413-custom-cream-jar-packaging-box.html,15beef2b625b68a4b072183ec2ad56f8854be52dc70251d36b6711c88c5f824e,15beef2b625b68a4b072183ec2ad56f8854be52dc70251d36b6711c88c5f824e,200,PASS,
1414,"CUSTOM LOTION BOTTLE PACKAGING BOX",custom-lotion-bottle-packaging-box,http://localhost/hopgiayvpn/product/custom-lotion-bottle-packaging-box/,publish,BATCH-02,2,"Skincare product-specific packaging","Beauty and Skincare Packaging","lotion bottle packaging box","skincare packaging box | lotion bottle packaging box manufacturer | lotion bottle packaging box for skincare | sbs paperboard skincare box",43,981,"Custom Lotion Bottle Packaging Box for Skincare Brands","CUSTOM LOTION BOTTLE PACKAGING BOX is a custom paper packaging solution for lotion bottles, pump bottles, body milk bottles, hand cream bottles, and.","lotion bottle packaging box",,6,NO,KEEP_DISTINCT,C:\xampp\htdocs\hopgiayvpn\seo-content\product-rewrite-v1\products\1414-custom-lotion-bottle-packaging-box.html,b31ffb0e0557541c0ad2de1c932fbbf7d91d78fc80ba3d53769a18ab9562fee5,b31ffb0e0557541c0ad2de1c932fbbf7d91d78fc80ba3d53769a18ab9562fee5,200,PASS,
1415,"CUSTOM FACIAL MASK PACKAGING BOX",custom-facial-mask-packaging-box,http://localhost/hopgiayvpn/product/custom-facial-mask-packaging-box/,publish,BATCH-02,2,"Skincare product-specific packaging","Beauty and Skincare Packaging","facial mask packaging box","skincare packaging box | facial mask packaging box manufacturer | facial mask packaging box for skincare | ivory board skincare box",41,1066,"Custom Facial Mask Packaging Box for Skincare Brands","CUSTOM FACIAL MASK PACKAGING BOX is a custom paper packaging solution for sheet mask sachets, facial mask pouches, clay mask packets, eye mask packs, and.","facial mask packaging box",,6,NO,KEEP_DISTINCT,C:\xampp\htdocs\hopgiayvpn\seo-content\product-rewrite-v1\products\1415-custom-facial-mask-packaging-box.html,1d6cc942d726516b4bab5663676e4b7df31a3387631ab4c1328f4d3371c759b0,1d6cc942d726516b4bab5663676e4b7df31a3387631ab4c1328f4d3371c759b0,200,PASS,
1416,"CUSTOM SUNSCREEN PACKAGING BOX",custom-sunscreen-packaging-box,http://localhost/hopgiayvpn/product/custom-sunscreen-packaging-box/,publish,BATCH-03,3,"Skincare product-specific packaging","Beauty and Skincare Packaging","sunscreen packaging box","skincare packaging box | sunscreen packaging box manufacturer | sunscreen packaging box for skincare | sbs paperboard skincare box",48,945,"Custom Sunscreen Packaging Box for Skincare Brands","CUSTOM SUNSCREEN PACKAGING BOX is a custom paper packaging solution for sunscreen tubes, SPF lotion bottles, mineral sunscreen sticks, face sunscreen bottles.","sunscreen packaging box",,6,NO,KEEP_DISTINCT,C:\xampp\htdocs\hopgiayvpn\seo-content\product-rewrite-v1\products\1416-custom-sunscreen-packaging-box.html,1c025e78b2820bf2b09744ec732f7a0b7ee3b89cc582ff600cae0aac06f08bd4,1c025e78b2820bf2b09744ec732f7a0b7ee3b89cc582ff600cae0aac06f08bd4,200,PASS,
1417,"CUSTOM TONER PACKAGING BOX",custom-toner-packaging-box,http://localhost/hopgiayvpn/product/custom-toner-packaging-box/,publish,BATCH-03,3,"Skincare product-specific packaging","Beauty and Skincare Packaging","toner packaging box","skincare packaging box | toner packaging box manufacturer | toner packaging box for skincare | ivory board skincare box",41,911,"Custom Toner Packaging Box for Skincare Brands Manufacturer","CUSTOM TONER PACKAGING BOX is a custom paper packaging solution for toner bottles, essence bottles, mist bottles, balancing lotion bottles, and liquid.","toner packaging box",,6,NO,KEEP_DISTINCT,C:\xampp\htdocs\hopgiayvpn\seo-content\product-rewrite-v1\products\1417-custom-toner-packaging-box.html,0f952f6de88deb64790d73f6b7e421536e4dc0889a75dda59971029a9894c75f,0f952f6de88deb64790d73f6b7e421536e4dc0889a75dda59971029a9894c75f,200,PASS,
1418,"CUSTOM CLEANSER PACKAGING BOX",custom-cleanser-packaging-box,http://localhost/hopgiayvpn/product/custom-cleanser-packaging-box/,publish,BATCH-02,2,"Skincare product-specific packaging","Beauty and Skincare Packaging","cleanser packaging box","skincare packaging box | cleanser packaging box manufacturer | cleanser packaging box for skincare | sbs paperboard skincare box",41,959,"Custom Cleanser Packaging Box for Skincare Brands Supplier","CUSTOM CLEANSER PACKAGING BOX is a custom paper packaging solution for facial cleanser tubes, foam cleanser bottles, gel cleanser tubes, cleansing milk.","cleanser packaging box",,6,NO,KEEP_DISTINCT,C:\xampp\htdocs\hopgiayvpn\seo-content\product-rewrite-v1\products\1418-custom-cleanser-packaging-box.html,7699a41cb9d1ca45d3493d988764e3137c48e137ea9c0c976b4022e6eee7b931,7699a41cb9d1ca45d3493d988764e3137c48e137ea9c0c976b4022e6eee7b931,200,PASS,
1419,"CUSTOM EYE CREAM PACKAGING BOX",custom-eye-cream-packaging-box,http://localhost/hopgiayvpn/product/custom-eye-cream-packaging-box/,publish,BATCH-02,2,"Skincare product-specific packaging","Beauty and Skincare Packaging","eye cream packaging box","skincare packaging box | eye cream packaging box manufacturer | eye cream packaging box for skincare | rigid greyboard skincare box",46,978,"Custom Eye Cream Packaging Box for Skincare Brands","CUSTOM EYE CREAM PACKAGING BOX is a custom paper packaging solution for small eye cream tubes, mini jars, pump eye treatments, roller applicators, and.","eye cream packaging box",,6,NO,KEEP_DISTINCT,C:\xampp\htdocs\hopgiayvpn\seo-content\product-rewrite-v1\products\1419-custom-eye-cream-packaging-box.html,affd1df69a930b4e21c7d2396d5bd32aaba2576b6836008775e9bb11b4723d5f,affd1df69a930b4e21c7d2396d5bd32aaba2576b6836008775e9bb11b4723d5f,200,PASS,
1420,"CUSTOM SKINCARE SET PACKAGING BOX",custom-skincare-set-packaging-box,http://localhost/hopgiayvpn/product/custom-skincare-set-packaging-box/,publish,BATCH-03,3,"Skincare product-specific packaging","Beauty and Skincare Packaging","skincare set packaging box","skincare packaging box | skincare set packaging box manufacturer | skincare set packaging box for skincare | rigid greyboard skincare box",47,1128,"Custom Skincare Set Packaging Box for Skincare Brands","CUSTOM SKINCARE SET PACKAGING BOX is a custom paper packaging solution for serum, toner, cleanser, cream, mask, lotion, eye cream, mini bottles, jars, and.","skincare set packaging box",,6,NO,KEEP_DISTINCT,C:\xampp\htdocs\hopgiayvpn\seo-content\product-rewrite-v1\products\1420-custom-skincare-set-packaging-box.html,83e9820ab535337f6e509db34994d8c02c2ab02bcb13526eddf9823deaa0a36a,83e9820ab535337f6e509db34994d8c02c2ab02bcb13526eddf9823deaa0a36a,200,PASS,
1421,"CUSTOM LIP BALM PACKAGING BOX",custom-lip-balm-packaging-box,http://localhost/hopgiayvpn/product/custom-lip-balm-packaging-box/,publish,BATCH-02,2,"Skincare product-specific packaging","Beauty and Skincare Packaging","lip balm packaging box","lip care packaging box | lip balm packaging box manufacturer | lip balm packaging box for lip care | sbs paperboard lip care box",46,1118,"Custom Lip Balm Packaging Box for Lip Care Brands Supplier","CUSTOM LIP BALM PACKAGING BOX is a custom paper packaging solution for lip balm tubes, lip treatment sticks, small jars, tinted balms, SPF lip products, and.","lip balm packaging box",,6,NO,KEEP_DISTINCT,C:\xampp\htdocs\hopgiayvpn\seo-content\product-rewrite-v1\products\1421-custom-lip-balm-packaging-box.html,5c2da6a13433f92c44cf0154bc6d32ed5ab7425e757b7a2156175682af361732,5c2da6a13433f92c44cf0154bc6d32ed5ab7425e757b7a2156175682af361732,200,PASS,
1473,"Custom Perfume Magnetic Closure Box",custom-perfume-magnetic-closure-box,http://localhost/hopgiayvpn/product/custom-perfume-magnetic-closure-box/,publish,BATCH-04,4,"Magnetic closure boxes by industry","Cosmetic Paper Boxes","perfume magnetic closure box","perfume packaging box | perfume magnetic closure box manufacturer | perfume magnetic closure box for perfume | rigid greyboard perfume box",40,1002,"Custom Perfume Magnetic Closure Box for Perfume Brands","Custom Perfume Magnetic Closure Box is a custom magnetic closure box for glass perfume bottles, fragrance discovery sets, atomizer gifts, refill bottles, and.","perfume magnetic closure box",,6,YES,KEEP_AS_VARIANT,C:\xampp\htdocs\hopgiayvpn\seo-content\product-rewrite-v1\products\1473-custom-perfume-magnetic-closure-box.html,36c1fa9e3d987e3bd01990b5ce3ebc6eea5ece86a6a9e0e07208b22f7e59d454,36c1fa9e3d987e3bd01990b5ce3ebc6eea5ece86a6a9e0e07208b22f7e59d454,200,PASS,
1474,"Custom Skincare Magnetic Closure Box",custom-skincare-magnetic-closure-box,http://localhost/hopgiayvpn/product/custom-skincare-magnetic-closure-box/,publish,BATCH-04,4,"Magnetic closure boxes by industry","Beauty and Skincare Packaging","skincare magnetic closure box","skincare packaging box | skincare magnetic closure box manufacturer | skincare magnetic closure box for skincare | rigid greyboard skincare box",46,1098,"Custom Skincare Magnetic Closure Box for Skincare Brands","Custom Skincare Magnetic Closure Box is a custom magnetic closure box for serum bottles, cream jars, cleanser tubes, facial mask sets, routine kits, and.","skincare magnetic closure box",,6,YES,KEEP_AS_VARIANT,C:\xampp\htdocs\hopgiayvpn\seo-content\product-rewrite-v1\products\1474-custom-skincare-magnetic-closure-box.html,e97174e16ae57aae3d18b68a1230b682c01cc6c2de8b9a0825529c9309649c2f,e97174e16ae57aae3d18b68a1230b682c01cc6c2de8b9a0825529c9309649c2f,200,PASS,
1475,"Custom Jewelry Magnetic Closure Box",custom-jewelry-magnetic-closure-box,http://localhost/hopgiayvpn/product/custom-jewelry-magnetic-closure-box/,publish,BATCH-04,4,"Magnetic closure boxes by industry","Gift Paper Boxes","jewelry magnetic closure box","jewelry packaging box | jewelry magnetic closure box manufacturer | jewelry magnetic closure box for jewelry | rigid greyboard jewelry box",41,963,"Custom Jewelry Magnetic Closure Box for Jewelry Brands","Custom Jewelry Magnetic Closure Box is a custom magnetic closure box for rings, earrings, necklaces, bracelets, charms, certificates, polishing cloths, and.","jewelry magnetic closure box",,6,YES,KEEP_AS_VARIANT,C:\xampp\htdocs\hopgiayvpn\seo-content\product-rewrite-v1\products\1475-custom-jewelry-magnetic-closure-box.html,a82cff5cacd2324f326ebd2bff3de4f5e771f2d1cb5e071eea38e1442a904578,a82cff5cacd2324f326ebd2bff3de4f5e771f2d1cb5e071eea38e1442a904578,200,PASS,
1476,"Custom Watch Magnetic Presentation Box",custom-watch-magnetic-presentation-box,http://localhost/hopgiayvpn/product/custom-watch-magnetic-presentation-box/,publish,BATCH-04,4,"Magnetic closure boxes by industry","Gift Paper Boxes","watch magnetic presentation box","watch packaging box | watch magnetic presentation box manufacturer | watch magnetic presentation box for watch | rigid greyboard watch box",42,1066,"Custom Watch Magnetic PResentation Box for Watch Brands","Custom Watch Magnetic Presentation Box is a custom magnetic closure box for watches, watch straps, warranty cards, manuals, polishing cloths, certificates.","watch magnetic presentation box",,6,YES,KEEP_DISTINCT,C:\xampp\htdocs\hopgiayvpn\seo-content\product-rewrite-v1\products\1476-custom-watch-magnetic-presentation-box.html,488a7433db67868397eb1b495f979afde1139cec99c38a727de19289f4fa418c,488a7433db67868397eb1b495f979afde1139cec99c38a727de19289f4fa418c,200,PASS,
1477,"Custom Electronics Magnetic Closure Box",custom-electronics-magnetic-closure-box,http://localhost/hopgiayvpn/product/custom-electronics-magnetic-closure-box/,publish,BATCH-04,4,"Magnetic closure boxes by industry","Electronics Accessories Packaging","electronics magnetic closure box","electronics packaging box | electronics magnetic closure box manufacturer | electronics magnetic closure box for electronics | rigid greyboard electronics box",45,971,"Custom Electronics Magnetic Closure Box Manufacturer","Custom Electronics Magnetic Closure Box is a custom magnetic closure box for wireless earbuds, chargers, cables, smart accessories, compact devices, manuals.","electronics magnetic closure box",,6,YES,KEEP_AS_VARIANT,C:\xampp\htdocs\hopgiayvpn\seo-content\product-rewrite-v1\products\1477-custom-electronics-magnetic-closure-box.html,2ff26c733c452b5f11126f67ef54435d933a98e995ff74bb0c5e78ff103b0706,2ff26c733c452b5f11126f67ef54435d933a98e995ff74bb0c5e78ff103b0706,200,PASS,
1478,"Custom Candle Magnetic Gift Box",custom-candle-magnetic-gift-box,http://localhost/hopgiayvpn/product/custom-candle-magnetic-gift-box/,publish,BATCH-04,4,"Magnetic closure boxes by industry","Candle Packaging Boxes","candle magnetic gift box","candle packaging box | candle magnetic gift box manufacturer | candle magnetic gift box for candle | rigid greyboard candle box",44,1015,"Custom Candle Magnetic Gift Box for Candle Brands Supplier","Custom Candle Magnetic Gift Box is a custom magnetic closure box for glass candles, tin candles, diffuser sets, matches, scent cards, candle care cards, and.","candle magnetic gift box",,6,YES,KEEP_AS_VARIANT,C:\xampp\htdocs\hopgiayvpn\seo-content\product-rewrite-v1\products\1478-custom-candle-magnetic-gift-box.html,89088e7981d0c14f64f97d35ebcf49dd0e311516028ddf928fddc0494a832371,89088e7981d0c14f64f97d35ebcf49dd0e311516028ddf928fddc0494a832371,200,PASS,
1479,"Custom Chocolate Magnetic Closure Box",custom-chocolate-magnetic-closure-box,http://localhost/hopgiayvpn/product/custom-chocolate-magnetic-closure-box/,publish,BATCH-04,4,"Magnetic closure boxes by industry","Chocolate Gift Boxes","chocolate magnetic closure box","chocolate packaging box | chocolate magnetic closure box manufacturer | chocolate magnetic closure box for chocolate | rigid greyboard chocolate box",42,1022,"Custom Chocolate Magnetic Closure Box for Chocolate Brands","Custom Chocolate Magnetic Closure Box is a custom magnetic closure box for truffles, pralines, chocolate bars, assorted confectionery, tasting cards, sleeves.","chocolate magnetic closure box",,3,YES,KEEP_AS_VARIANT,C:\xampp\htdocs\hopgiayvpn\seo-content\product-rewrite-v1\products\1479-custom-chocolate-magnetic-closure-box.html,8cbdde3d29278cbde56c7a8548f89ad1a7a24b17afee44763adebfc56ad68aa0,8cbdde3d29278cbde56c7a8548f89ad1a7a24b17afee44763adebfc56ad68aa0,200,PASS,
1480,"Custom Apparel Magnetic Gift Box",custom-apparel-magnetic-gift-box,http://localhost/hopgiayvpn/product/custom-apparel-magnetic-gift-box/,publish,BATCH-04,4,"Magnetic closure boxes by industry","Fashion and Sportswear Packaging","apparel magnetic gift box","apparel packaging box | apparel magnetic gift box manufacturer | apparel magnetic gift box for apparel | rigid greyboard apparel box",40,1104,"Custom Apparel Magnetic Gift Box for Apparel Brands","Custom Apparel Magnetic Gift Box is a custom magnetic closure box for folded shirts, scarves, socks, underwear sets, sportswear items, accessories, hang tags.","apparel magnetic gift box",,6,YES,KEEP_AS_VARIANT,C:\xampp\htdocs\hopgiayvpn\seo-content\product-rewrite-v1\products\1480-custom-apparel-magnetic-gift-box.html,951b4182df391bb27806667c4bece72a5d548f31504ccac85411c5fe14371df6,951b4182df391bb27806667c4bece72a5d548f31504ccac85411c5fe14371df6,200,PASS,
1481,"Custom Corporate PR Kit Magnetic Box",custom-corporate-pr-kit-magnetic-box,http://localhost/hopgiayvpn/product/custom-corporate-pr-kit-magnetic-box/,publish,BATCH-04,4,"Magnetic closure boxes by industry","Corporate Gift Packaging","corporate pr kit magnetic box","corporate gift packaging box | corporate pr kit magnetic box manufacturer | corporate pr kit magnetic box for corporate gift | rigid greyboard corporate gift box",48,1040,"Custom Corporate PR Kit Magnetic Box Manufacturer Supplier","Custom Corporate PR Kit Magnetic Box is a custom magnetic closure box for product samples, cards, brochures, branded gifts, QR cards, vouchers, launch.","corporate pr kit magnetic box",,3,YES,KEEP_DISTINCT,C:\xampp\htdocs\hopgiayvpn\seo-content\product-rewrite-v1\products\1481-custom-corporate-pr-kit-magnetic-box.html,0d0e7fdf2a03404963d545095d67fcf7664793fe0564d85d74fee6f61d95f653,0d0e7fdf2a03404963d545095d67fcf7664793fe0564d85d74fee6f61d95f653,200,PASS,
1482,"Custom Wine Magnetic Gift Box",custom-wine-magnetic-gift-box,http://localhost/hopgiayvpn/product/custom-wine-magnetic-gift-box/,publish,BATCH-04,4,"Magnetic closure boxes by industry","Gift Paper Boxes","wine magnetic gift box","wine packaging box | wine magnetic gift box manufacturer | wine magnetic gift box for wine | rigid greyboard wine box",43,1000,"Custom Wine Magnetic Gift Box for Wine Brands Manufacturer","Custom Wine Magnetic Gift Box is a custom magnetic closure box for wine bottles, sparkling drink bottles, tasting cards, bottle openers, glasses, sleeves, and.","wine magnetic gift box",,6,YES,KEEP_AS_VARIANT,C:\xampp\htdocs\hopgiayvpn\seo-content\product-rewrite-v1\products\1482-custom-wine-magnetic-gift-box.html,33aa81e464032b0624de8ab93d37ffadc75c47e98044750abb60e435f07bc7c5,33aa81e464032b0624de8ab93d37ffadc75c47e98044750abb60e435f07bc7c5,200,PASS,
5557,"CUSTOM PERFUME AND LOTION GIFT SET BOX",custom-perfume-and-lotion-gift-set-box,http://localhost/hopgiayvpn/product/custom-perfume-and-lotion-gift-set-box/,publish,BATCH-02,2,"Skincare product-specific packaging","Perfume Packaging Boxes","perfume and lotion gift set box","perfume packaging box | perfume and lotion gift set box manufacturer | perfume and lotion gift set box for perfume | rigid greyboard perfume box",49,1022,"Custom Perfume And Lotion Gift Set Box for Perfume Brands","CUSTOM PERFUME AND LOTION GIFT SET BOX is a custom perfume packaging solution for perfume bottles, body lotion tubes, cream jars, scent cards, mini sprays.","perfume and lotion gift set box",,6,YES,KEEP_AS_VARIANT,C:\xampp\htdocs\hopgiayvpn\seo-content\product-rewrite-v1\products\5557-custom-perfume-and-lotion-gift-set-box.html,9d54d527bf575b2119472694f3f2eefbd001d36a160455ab62adc9d3e34e0448,9d54d527bf575b2119472694f3f2eefbd001d36a160455ab62adc9d3e34e0448,200,PASS,
5581,"CUSTOM PERFUME BOX WITH PAPER INSERT",custom-perfume-box-with-paper-insert,http://localhost/hopgiayvpn/product/custom-perfume-box-with-paper-insert/,publish,BATCH-08,8,"Perfume and beauty packaging","Perfume Packaging Boxes","perfume box with paper insert","perfume packaging box | perfume box with paper insert manufacturer | perfume box with paper insert for perfume | sbs paperboard perfume box",42,1011,"Custom Perfume Box With Paper Insert for Perfume Brands","CUSTOM PERFUME BOX WITH PAPER INSERT is a custom perfume packaging solution for perfume bottles, cologne bottles, travel sprays, refill bottles, fragrance.","perfume box with paper insert",,6,YES,KEEP_AS_VARIANT,C:\xampp\htdocs\hopgiayvpn\seo-content\product-rewrite-v1\products\5581-custom-perfume-box-with-paper-insert.html,acf00d56b05a4e01b4b29b61b9d3eb352bc05560941b5dce59ad246ce6611a3c,acf00d56b05a4e01b4b29b61b9d3eb352bc05560941b5dce59ad246ce6611a3c,200,PASS,
5609,"CUSTOM PERFUME DRAWER BOX WITH INSERT",custom-perfume-drawer-box-with-insert,http://localhost/hopgiayvpn/product/custom-perfume-drawer-box-with-insert/,publish,BATCH-08,8,"Perfume and beauty packaging","Perfume Packaging Boxes","perfume drawer box with insert","perfume packaging box | perfume drawer box with insert manufacturer | perfume drawer box with insert for perfume | rigid greyboard perfume box",42,1030,"Custom Perfume Drawer Box With Insert for Perfume Brands","CUSTOM PERFUME DRAWER BOX WITH INSERT is a custom perfume packaging solution for perfume bottles, sample vials, scent cards, refill bottles, atomizers, and.","perfume drawer box with insert",,6,YES,KEEP_AS_VARIANT,C:\xampp\htdocs\hopgiayvpn\seo-content\product-rewrite-v1\products\5609-custom-perfume-drawer-box-with-insert.html,ac3c897ba487593391ddc76c310b67fb2a41de8b2cae16ab348f3baa923838f0,ac3c897ba487593391ddc76c310b67fb2a41de8b2cae16ab348f3baa923838f0,200,PASS,
5635,"CUSTOM PERFUME SAMPLE SET BOX",custom-perfume-sample-set-box,http://localhost/hopgiayvpn/product/custom-perfume-sample-set-box/,publish,BATCH-08,8,"Perfume and beauty packaging","Perfume Packaging Boxes","perfume sample set box","perfume samples packaging box | perfume sample set box manufacturer | perfume sample set box for perfume samples | rigid greyboard perfume samples box",42,1099,"Custom Perfume Sample Set Box for Perfume Samples Brands","CUSTOM PERFUME SAMPLE SET BOX is a custom perfume packaging solution for multiple perfume vials, mini spray bottles, scent cards, discovery notes, refill.","perfume sample set box",,6,YES,KEEP_AS_VARIANT,C:\xampp\htdocs\hopgiayvpn\seo-content\product-rewrite-v1\products\5635-custom-perfume-sample-set-box.html,59b678da4ac6b15e9c14bacc54c3826c97de4936af01544cc57d7aa58c3dc475,59b678da4ac6b15e9c14bacc54c3826c97de4936af01544cc57d7aa58c3dc475,200,PASS,
5661,"CUSTOM REFILLABLE PERFUME PACKAGING BOX",custom-refillable-perfume-packaging-box,http://localhost/hopgiayvpn/product/custom-refillable-perfume-packaging-box/,publish,BATCH-08,8,"Perfume and beauty packaging","Perfume Packaging Boxes","refillable perfume packaging box","refillable perfume packaging box manufacturer | refillable perfume packaging box for refillable perfume | kraft paperboard refillable perfume box",47,948,"Custom Refillable Perfume Packaging Box Manufacturer","CUSTOM REFILLABLE PERFUME PACKAGING BOX is a custom perfume packaging solution for refillable perfume bottles, travel atomizers, refill cartridges, glass.","refillable perfume packaging box",,6,YES,KEEP_DISTINCT,C:\xampp\htdocs\hopgiayvpn\seo-content\product-rewrite-v1\products\5661-custom-refillable-perfume-packaging-box.html,82d114cf5f60934cba127e46e1d12a8a026a82fabd9955924c87cedb2f72ba91,82d114cf5f60934cba127e46e1d12a8a026a82fabd9955924c87cedb2f72ba91,200,PASS,
5685,"CUSTOM FOLDING CARTON PERFUME BOX",custom-folding-carton-perfume-box,http://localhost/hopgiayvpn/product/custom-folding-carton-perfume-box/,publish,BATCH-08,8,"Perfume and beauty packaging","Perfume Packaging Boxes","folding carton perfume box","perfume packaging box | folding carton perfume box manufacturer | folding carton perfume box for perfume | sbs paperboard perfume box",45,968,"Custom Folding Carton Perfume Box for Perfume Brands","CUSTOM FOLDING CARTON PERFUME BOX is a custom perfume packaging solution for 30ml, 50ml, and 100ml perfume bottles, cologne bottles, eau de parfum cartons.","folding carton perfume box",,6,YES,KEEP_DISTINCT,C:\xampp\htdocs\hopgiayvpn\seo-content\product-rewrite-v1\products\5685-custom-folding-carton-perfume-box.html,5b138d59feffe606482c1452eb2728a59384d7e0af9d06c3cc1fef214457f927,5b138d59feffe606482c1452eb2728a59384d7e0af9d06c3cc1fef214457f927,200,PASS,
5709,"CUSTOM LUXURY PERFUME BOX WITH MAGNETIC CLOSURE",custom-luxury-perfume-box-with-magnetic-closure,http://localhost/hopgiayvpn/product/custom-luxury-perfume-box-with-magnetic-closure/,publish,BATCH-04,4,"Magnetic closure boxes by industry","Magnetic Closure Boxes","luxury perfume box with magnetic closure","luxury perfume magnetic closure box | perfume packaging box | luxury perfume box with magnetic closure manufacturer | luxury perfume magnetic closure box for perfume | rigid greyboard perfume box",43,996,"Custom Luxury Perfume Box With Magnetic Closure Manufacturer","CUSTOM LUXURY PERFUME BOX WITH MAGNETIC CLOSURE is a custom perfume packaging solution for premium glass perfume bottles, limited fragrance launches, atomizer.","luxury perfume box with magnetic closure",,6,YES,KEEP_AS_VARIANT,C:\xampp\htdocs\hopgiayvpn\seo-content\product-rewrite-v1\products\5709-custom-luxury-perfume-box-with-magnetic-closure.html,046e04e3b82dbdd96d801497ed5795d67130f3482413a321ba7656df8588ed19,046e04e3b82dbdd96d801497ed5795d67130f3482413a321ba7656df8588ed19,200,PASS,
5735,"CUSTOM MINI PERFUME BOTTLE PACKAGING BOX",custom-mini-perfume-bottle-packaging-box,http://localhost/hopgiayvpn/product/custom-mini-perfume-bottle-packaging-box/,publish,BATCH-08,8,"Perfume and beauty packaging","Perfume Packaging Boxes","mini perfume bottle packaging box","mini perfume packaging box | mini perfume bottle packaging box manufacturer | mini perfume bottle packaging box for mini perfume | sbs paperboard mini perfume box",44,990,"Custom Mini Perfume Bottle Packaging Box Manufacturer","CUSTOM MINI PERFUME BOTTLE PACKAGING BOX is a custom perfume packaging solution for mini perfume bottles, sample spray vials, travel atomizers, discovery.","mini perfume bottle packaging box",,6,YES,KEEP_DISTINCT,C:\xampp\htdocs\hopgiayvpn\seo-content\product-rewrite-v1\products\5735-custom-mini-perfume-bottle-packaging-box.html,61559d7ed4f80b4a6a6d01cea560de755d0dd1333279e8ef3c792d15962eadf1,61559d7ed4f80b4a6a6d01cea560de755d0dd1333279e8ef3c792d15962eadf1,200,PASS,
5757,"CUSTOM PERFUME BOX WITH EVA FOAM INSERT",custom-perfume-box-with-eva-foam-insert,http://localhost/hopgiayvpn/product/custom-perfume-box-with-eva-foam-insert/,publish,BATCH-08,8,"Perfume and beauty packaging","Perfume Packaging Boxes","perfume box with eva foam insert","perfume packaging box | perfume box with eva foam insert manufacturer | perfume box with eva foam insert for perfume | rigid greyboard perfume box",44,981,"Custom Perfume Box With EVA Foam Insert for Perfume Brands","CUSTOM PERFUME BOX WITH EVA FOAM INSERT is a custom perfume packaging solution for fragile glass perfume bottles, premium caps, atomizer bottles, sample cards.","perfume box with eva foam insert",,6,YES,KEEP_AS_VARIANT,C:\xampp\htdocs\hopgiayvpn\seo-content\product-rewrite-v1\products\5757-custom-perfume-box-with-eva-foam-insert.html,408d2edd0315f7d7979ff6b88695da14a32b5bad68e4000eda610713808cf449,408d2edd0315f7d7979ff6b88695da14a32b5bad68e4000eda610713808cf449,200,PASS,
5779,"CUSTOM PERFUME BOX WITH LID AND BASE",custom-perfume-box-with-lid-and-base,http://localhost/hopgiayvpn/product/custom-perfume-box-with-lid-and-base/,publish,BATCH-08,8,"Perfume and beauty packaging","Perfume Packaging Boxes","perfume box with lid and base","perfume packaging box | perfume box with lid and base manufacturer | perfume box with lid and base for perfume | rigid greyboard perfume box",45,1079,"Custom Perfume Box With Lid And Base for Perfume Brands","CUSTOM PERFUME BOX WITH LID AND BASE is a custom perfume packaging solution for perfume bottles, cologne bottles, scent cards, travel sprays, refill bottles.","perfume box with lid and base",,6,YES,KEEP_DISTINCT,C:\xampp\htdocs\hopgiayvpn\seo-content\product-rewrite-v1\products\5779-custom-perfume-box-with-lid-and-base.html,ec219f00a824617cfdb72af51aba33be51ac7de4e51a1a4c3d7b2c3c025b96d1,ec219f00a824617cfdb72af51aba33be51ac7de4e51a1a4c3d7b2c3c025b96d1,200,PASS,
5803,"CUSTOM CORRUGATED APPAREL MAILER BOX",custom-corrugated-apparel-mailer-box,http://localhost/hopgiayvpn/product/custom-corrugated-apparel-mailer-box/,publish,BATCH-01,1,"Priority corrugated duplicates and core mailers","Corrugated Mailer Boxes","corrugated apparel mailer box","apparel packaging box | corrugated apparel mailer box manufacturer | corrugated apparel mailer box for apparel | kraft corrugated board apparel box",52,1075,"Custom Corrugated Apparel Mailer Box for Apparel Brands","CUSTOM CORRUGATED APPAREL MAILER BOX is a custom corrugated packaging solution for folded shirts, hoodies, socks, accessories, textile samples, influencer.","corrugated apparel mailer box",,6,YES,KEEP_AS_VARIANT,C:\xampp\htdocs\hopgiayvpn\seo-content\product-rewrite-v1\products\5803-custom-corrugated-apparel-mailer-box.html,36a77dc753a05d4f653f589e588456f5ac1373b44e71798ef076b6c0a8f27217,36a77dc753a05d4f653f589e588456f5ac1373b44e71798ef076b6c0a8f27217,200,PASS,
5824,"CUSTOM CORRUGATED BOOK MAILER BOX",custom-corrugated-book-mailer-box,http://localhost/hopgiayvpn/product/custom-corrugated-book-mailer-box/,publish,BATCH-01,1,"Priority corrugated duplicates and core mailers","Corrugated Mailer Boxes","corrugated book mailer box","books packaging box | corrugated book mailer box manufacturer | corrugated book mailer box for books | kraft corrugated board books box",40,1044,"Custom Corrugated Book Mailer Box for Books Brands","CUSTOM CORRUGATED BOOK MAILER BOX is a custom corrugated packaging solution for books, notebooks, journals, catalogs, planners, printed manuals, educational.","corrugated book mailer box",,6,YES,KEEP_AS_VARIANT,C:\xampp\htdocs\hopgiayvpn\seo-content\product-rewrite-v1\products\5824-custom-corrugated-book-mailer-box.html,ca9e5e22a758137e5faaa92b9eeb0f41936b87d098068e55d7f038dc735d5e5b,ca9e5e22a758137e5faaa92b9eeb0f41936b87d098068e55d7f038dc735d5e5b,200,PASS,
5849,"CUSTOM CORRUGATED BOTTLE SHIPPING BOX WITH DIVIDERS",custom-corrugated-bottle-shipping-box-with-dividers,http://localhost/hopgiayvpn/product/custom-corrugated-bottle-shipping-box-with-dividers/,publish,BATCH-01,1,"Priority corrugated duplicates and core mailers","Corrugated Mailer Boxes","corrugated bottle shipping box with dividers","beverage packaging box | corrugated bottle shipping box with dividers manufacturer | corrugated bottle shipping box with dividers for beverage | kraft corrugated board beverage box",51,1110,"Custom Corrugated Bottle Shipping Box With Dividers","CUSTOM CORRUGATED BOTTLE SHIPPING BOX WITH DIVIDERS is a custom corrugated packaging solution for glass bottles, beverage samples, sauce bottles, essential.","corrugated bottle shipping box with dividers",,6,YES,KEEP_DISTINCT,C:\xampp\htdocs\hopgiayvpn\seo-content\product-rewrite-v1\products\5849-custom-corrugated-bottle-shipping-box-with-dividers.html,82f1474919d9df07363931161ec91738158f6d45fbdf132d2e373b8af49d424c,82f1474919d9df07363931161ec91738158f6d45fbdf132d2e373b8af49d424c,200,PASS,
5873,"CUSTOM CORRUGATED CANDLE SHIPPING BOX",custom-corrugated-candle-shipping-box,http://localhost/hopgiayvpn/product/custom-corrugated-candle-shipping-box/,publish,BATCH-01,1,"Priority corrugated duplicates and core mailers","Candle Packaging Boxes","corrugated candle shipping box","candles packaging box | corrugated candle shipping box manufacturer | corrugated candle shipping box for candles | kraft corrugated board candles box",41,1108,"Custom Corrugated Candle Shipping Box for Candles Brands","CUSTOM CORRUGATED CANDLE SHIPPING BOX is a custom corrugated packaging solution for glass jar candles, tin candles, ceramic candle cups, wax melts, candle.","corrugated candle shipping box",,6,YES,KEEP_AS_VARIANT,C:\xampp\htdocs\hopgiayvpn\seo-content\product-rewrite-v1\products\5873-custom-corrugated-candle-shipping-box.html,c41d53f332df343d70a9efdfcc98dc5a351ec105f38a26dd5372ef74a0cd2ccb,c41d53f332df343d70a9efdfcc98dc5a351ec105f38a26dd5372ef74a0cd2ccb,200,PASS,
5897,"CUSTOM CORRUGATED COSMETIC MAILER BOX",custom-corrugated-cosmetic-mailer-box,http://localhost/hopgiayvpn/product/custom-corrugated-cosmetic-mailer-box/,publish,BATCH-01,1,"Priority corrugated duplicates and core mailers","Corrugated Mailer Boxes","corrugated cosmetic mailer box","cosmetics packaging box | corrugated cosmetic mailer box manufacturer | corrugated cosmetic mailer box for cosmetics | white corrugated board cosmetics box",49,1073,"Custom Corrugated Cosmetic Mailer Box for Cosmetics Brands","CUSTOM CORRUGATED COSMETIC MAILER BOX is a custom corrugated packaging solution for serum bottles, cream jars, tubes, cosmetic cartons, sample sachets, beauty.","corrugated cosmetic mailer box",,6,YES,KEEP_AS_VARIANT,C:\xampp\htdocs\hopgiayvpn\seo-content\product-rewrite-v1\products\5897-custom-corrugated-cosmetic-mailer-box.html,6ab2ecace7862434cc113bac0072ceab6234e2cce68403de0e7ee4530761137e,6ab2ecace7862434cc113bac0072ceab6234e2cce68403de0e7ee4530761137e,200,PASS,
5924,"CUSTOM CORRUGATED ELECTRONICS MAILER BOX",custom-corrugated-electronics-mailer-box,http://localhost/hopgiayvpn/product/custom-corrugated-electronics-mailer-box/,publish,BATCH-01,1,"Priority corrugated duplicates and core mailers","Corrugated Mailer Boxes","corrugated electronics mailer box","electronics accessories packaging box | corrugated electronics mailer box manufacturer | corrugated electronics mailer box for electronics accessories | white e flute electronics accessories box",46,1085,"Custom Corrugated Electronics Mailer Box Manufacturer","CUSTOM CORRUGATED ELECTRONICS MAILER BOX is a custom corrugated packaging solution for charging cables, adapters, phone cases, small gadgets, repair tools.","corrugated electronics mailer box",,6,YES,KEEP_AS_VARIANT,C:\xampp\htdocs\hopgiayvpn\seo-content\product-rewrite-v1\products\5924-custom-corrugated-electronics-mailer-box.html,d9e7bf7a49cfd0c2d6a4c8aa63dd615e43c579d3a6cae3a20adf975c8a83b5fe,d9e7bf7a49cfd0c2d6a4c8aa63dd615e43c579d3a6cae3a20adf975c8a83b5fe,200,PASS,
5952,"CUSTOM CORRUGATED FOOD DELIVERY BOX",custom-corrugated-food-delivery-box,http://localhost/hopgiayvpn/product/custom-corrugated-food-delivery-box/,publish,BATCH-01,1,"Priority corrugated duplicates and core mailers","Food Paper Boxes","corrugated food delivery box","food delivery packaging box | corrugated food delivery box manufacturer | corrugated food delivery box for food delivery | kraft corrugated board food delivery box",40,1096,"Custom Corrugated Food Delivery Box for Food Delivery Brands","CUSTOM CORRUGATED FOOD DELIVERY BOX is a custom corrugated packaging solution for meal kits, bakery items, snack packs, sauce jars, dry food sets, insulated.","corrugated food delivery box",,6,YES,KEEP_DISTINCT,C:\xampp\htdocs\hopgiayvpn\seo-content\product-rewrite-v1\products\5952-custom-corrugated-food-delivery-box.html,6b53b8969d164f470336db0326773b9458ba4857b86afc3967679e623439edeb,6b53b8969d164f470336db0326773b9458ba4857b86afc3967679e623439edeb,200,PASS,
5972,"CUSTOM CORRUGATED GIFT SET MAILER BOX",custom-corrugated-gift-set-mailer-box,http://localhost/hopgiayvpn/product/custom-corrugated-gift-set-mailer-box/,publish,BATCH-01,1,"Priority corrugated duplicates and core mailers","Corrugated Mailer Boxes","corrugated gift set mailer box","corporate gifts packaging box | corrugated gift set mailer box manufacturer | corrugated gift set mailer box for corporate gifts | white corrugated board corporate gifts box",43,1096,"Custom Corrugated Gift Set Mailer Box Manufacturer","CUSTOM CORRUGATED GIFT SET MAILER BOX is a custom corrugated packaging solution for multi-item gift sets, promotional kits, branded merchandise, candles.","corrugated gift set mailer box",,6,YES,KEEP_AS_VARIANT,C:\xampp\htdocs\hopgiayvpn\seo-content\product-rewrite-v1\products\5972-custom-corrugated-gift-set-mailer-box.html,6efaeea97d1e1c70b0f8ca72e380d15475d496e4c9d7cecd66d0290bc107262f,6efaeea97d1e1c70b0f8ca72e380d15475d496e4c9d7cecd66d0290bc107262f,200,PASS,
6000,"CUSTOM CORRUGATED SHOE MAILER BOX",custom-corrugated-shoe-mailer-box,http://localhost/hopgiayvpn/product/custom-corrugated-shoe-mailer-box/,publish,BATCH-01,1,"Priority corrugated duplicates and core mailers","Corrugated Mailer Boxes","corrugated shoe mailer box","footwear packaging box | corrugated shoe mailer box manufacturer | corrugated shoe mailer box for footwear | kraft corrugated board footwear box",52,1054,"Custom Corrugated Shoe Mailer Box for Footwear Brands","CUSTOM CORRUGATED SHOE MAILER BOX is a custom corrugated packaging solution for sneakers, sandals, casual shoes, footwear samples, socks, shoe care cards, and.","corrugated shoe mailer box",,6,YES,KEEP_AS_VARIANT,C:\xampp\htdocs\hopgiayvpn\seo-content\product-rewrite-v1\products\6000-custom-corrugated-shoe-mailer-box.html,9ae6005d7d58c21bbdee1adbf58eabdac859fd64096ed6713d1772dd3d4de480,9ae6005d7d58c21bbdee1adbf58eabdac859fd64096ed6713d1772dd3d4de480,200,PASS,
6024,"CUSTOM CORRUGATED SUBSCRIPTION BOX",custom-corrugated-subscription-box,http://localhost/hopgiayvpn/product/custom-corrugated-subscription-box/,publish,BATCH-01,1,"Priority corrugated duplicates and core mailers","Corrugated Mailer Boxes","corrugated subscription box","subscription box packaging box | corrugated subscription box manufacturer | corrugated subscription box for subscription box | white corrugated board subscription box box",46,1063,"Custom Corrugated Subscription Box Manufacturer Manufacturer","CUSTOM CORRUGATED SUBSCRIPTION BOX is a custom corrugated packaging solution for monthly product assortments, sample kits, lifestyle items, beauty minis.","corrugated subscription box",,6,YES,KEEP_DISTINCT,C:\xampp\htdocs\hopgiayvpn\seo-content\product-rewrite-v1\products\6024-custom-corrugated-subscription-box.html,13a57cb0c082d417aa52fce893b687618a609d6e8715d954d6c12af4db31f95b,13a57cb0c082d417aa52fce893b687618a609d6e8715d954d6c12af4db31f95b,200,PASS,
7081,"BOARD GAME PACKAGING BOX",board-game-packaging-box,http://localhost/hopgiayvpn/product/board-game-packaging-box/,publish,BATCH-05,5,"Toy, game and creative-kit packaging","Toy and Game Packaging Boxes","board game packaging box","rigid board game lid and base box | toys packaging box | board game packaging box manufacturer | rigid board game lid and base box for toys | sbs paperboard toys box",44,1054,"Board Game Packaging Box for Toys Brands Manufacturer","Board Game Packaging Box is developed for board-game publishers, tabletop studios, educational game brands, crowdfunding teams, and specialty retailers.","board game packaging box",,6,YES,KEEP_DISTINCT,C:\xampp\htdocs\hopgiayvpn\seo-content\product-rewrite-v1\products\7081-board-game-packaging-box.html,9b0e38e7990e18031054f26c46703e2f569bd5e187e8814394913a2e8455d8f2,9b0e38e7990e18031054f26c46703e2f569bd5e187e8814394913a2e8455d8f2,200,PASS,
7082,"CARD GAME PACKAGING BOX",card-game-packaging-box,http://localhost/hopgiayvpn/product/card-game-packaging-box/,publish,BATCH-05,5,"Toy, game and creative-kit packaging","Toy and Game Packaging Boxes","card game packaging box","folding carton card game box | toys packaging box | card game packaging box manufacturer | folding carton card game box for toys | sbs paperboard toys box",40,906,"Card Game Packaging Box for Toys Brands Manufacturer","Card Game Packaging Box is developed for card-game publishers, learning brands, promotional agencies, casino suppliers, and retail card manufacturers packing.","card game packaging box",,6,YES,KEEP_DISTINCT,C:\xampp\htdocs\hopgiayvpn\seo-content\product-rewrite-v1\products\7082-card-game-packaging-box.html,692b64fb0e57c64a7c26546474a1d5dfa480dee263ce1350b7e5197355f0aeb2,692b64fb0e57c64a7c26546474a1d5dfa480dee263ce1350b7e5197355f0aeb2,200,PASS,
7083,"CHILDRENS CRAFT KIT PACKAGING BOX",childrens-craft-kit-packaging-box,http://localhost/hopgiayvpn/product/childrens-craft-kit-packaging-box/,publish,BATCH-05,5,"Toy, game and creative-kit packaging","Toy and Game Packaging Boxes","children s craft kit packaging box","children s craft kit mailer box | toys packaging box | children s craft kit packaging box manufacturer | children s craft kit mailer box for toys | sbs paperboard toys box",45,1127,"Childrens Craft Kit Packaging Box for Toys Brands Supplier","Childrens Craft Kit Packaging Box is developed for creative toy brands, school suppliers, museum shops, subscription craft programs, and educational.","children s craft kit packaging box",,6,YES,KEEP_DISTINCT,C:\xampp\htdocs\hopgiayvpn\seo-content\product-rewrite-v1\products\7083-childrens-craft-kit-packaging-box.html,e43973010bf8f9c04f4d35a9d9285eacb2a07b1ce5977a912172d50169f23329,e43973010bf8f9c04f4d35a9d9285eacb2a07b1ce5977a912172d50169f23329,200,PASS,
7084,"COLLECTIBLE FIGURE PACKAGING BOX",collectible-figure-packaging-box,http://localhost/hopgiayvpn/product/collectible-figure-packaging-box/,publish,BATCH-05,5,"Toy, game and creative-kit packaging","Toy and Game Packaging Boxes","collectible figure packaging box","window collectible figure carton | toys packaging box | collectible figure packaging box manufacturer | window collectible figure carton for toys | sbs paperboard toys box",44,859,"Collectible Figure Packaging Box for Toys Brands Supplier","Collectible Figure Packaging Box is developed for collectible brands, animation licensors, designer-toy studios, event merchandise teams, and specialty.","collectible figure packaging box",,6,YES,KEEP_DISTINCT,C:\xampp\htdocs\hopgiayvpn\seo-content\product-rewrite-v1\products\7084-collectible-figure-packaging-box.html,03fe76428ca9fa113b7d661903dc043054492c46752872302ed34d3c5ff586ad,03fe76428ca9fa113b7d661903dc043054492c46752872302ed34d3c5ff586ad,200,PASS,
7085,"CUSTOM TOY PACKAGING BOX",custom-toy-packaging-box,http://localhost/hopgiayvpn/product/custom-toy-packaging-box/,publish,BATCH-05,5,"Toy, game and creative-kit packaging","Toy and Game Packaging Boxes","custom toy packaging box","toy building block packaging box | toys packaging box | custom toy packaging box manufacturer | toy building block packaging box for toys | sbs paperboard toys box",44,1026,"Custom Toy Packaging Box for Toys Brands Manufacturer","Custom Toy Packaging Box is developed for wooden toy makers, Montessori brands, preschool suppliers, educational retailers, and private-label toy companies.","custom toy packaging box",,6,YES,KEEP_AS_VARIANT,C:\xampp\htdocs\hopgiayvpn\seo-content\product-rewrite-v1\products\7085-custom-toy-packaging-box.html,0a7e6f786bf90e2d21d422af167192f858046df6c656b6ccab138d1ab82563fb,0a7e6f786bf90e2d21d422af167192f858046df6c656b6ccab138d1ab82563fb,200,PASS,
7086,"EDUCATIONAL TOY PACKAGING BOX",educational-toy-packaging-box,http://localhost/hopgiayvpn/product/educational-toy-packaging-box/,publish,BATCH-05,5,"Toy, game and creative-kit packaging","Toy and Game Packaging Boxes","educational toy packaging box","rigid educational toy set box | toys packaging box | educational toy packaging box manufacturer | rigid educational toy set box for toys | sbs paperboard toys box",44,949,"Educational Toy Packaging Box for Toys Brands Manufacturer","Educational Toy Packaging Box is developed for learning brands, preschool chains, tutoring suppliers, school distributors, and child-development product.","educational toy packaging box",,6,YES,KEEP_AS_VARIANT,C:\xampp\htdocs\hopgiayvpn\seo-content\product-rewrite-v1\products\7086-educational-toy-packaging-box.html,4741624ba9a6c3fac852890027c5bab0dc13a137d9175d88d9e98ca4d25e5e6b,4741624ba9a6c3fac852890027c5bab0dc13a137d9175d88d9e98ca4d25e5e6b,200,PASS,
7087,"PUZZLE PACKAGING BOX",puzzle-packaging-box,http://localhost/hopgiayvpn/product/puzzle-packaging-box/,publish,BATCH-05,5,"Toy, game and creative-kit packaging","Toy and Game Packaging Boxes","puzzle packaging box","rigid jigsaw puzzle box | toys packaging box | puzzle packaging box manufacturer | rigid jigsaw puzzle box for toys | sbs paperboard toys box",43,1003,"Puzzle Packaging Box for Toys Brands Manufacturer Supplier","Puzzle Packaging Box is developed for puzzle publishers, museum shops, gift brands, educational retailers, and custom artwork licensors packing jigsaw puzzle.","puzzle packaging box",,6,YES,KEEP_DISTINCT,C:\xampp\htdocs\hopgiayvpn\seo-content\product-rewrite-v1\products\7087-puzzle-packaging-box.html,2b4d9b9778a20040630a7106ddd379ad3e94ec625d9995a2c92f8c4b84284fb4,2b4d9b9778a20040630a7106ddd379ad3e94ec625d9995a2c92f8c4b84284fb4,200,PASS,
7088,"COFFEE CAPSULE PACKAGING BOX",coffee-capsule-packaging-box,http://localhost/hopgiayvpn/product/coffee-capsule-packaging-box/,publish,BATCH-06,6,"Tea and coffee packaging","Tea and Coffee Packaging Boxes","coffee capsule packaging box","coffee capsule compartment box | tea packaging box | coffee capsule packaging box manufacturer | coffee capsule compartment box for tea | sbs paperboard tea box",40,1046,"Coffee Capsule Packaging Box for Tea Brands Manufacturer","Coffee Capsule Packaging Box is developed for coffee roasters, capsule fillers, private-label beverage brands, hotels, offices, and specialty retailers.","coffee capsule packaging box",,6,YES,KEEP_DISTINCT,C:\xampp\htdocs\hopgiayvpn\seo-content\product-rewrite-v1\products\7088-coffee-capsule-packaging-box.html,9e03e9a2df251468d1dce464e5b5e4f16e5c8ae8539a1e2f3c899fbfa5fef8b2,9e03e9a2df251468d1dce464e5b5e4f16e5c8ae8539a1e2f3c899fbfa5fef8b2,200,PASS,
7089,"COFFEE DRIP BAG PACKAGING BOX",coffee-drip-bag-packaging-box,http://localhost/hopgiayvpn/product/coffee-drip-bag-packaging-box/,publish,BATCH-06,6,"Tea and coffee packaging","Tea and Coffee Packaging Boxes","coffee drip bag packaging box","vertical drip coffee sachet carton | tea packaging box | coffee drip bag packaging box manufacturer | vertical drip coffee sachet carton for tea | sbs paperboard tea box",45,990,"Coffee Drip Bag Packaging Box for Tea Brands Manufacturer","Coffee Drip Bag Packaging Box is developed for specialty roasters, hotel suppliers, travel coffee brands, office programs, and private-label beverage.","coffee drip bag packaging box",,6,YES,KEEP_DISTINCT,C:\xampp\htdocs\hopgiayvpn\seo-content\product-rewrite-v1\products\7089-coffee-drip-bag-packaging-box.html,580e14e418b94fb91ab653485a76877b2ab20f828a73368b86934dcab536bf73,580e14e418b94fb91ab653485a76877b2ab20f828a73368b86934dcab536bf73,200,PASS,
7090,"CUSTOM COFFEE BEAN PACKAGING BOX",custom-coffee-bean-packaging-box,http://localhost/hopgiayvpn/product/custom-coffee-bean-packaging-box/,publish,BATCH-06,6,"Tea and coffee packaging","Tea and Coffee Packaging Boxes","custom coffee bean packaging box","coffee bean pouch folding carton | tea packaging box | custom coffee bean packaging box manufacturer | coffee bean pouch folding carton for tea | sbs paperboard tea box",41,901,"Custom Coffee Bean Packaging Box for Tea Brands Manufacturer","Custom Coffee Bean Packaging Box is developed for specialty roasters, cafe chains, origin exporters, private-label sellers, and gourmet food retailers packing.","custom coffee bean packaging box",,6,YES,KEEP_AS_VARIANT,C:\xampp\htdocs\hopgiayvpn\seo-content\product-rewrite-v1\products\7090-custom-coffee-bean-packaging-box.html,848cfe37f7ad072f8f33d658624d0881fb9ea60cb838a5a6fe0bd96b5d5b4662,848cfe37f7ad072f8f33d658624d0881fb9ea60cb838a5a6fe0bd96b5d5b4662,200,PASS,
7091,"CUSTOM TEA BAG PACKAGING BOX",custom-tea-bag-packaging-box,http://localhost/hopgiayvpn/product/custom-tea-bag-packaging-box/,publish,BATCH-06,6,"Tea and coffee packaging","Tea and Coffee Packaging Boxes","custom tea bag packaging box","tea bag folding carton | tea packaging box | custom tea bag packaging box manufacturer | tea bag folding carton for tea | sbs paperboard tea box",45,962,"Custom Tea Bag Packaging Box for Tea Brands Manufacturer","Custom Tea Bag Packaging Box is developed for tea blenders, wellness brands, hotel suppliers, grocery retailers, and private-label beverage companies packing.","custom tea bag packaging box",,6,YES,KEEP_DISTINCT,C:\xampp\htdocs\hopgiayvpn\seo-content\product-rewrite-v1\products\7091-custom-tea-bag-packaging-box.html,525124ba06f510f8ef0d3c0394a6b503085eaada193d32ee03801a15ea664125,525124ba06f510f8ef0d3c0394a6b503085eaada193d32ee03801a15ea664125,200,PASS,
7092,"LOOSE LEAF TEA PACKAGING BOX",loose-leaf-tea-packaging-box,http://localhost/hopgiayvpn/product/loose-leaf-tea-packaging-box/,publish,BATCH-06,6,"Tea and coffee packaging","Tea and Coffee Packaging Boxes","loose leaf tea packaging box","loose leaf tea pouch carton | tea packaging box | loose leaf tea packaging box manufacturer | loose leaf tea pouch carton for tea | sbs paperboard tea box",45,904,"Loose Leaf Tea Packaging Box for Tea Brands Manufacturer","Loose Leaf Tea Packaging Box is developed for tea estates, specialty blenders, wellness retailers, private-label brands, and export tea suppliers packing.","loose leaf tea packaging box",,6,YES,KEEP_AS_VARIANT,C:\xampp\htdocs\hopgiayvpn\seo-content\product-rewrite-v1\products\7092-loose-leaf-tea-packaging-box.html,fbcb0aa9fb72d91997af7b7fb89166159aa67b169745b142b17cac62144bb4c2,fbcb0aa9fb72d91997af7b7fb89166159aa67b169745b142b17cac62144bb4c2,200,PASS,
7093,"TEA COFFEE GIFT SET BOX",tea-coffee-gift-set-box,http://localhost/hopgiayvpn/product/tea-coffee-gift-set-box/,publish,BATCH-06,6,"Tea and coffee packaging","Tea and Coffee Packaging Boxes","tea coffee gift set box","rigid tea and coffee gift set box | tea packaging box | tea coffee gift set box manufacturer | rigid tea and coffee gift set box for tea | sbs paperboard tea box",41,1089,"Tea Coffee Gift Set Box for Tea Brands Manufacturer","Tea Coffee Gift Set Box is developed for premium beverage brands, corporate gift buyers, hotels, distributors, and seasonal retail programs packing tea tins.","tea coffee gift set box",,6,YES,KEEP_DISTINCT,C:\xampp\htdocs\hopgiayvpn\seo-content\product-rewrite-v1\products\7093-tea-coffee-gift-set-box.html,5aae2931e3892b5072a9beb5869a6df838d55f3e99ce6f11e583fa2328eba920,5aae2931e3892b5072a9beb5869a6df838d55f3e99ce6f11e583fa2328eba920,200,PASS,
7094,"TEA GIFT BOX WITH COMPARTMENTS",tea-gift-box-with-compartments,http://localhost/hopgiayvpn/product/tea-gift-box-with-compartments/,publish,BATCH-06,6,"Tea and coffee packaging","Tea and Coffee Packaging Boxes","tea gift box with compartments","compartment tea drawer gift box | tea packaging box | tea gift box with compartments manufacturer | compartment tea drawer gift box for tea | sbs paperboard tea box",45,1094,"Tea Gift Box With Compartments for Tea Brands Manufacturer","Tea Gift Box With Compartments is developed for tea houses, hospitality brands, corporate gift teams, wellness retailers, and seasonal gift suppliers packing.","tea gift box with compartments",,6,YES,KEEP_DISTINCT,C:\xampp\htdocs\hopgiayvpn\seo-content\product-rewrite-v1\products\7094-tea-gift-box-with-compartments.html,f5ce1ff11edab691cee5af419e2f8edaa0e2aac08eca7efa96379ccffe922682,f5ce1ff11edab691cee5af419e2f8edaa0e2aac08eca7efa96379ccffe922682,200,PASS,
7095,"CUSTOM PET FOOD PACKAGING BOX",custom-pet-food-packaging-box,http://localhost/hopgiayvpn/product/custom-pet-food-packaging-box/,publish,BATCH-07,7,"Pet product packaging","Pet Product Packaging Boxes","custom pet food packaging box","pet food pouch folding carton | pet food packaging box | custom pet food packaging box manufacturer | pet food pouch folding carton for pet food | sbs paperboard pet food box",43,979,"Custom Pet Food Packaging Box for Pet Food Brands Supplier","Custom Pet Food Packaging Box is developed for pet food brands, veterinary retailers, subscription suppliers, distributors, and private-label manufacturers.","custom pet food packaging box",,6,YES,KEEP_AS_VARIANT,C:\xampp\htdocs\hopgiayvpn\seo-content\product-rewrite-v1\products\7095-custom-pet-food-packaging-box.html,9b59fadd64ce10108c70d9c080564b9c90e49c5ca34c35b7462ff8d76a091f96,9b59fadd64ce10108c70d9c080564b9c90e49c5ca34c35b7462ff8d76a091f96,200,PASS,
7096,"CUSTOM PET TREAT PACKAGING BOX",custom-pet-treat-packaging-box,http://localhost/hopgiayvpn/product/custom-pet-treat-packaging-box/,publish,BATCH-07,7,"Pet product packaging","Pet Product Packaging Boxes","custom pet treat packaging box","pet treat window folding carton | pet food packaging box | custom pet treat packaging box manufacturer | pet treat window folding carton for pet food | sbs paperboard pet food box",43,925,"Custom Pet Treat Packaging Box for Pet Food Brands","Custom Pet Treat Packaging Box is developed for pet treat brands, bakeries, veterinary shops, training suppliers, and private-label pet retailers packing.","custom pet treat packaging box",,6,YES,KEEP_DISTINCT,C:\xampp\htdocs\hopgiayvpn\seo-content\product-rewrite-v1\products\7096-custom-pet-treat-packaging-box.html,794d02b63cde45955a5338056fed28c4aa24491aaa2cb3a6cc0c53c764efc578,794d02b63cde45955a5338056fed28c4aa24491aaa2cb3a6cc0c53c764efc578,200,PASS,
7097,"PET ACCESSORY GIFT BOX",pet-accessory-gift-box,http://localhost/hopgiayvpn/product/pet-accessory-gift-box/,publish,BATCH-07,7,"Pet product packaging","Pet Product Packaging Boxes","pet accessory gift box","rigid pet accessory gift box | pet food packaging box | pet accessory gift box manufacturer | rigid pet accessory gift box for pet food | sbs paperboard pet food box",46,858,"Pet Accessory Gift Box for Pet Food Brands Manufacturer","Pet Accessory Gift Box is developed for pet accessory brands, boutiques, groomers, corporate gift teams, and premium ecommerce retailers packing collars.","pet accessory gift box",,6,YES,KEEP_DISTINCT,C:\xampp\htdocs\hopgiayvpn\seo-content\product-rewrite-v1\products\7097-pet-accessory-gift-box.html,860b12b5ee5990d2b15a64284257882923723efc06f689e3ccf6a7073d6ce026,860b12b5ee5990d2b15a64284257882923723efc06f689e3ccf6a7073d6ce026,200,PASS,
7098,"PET GROOMING PRODUCT PACKAGING BOX",pet-grooming-product-packaging-box,http://localhost/hopgiayvpn/product/pet-grooming-product-packaging-box/,publish,BATCH-07,7,"Pet product packaging","Pet Product Packaging Boxes","pet grooming product packaging box","pet grooming bottle folding carton | pet food packaging box | pet grooming product packaging box manufacturer | pet grooming bottle folding carton for pet food | sbs paperboard pet food box",44,934,"Pet Grooming PRoduct Packaging Box for Pet Food Brands","Pet Grooming Product Packaging Box is developed for pet grooming brands, salons, veterinary retailers, private-label care suppliers, and ecommerce sellers.","pet grooming product packaging box",,6,YES,KEEP_DISTINCT,C:\xampp\htdocs\hopgiayvpn\seo-content\product-rewrite-v1\products\7098-pet-grooming-product-packaging-box.html,db446258a57be7e4b315aab9b70700331f46bd703c0c69d4690a85cf47799e00,db446258a57be7e4b315aab9b70700331f46bd703c0c69d4690a85cf47799e00,200,PASS,
7099,"PET PRODUCT SAMPLE KIT BOX",pet-product-sample-kit-box,http://localhost/hopgiayvpn/product/pet-product-sample-kit-box/,publish,BATCH-07,7,"Pet product packaging","Pet Product Packaging Boxes","pet product sample kit box","pet product sample kit mailer | pet food packaging box | pet product sample kit box manufacturer | pet product sample kit mailer for pet food | sbs paperboard pet food box",43,1056,"Pet PRoduct Sample Kit Box for Pet Food Brands Manufacturer","Pet Product Sample Kit Box is developed for pet brands, veterinary programs, subscription marketers, retail launch teams, and distributor sampling campaigns.","pet product sample kit box",,6,YES,KEEP_DISTINCT,C:\xampp\htdocs\hopgiayvpn\seo-content\product-rewrite-v1\products\7099-pet-product-sample-kit-box.html,63b014b3a067003c0701c21f082dadceff9e02ff87167b33a139749a331336f8,63b014b3a067003c0701c21f082dadceff9e02ff87167b33a139749a331336f8,200,PASS,
7100,"PET SUBSCRIPTION MAILER BOX",pet-subscription-mailer-box,http://localhost/hopgiayvpn/product/pet-subscription-mailer-box/,publish,BATCH-07,7,"Pet product packaging","Pet Product Packaging Boxes","pet subscription mailer box","corrugated pet subscription mailer | pet food packaging box | pet subscription mailer box manufacturer | corrugated pet subscription mailer for pet food | sbs paperboard pet food box",43,1040,"Pet Subscription Mailer Box for Pet Food Brands Manufacturer","Pet Subscription Mailer Box is developed for pet subscription companies, ecommerce brands, loyalty programs, shelters, and direct-to-consumer retailers.","pet subscription mailer box",,6,YES,KEEP_DISTINCT,C:\xampp\htdocs\hopgiayvpn\seo-content\product-rewrite-v1\products\7100-pet-subscription-mailer-box.html,8589936a98467898392a515c43b3642ea3764f7f6ec26a1696544fbc93ee2683,8589936a98467898392a515c43b3642ea3764f7f6ec26a1696544fbc93ee2683,200,PASS,
7101,"PET SUPPLEMENT PACKAGING BOX",pet-supplement-packaging-box,http://localhost/hopgiayvpn/product/pet-supplement-packaging-box/,publish,BATCH-07,7,"Pet product packaging","Pet Product Packaging Boxes","pet supplement packaging box","pet supplement bottle folding carton | pet food packaging box | pet supplement packaging box manufacturer | pet supplement bottle folding carton for pet food | sbs paperboard pet food box",43,939,"Pet Supplement Packaging Box for Pet Food Brands Supplier","Pet Supplement Packaging Box is developed for pet supplement brands, veterinary distributors, private-label laboratories, wellness retailers, and ecommerce.","pet supplement packaging box",,6,YES,KEEP_DISTINCT,C:\xampp\htdocs\hopgiayvpn\seo-content\product-rewrite-v1\products\7101-pet-supplement-packaging-box.html,75268edba62cf6e6aeaf1d1c0c061d13240bde44c1e71cef1ce90f1abfa19945,75268edba62cf6e6aeaf1d1c0c061d13240bde44c1e71cef1ce90f1abfa19945,200,PASS,
7181,"CUSTOM WHITE PAPER SHOPPING BAG WITH BROWN ROPE HANDLES",custom-white-paper-shopping-bag-with-brown-rope-handles,http://localhost/hopgiayvpn/product/custom-white-paper-shopping-bag-with-brown-rope-handles/,publish,BATCH-08,8,"Perfume and beauty packaging","Paper Bags with Logo","white paper shopping bag with brown rope handles","custom paper shopping bag | fashion packaging box | white paper shopping bag with brown rope handles manufacturer | custom paper shopping bag for fashion | white kraft paper fashion box",49,964,"Custom White Paper Shopping Bag With Brown Rope Handles","CUSTOM WHITE PAPER SHOPPING BAG WITH BROWN ROPE HANDLES is designed for fashion boutiques, cosmetics retailers, premium food shops, corporate stores, and.","white paper shopping bag with brown rope handles",,5,YES,KEEP_AS_VARIANT,C:\xampp\htdocs\hopgiayvpn\seo-content\product-rewrite-v1\products\7181-custom-white-paper-shopping-bag-with-brown-rope-handles.html,40c25ece45429a20f35d44c8dcb54c45dcdb7d315352ff2341993c4662b4f25e,40c25ece45429a20f35d44c8dcb54c45dcdb7d315352ff2341993c4662b4f25e,200,PASS,
7187,"CUSTOM RUST PAPER SHOPPING BAG WITH ROPE HANDLES",custom-rust-paper-shopping-bag-with-rope-handles,http://localhost/hopgiayvpn/product/custom-rust-paper-shopping-bag-with-rope-handles/,publish,BATCH-14,14,"Paper bags and carried packaging","Paper Bags with Logo","rust paper shopping bag with rope handles","custom paper shopping bag | apparel packaging box | rust paper shopping bag with rope handles manufacturer | custom paper shopping bag for apparel | dyed kraft paper apparel box",43,940,"Custom Rust Paper Shopping Bag With Rope Handles Supplier","CUSTOM RUST PAPER SHOPPING BAG WITH ROPE HANDLES is designed for apparel labels, leather-goods stores, home-lifestyle brands, artisan retailers, and seasonal.","rust paper shopping bag with rope handles",,5,YES,KEEP_AS_VARIANT,C:\xampp\htdocs\hopgiayvpn\seo-content\product-rewrite-v1\products\7187-custom-rust-paper-shopping-bag-with-rope-handles.html,a337726409dae42917bb14a94d683b5ea300631fd39dd5820c6fef10b6fb3c1b,a337726409dae42917bb14a94d683b5ea300631fd39dd5820c6fef10b6fb3c1b,200,PASS,
7192,"CUSTOM PINK PAPER GIFT BAG WITH TWISTED HANDLES",custom-pink-paper-gift-bag-with-twisted-handles,http://localhost/hopgiayvpn/product/custom-pink-paper-gift-bag-with-twisted-handles/,publish,BATCH-08,8,"Perfume and beauty packaging","Paper Bags with Logo","pink paper gift bag with twisted handles","custom paper shopping bag | beauty packaging box | pink paper gift bag with twisted handles manufacturer | custom paper shopping bag for beauty | colored kraft paper or printed white kraft selected for crisp folds and lightweight gift retail beauty box",46,965,"Custom Pink Paper Gift Bag With Twisted Handles Manufacturer","CUSTOM PINK PAPER GIFT BAG WITH TWISTED HANDLES is designed for beauty shops, jewelry and accessory retailers, gift boutiques, bakery counters, and.","pink paper gift bag with twisted handles",,5,YES,KEEP_DISTINCT,C:\xampp\htdocs\hopgiayvpn\seo-content\product-rewrite-v1\products\7192-custom-pink-paper-gift-bag-with-twisted-handles.html,b31485590c9361ffe4242f82b16ea3c60da1d96f013bd088eb73b4587c883890,b31485590c9361ffe4242f82b16ea3c60da1d96f013bd088eb73b4587c883890,200,PASS,
7199,"CUSTOM LIME GREEN PAPER SHOPPING BAG WITH ROPE HANDLES",custom-lime-green-paper-shopping-bag-with-rope-handles,http://localhost/hopgiayvpn/product/custom-lime-green-paper-shopping-bag-with-rope-handles/,publish,BATCH-14,14,"Paper bags and carried packaging","Paper Bags with Logo","lime green paper shopping bag with rope handles","custom paper shopping bag | wellness packaging box | lime green paper shopping bag with rope handles manufacturer | custom paper shopping bag for wellness | dyed lime kraft paper wellness box",45,1023,"Custom Lime Green Paper Shopping Bag With Rope Handles","CUSTOM LIME GREEN PAPER SHOPPING BAG WITH ROPE HANDLES is designed for wellness brands, natural-product retailers, sports shops, children’s stores, beverage.","lime green paper shopping bag with rope handles",,5,YES,KEEP_AS_VARIANT,C:\xampp\htdocs\hopgiayvpn\seo-content\product-rewrite-v1\products\7199-custom-lime-green-paper-shopping-bag-with-rope-handles.html,d0d54b383b799e679a3c17a2e385d8b932ce25730deeee1a964ef4fa2c8e0583,d0d54b383b799e679a3c17a2e385d8b932ce25730deeee1a964ef4fa2c8e0583,200,PASS,
7204,"CUSTOM BIRTHDAY PAPER GIFT BAG WITH CANDLE PRINT",custom-birthday-paper-gift-bag-with-candle-print,http://localhost/hopgiayvpn/product/custom-birthday-paper-gift-bag-with-candle-print/,publish,BATCH-05,5,"Toy, game and creative-kit packaging","Paper Bags with Logo","birthday paper gift bag with candle print","custom paper shopping bag | party supplies packaging box | birthday paper gift bag with candle print manufacturer | custom paper shopping bag for party supplies | printed white kraft paper or coated art paper selected for bright multicolor graphics and crisp small details party supplies box",52,922,"Custom Birthday Paper Gift Bag With Candle PRint Supplier","CUSTOM BIRTHDAY PAPER GIFT BAG WITH CANDLE PRINT is designed for party-supply brands, birthday retailers, stationery chains, toy shops, bakeries, and.","birthday paper gift bag with candle print",,5,YES,KEEP_AS_VARIANT,C:\xampp\htdocs\hopgiayvpn\seo-content\product-rewrite-v1\products\7204-custom-birthday-paper-gift-bag-with-candle-print.html,b874e654ed41fd00a24aa1f7f3e3bbb5618fcb0cdf10793d11642b0edf876cff,b874e654ed41fd00a24aa1f7f3e3bbb5618fcb0cdf10793d11642b0edf876cff,200,PASS,
7209,"CUSTOM BIRTHDAY PAPER GIFT BAG WITH PRESENT PRINT",custom-birthday-paper-gift-bag-with-present-print,http://localhost/hopgiayvpn/product/custom-birthday-paper-gift-bag-with-present-print/,publish,BATCH-05,5,"Toy, game and creative-kit packaging","Paper Bags with Logo","birthday paper gift bag with present print","custom paper shopping bag | department stores packaging box | birthday paper gift bag with present print manufacturer | custom paper shopping bag for department stores | printed white kraft or coated art paper with good opacity for multicolor present and confetti artwork department stores box",43,979,"Custom Birthday Paper Gift Bag With PResent PRint Supplier","CUSTOM BIRTHDAY PAPER GIFT BAG WITH PRESENT PRINT is designed for gift shops, department stores, card retailers, toy and lifestyle chains, and private-label.","birthday paper gift bag with present print",,5,YES,KEEP_AS_VARIANT,C:\xampp\htdocs\hopgiayvpn\seo-content\product-rewrite-v1\products\7209-custom-birthday-paper-gift-bag-with-present-print.html,61fe98edb60a441cf9e1a74e4f7c0b6fe521ce092c5318d953c98d4bcdc20deb,61fe98edb60a441cf9e1a74e4f7c0b6fe521ce092c5318d953c98d4bcdc20deb,200,PASS,
7291,"CUSTOM CHRISTMAS GIFT BOX WITH RIBBON",custom-christmas-gift-box-with-ribbon,http://localhost/hopgiayvpn/product/custom-christmas-gift-box-with-ribbon/,publish,BATCH-06,6,"Tea and coffee packaging","Gift Paper Boxes","custom christmas gift box with ribbon","two piece lid and base rigid gift box with ribbon bow | corporate holiday gifts packaging box | custom christmas gift box with ribbon manufacturer | two piece lid and base rigid gift box with ribbon bow for corporate holiday gifts | rigid greyboard or recycled solid board wrapped with printed art paper or specialty paper corporate holiday gifts box",47,1104,"Custom Christmas Gift Box With Ribbon Manufacturer","CUSTOM CHRISTMAS GIFT BOX WITH RIBBON is a two-piece rigid presentation box developed for corporate holiday programs, seasonal retail collections, beauty and.","custom christmas gift box with ribbon",,5,YES,KEEP_DISTINCT,C:\xampp\htdocs\hopgiayvpn\seo-content\product-rewrite-v1\products\7291-custom-christmas-gift-box-with-ribbon.html,fac20288441bdaa835e57bc73c75820bd3aa066345fd2dd009aa12fbe4a0bad2,fac20288441bdaa835e57bc73c75820bd3aa066345fd2dd009aa12fbe4a0bad2,200,PASS,
