source_product_id,source_title,source_url,link_type,target_id,target_title,target_url,anchor_text,reason,suggested_placement,http_status,effective_url,redirect_count,http_error,validation
228,"Custom Cylindrical Paper Tube Box",http://localhost/hopgiayvpn/product/custom-cylindrical-paper-tube-box/,category_hub,,"Paper Tube Packaging",http://localhost/hopgiayvpn/products/paper-tube-packaging/,"paper tube packaging","Connect the product to its most specific existing category hub.","Product introduction or breadcrumb-support paragraph.",200,http://localhost/hopgiayvpn/products/paper-tube-packaging/,0,,VALID_EXISTING_URL
228,"Custom Cylindrical Paper Tube Box",http://localhost/hopgiayvpn/product/custom-cylindrical-paper-tube-box/,related_product,1220,"CUSTOM COFFEE PAPER TUBE PACKAGING",http://localhost/hopgiayvpn/product/custom-coffee-paper-tube-packaging/,"custom coffee paper tube packaging","Same category with a different packed product, structure or support option.","After the structure/opening section.",200,http://localhost/hopgiayvpn/product/custom-coffee-paper-tube-packaging/,0,,VALID_EXISTING_URL
228,"Custom Cylindrical Paper Tube Box",http://localhost/hopgiayvpn/product/custom-cylindrical-paper-tube-box/,related_product,1225,"CUSTOM TEA PAPER TUBE PACKAGING",http://localhost/hopgiayvpn/product/custom-tea-paper-tube-packaging/,"custom tea paper tube packaging","Same category with a different packed product, structure or support option.","After the insert, material or use-case section.",200,http://localhost/hopgiayvpn/product/custom-tea-paper-tube-packaging/,0,,VALID_EXISTING_URL
228,"Custom Cylindrical Paper Tube Box",http://localhost/hopgiayvpn/product/custom-cylindrical-paper-tube-box/,related_product,1215,"CUSTOM CANDLE PAPER TUBE BOX",http://localhost/hopgiayvpn/product/custom-candle-paper-tube-box/,"custom candle paper tube box","Same category with a different packed product, structure or support option.","After the insert, material or use-case section.",200,http://localhost/hopgiayvpn/product/custom-candle-paper-tube-box/,0,,VALID_EXISTING_URL
229,"Custom Flat Rigid Gift Box with Ribbon",http://localhost/hopgiayvpn/product/custom-flat-rigid-gift-box-with-ribbon/,category_hub,,"Rigid Boxes",http://localhost/hopgiayvpn/products/rigid-boxes/,"rigid boxes","Connect the product to its most specific existing category hub.","Product introduction or breadcrumb-support paragraph.",200,http://localhost/hopgiayvpn/products/rigid-boxes/,0,,VALID_EXISTING_URL
229,"Custom Flat Rigid Gift Box with Ribbon",http://localhost/hopgiayvpn/product/custom-flat-rigid-gift-box-with-ribbon/,related_product,237,"Custom Rigid Gift Box with Ribbon Closure",http://localhost/hopgiayvpn/product/custom-rigid-gift-box-with-ribbon-closure/,"custom rigid gift box with ribbon closure","Same category with a different packed product, structure or support option.","After the structure/opening section.",200,http://localhost/hopgiayvpn/product/custom-rigid-gift-box-with-ribbon-closure/,0,,VALID_EXISTING_URL
229,"Custom Flat Rigid Gift Box with Ribbon",http://localhost/hopgiayvpn/product/custom-flat-rigid-gift-box-with-ribbon/,related_product,346,"Custom Rigid Square Gift Box with Foil Logo",http://localhost/hopgiayvpn/product/custom-rigid-square-gift-box-with-foil-logo/,"custom rigid square gift box with foil logo","Same category with a different packed product, structure or support option.","After the insert, material or use-case section.",200,http://localhost/hopgiayvpn/product/custom-rigid-square-gift-box-with-foil-logo/,0,,VALID_EXISTING_URL
229,"Custom Flat Rigid Gift Box with Ribbon",http://localhost/hopgiayvpn/product/custom-flat-rigid-gift-box-with-ribbon/,related_product,944,"PREMIUM PICKLEBALL SET RIGID PAPER BOX",http://localhost/hopgiayvpn/product/premium-pickleball-set-rigid-paper-box/,"premium pickleball set rigid paper box","Same category with a different packed product, structure or support option.","After the insert, material or use-case section.",200,http://localhost/hopgiayvpn/product/premium-pickleball-set-rigid-paper-box/,0,,VALID_EXISTING_URL
230,"Custom Pastry Display Box with Drawer",http://localhost/hopgiayvpn/product/custom-pastry-display-box-with-drawer/,category_hub,,"Bakery Packaging Boxes",http://localhost/hopgiayvpn/products/bakery-packaging-boxes/,"bakery packaging boxes","Connect the product to its most specific existing category hub.","Product introduction or breadcrumb-support paragraph.",200,http://localhost/hopgiayvpn/products/bakery-packaging-boxes/,0,,VALID_EXISTING_URL
230,"Custom Pastry Display Box with Drawer",http://localhost/hopgiayvpn/product/custom-pastry-display-box-with-drawer/,related_product,416,"Custom Pastry Gift Box with Insert",http://localhost/hopgiayvpn/product/custom-pastry-gift-box-with-insert/,"custom pastry gift box with insert","Same category with a different packed product, structure or support option.","After the structure/opening section.",200,http://localhost/hopgiayvpn/product/custom-pastry-gift-box-with-insert/,0,,VALID_EXISTING_URL
230,"Custom Pastry Display Box with Drawer",http://localhost/hopgiayvpn/product/custom-pastry-display-box-with-drawer/,related_product,248,"Custom Pastry Sleeve Box with Insert",http://localhost/hopgiayvpn/product/custom-pastry-sleeve-box-with-insert/,"custom pastry sleeve box with insert","Same category with a different packed product, structure or support option.","After the insert, material or use-case section.",200,http://localhost/hopgiayvpn/product/custom-pastry-sleeve-box-with-insert/,0,,VALID_EXISTING_URL
230,"Custom Pastry Display Box with Drawer",http://localhost/hopgiayvpn/product/custom-pastry-display-box-with-drawer/,related_product,357,"Custom Kraft Pastry Drawer Box with Insert",http://localhost/hopgiayvpn/product/custom-kraft-pastry-drawer-box-with-insert/,"custom kraft pastry drawer box with insert","Same category with a different packed product, structure or support option.","After the insert, material or use-case section.",200,http://localhost/hopgiayvpn/product/custom-kraft-pastry-drawer-box-with-insert/,0,,VALID_EXISTING_URL
231,"Custom Wine Drawer Box with Insert",http://localhost/hopgiayvpn/product/custom-wine-drawer-box-with-insert/,category_hub,,"Drawer Boxes",http://localhost/hopgiayvpn/products/drawer-boxes/,"drawer boxes","Connect the product to its most specific existing category hub.","Product introduction or breadcrumb-support paragraph.",200,http://localhost/hopgiayvpn/products/drawer-boxes/,0,,VALID_EXISTING_URL
231,"Custom Wine Drawer Box with Insert",http://localhost/hopgiayvpn/product/custom-wine-drawer-box-with-insert/,related_product,236,"Custom Wallet Drawer Box",http://localhost/hopgiayvpn/product/custom-wallet-drawer-box/,"custom wallet drawer box","Same category with a different packed product, structure or support option.","After the structure/opening section.",200,http://localhost/hopgiayvpn/product/custom-wallet-drawer-box/,0,,VALID_EXISTING_URL
231,"Custom Wine Drawer Box with Insert",http://localhost/hopgiayvpn/product/custom-wine-drawer-box-with-insert/,related_product,245,"Custom Apparel Drawer Box with Ribbon Pull",http://localhost/hopgiayvpn/product/custom-apparel-drawer-box-with-ribbon-pull/,"custom apparel drawer box with ribbon pull","Same category with a different packed product, structure or support option.","After the insert, material or use-case section.",200,http://localhost/hopgiayvpn/product/custom-apparel-drawer-box-with-ribbon-pull/,0,,VALID_EXISTING_URL
231,"Custom Wine Drawer Box with Insert",http://localhost/hopgiayvpn/product/custom-wine-drawer-box-with-insert/,related_product,780,"CUSTOM DRAWER GIFT BOX",http://localhost/hopgiayvpn/product/custom-drawer-gift-box/,"custom drawer gift box","Same category with a different packed product, structure or support option.","After the insert, material or use-case section.",200,http://localhost/hopgiayvpn/product/custom-drawer-gift-box/,0,,VALID_EXISTING_URL
232,"Luxury Wine Bottle Packaging Boxes",http://localhost/hopgiayvpn/product/luxury-wine-bottle-packaging-boxes/,category_hub,,"Gift Paper Boxes",http://localhost/hopgiayvpn/products/gift-paper-boxes/,"gift paper boxes","Connect the product to its most specific existing category hub.","Product introduction or breadcrumb-support paragraph.",200,http://localhost/hopgiayvpn/products/gift-paper-boxes/,0,,VALID_EXISTING_URL
232,"Luxury Wine Bottle Packaging Boxes",http://localhost/hopgiayvpn/product/luxury-wine-bottle-packaging-boxes/,related_product,603,"Custom Luxury Wine Bottle Gift Box with Logo",http://localhost/hopgiayvpn/product/custom-luxury-wine-bottle-packaging-box/,"custom luxury wine bottle gift box with logo","Same category with a different packed product, structure or support option.","After the structure/opening section.",200,http://localhost/hopgiayvpn/product/custom-luxury-wine-bottle-packaging-box/,0,,VALID_EXISTING_URL
232,"Luxury Wine Bottle Packaging Boxes",http://localhost/hopgiayvpn/product/luxury-wine-bottle-packaging-boxes/,related_product,1482,"Custom Wine Magnetic Gift Box",http://localhost/hopgiayvpn/product/custom-wine-magnetic-gift-box/,"custom wine magnetic gift box","Same category with a different packed product, structure or support option.","After the insert, material or use-case section.",200,http://localhost/hopgiayvpn/product/custom-wine-magnetic-gift-box/,0,,VALID_EXISTING_URL
232,"Luxury Wine Bottle Packaging Boxes",http://localhost/hopgiayvpn/product/luxury-wine-bottle-packaging-boxes/,related_product,1476,"Custom Watch Magnetic Presentation Box",http://localhost/hopgiayvpn/product/custom-watch-magnetic-presentation-box/,"custom watch magnetic presentation box","Same category with a different packed product, structure or support option.","After the insert, material or use-case section.",200,http://localhost/hopgiayvpn/product/custom-watch-magnetic-presentation-box/,0,,VALID_EXISTING_URL
233,"Custom Candle Jar Box with Insert",http://localhost/hopgiayvpn/product/custom-candle-jar-box-with-insert/,category_hub,,"Candle Packaging Boxes",http://localhost/hopgiayvpn/products/candle-packaging-boxes/,"candle packaging boxes","Connect the product to its most specific existing category hub.","Product introduction or breadcrumb-support paragraph.",200,http://localhost/hopgiayvpn/products/candle-packaging-boxes/,0,,VALID_EXISTING_URL
233,"Custom Candle Jar Box with Insert",http://localhost/hopgiayvpn/product/custom-candle-jar-box-with-insert/,related_product,1478,"Custom Candle Magnetic Gift Box",http://localhost/hopgiayvpn/product/custom-candle-magnetic-gift-box/,"custom candle magnetic gift box","Same category with a different packed product, structure or support option.","After the structure/opening section.",200,http://localhost/hopgiayvpn/product/custom-candle-magnetic-gift-box/,0,,VALID_EXISTING_URL
233,"Custom Candle Jar Box with Insert",http://localhost/hopgiayvpn/product/custom-candle-jar-box-with-insert/,related_product,1169,"CUSTOM TWO-PIECE CANDLE GIFT BOX WITH LID AND BASE",http://localhost/hopgiayvpn/product/custom-two-piece-candle-gift-box-with-lid-and-base/,"custom two-piece candle gift box with lid and base","Same category with a different packed product, structure or support option.","After the insert, material or use-case section.",200,http://localhost/hopgiayvpn/product/custom-two-piece-candle-gift-box-with-lid-and-base/,0,,VALID_EXISTING_URL
233,"Custom Candle Jar Box with Insert",http://localhost/hopgiayvpn/product/custom-candle-jar-box-with-insert/,related_product,1168,"CUSTOM CANDLE SHIPPING MAILER BOX WITH CORRUGATED INSERT",http://localhost/hopgiayvpn/product/custom-candle-shipping-mailer-box-with-corrugated-insert/,"custom candle shipping mailer box with corrugated insert","Same category with a different packed product, structure or support option.","After the insert, material or use-case section.",200,http://localhost/hopgiayvpn/product/custom-candle-shipping-mailer-box-with-corrugated-insert/,0,,VALID_EXISTING_URL
234,"Custom Incense Packaging Box with Window",http://localhost/hopgiayvpn/product/custom-incense-packaging-box-with-window/,category_hub,,"Custom Printed Paper Boxes",http://localhost/hopgiayvpn/products/custom-printed-paper-boxes/,"custom printed paper boxes","Connect the product to its most specific existing category hub.","Product introduction or breadcrumb-support paragraph.",200,http://localhost/hopgiayvpn/products/custom-printed-paper-boxes/,0,,VALID_EXISTING_URL
235,"Custom Essential Oil Packaging Box with Insert",http://localhost/hopgiayvpn/product/custom-essential-oil-packaging-box-with-insert/,category_hub,,"Cosmetic Paper Boxes",http://localhost/hopgiayvpn/products/cosmetic-paper-boxes/,"cosmetic paper boxes","Connect the product to its most specific existing category hub.","Product introduction or breadcrumb-support paragraph.",200,http://localhost/hopgiayvpn/products/cosmetic-paper-boxes/,0,,VALID_EXISTING_URL
235,"Custom Essential Oil Packaging Box with Insert",http://localhost/hopgiayvpn/product/custom-essential-oil-packaging-box-with-insert/,related_product,340,"Custom Cosmetic Drawer Box with Insert",http://localhost/hopgiayvpn/product/custom-cosmetic-drawer-box-with-insert/,"custom cosmetic drawer box with insert","Same category with a different packed product, structure or support option.","After the structure/opening section.",200,http://localhost/hopgiayvpn/product/custom-cosmetic-drawer-box-with-insert/,0,,VALID_EXISTING_URL
235,"Custom Essential Oil Packaging Box with Insert",http://localhost/hopgiayvpn/product/custom-essential-oil-packaging-box-with-insert/,related_product,1473,"Custom Perfume Magnetic Closure Box",http://localhost/hopgiayvpn/product/custom-perfume-magnetic-closure-box/,"custom perfume magnetic closure box","Same category with a different packed product, structure or support option.","After the insert, material or use-case section.",200,http://localhost/hopgiayvpn/product/custom-perfume-magnetic-closure-box/,0,,VALID_EXISTING_URL
235,"Custom Essential Oil Packaging Box with Insert",http://localhost/hopgiayvpn/product/custom-essential-oil-packaging-box-with-insert/,related_product,773,"CUSTOM COSMETIC PACKAGING BOX",http://localhost/hopgiayvpn/product/custom-cosmetic-packaging-box/,"custom cosmetic packaging box","Same category with a different packed product, structure or support option.","After the insert, material or use-case section.",200,http://localhost/hopgiayvpn/product/custom-cosmetic-packaging-box/,0,,VALID_EXISTING_URL
236,"Custom Wallet Drawer Box",http://localhost/hopgiayvpn/product/custom-wallet-drawer-box/,category_hub,,"Drawer Boxes",http://localhost/hopgiayvpn/products/drawer-boxes/,"drawer boxes","Connect the product to its most specific existing category hub.","Product introduction or breadcrumb-support paragraph.",200,http://localhost/hopgiayvpn/products/drawer-boxes/,0,,VALID_EXISTING_URL
236,"Custom Wallet Drawer Box",http://localhost/hopgiayvpn/product/custom-wallet-drawer-box/,related_product,780,"CUSTOM DRAWER GIFT BOX",http://localhost/hopgiayvpn/product/custom-drawer-gift-box/,"custom drawer gift box","Same category with a different packed product, structure or support option.","After the structure/opening section.",200,http://localhost/hopgiayvpn/product/custom-drawer-gift-box/,0,,VALID_EXISTING_URL
236,"Custom Wallet Drawer Box",http://localhost/hopgiayvpn/product/custom-wallet-drawer-box/,related_product,245,"Custom Apparel Drawer Box with Ribbon Pull",http://localhost/hopgiayvpn/product/custom-apparel-drawer-box-with-ribbon-pull/,"custom apparel drawer box with ribbon pull","Same category with a different packed product, structure or support option.","After the insert, material or use-case section.",200,http://localhost/hopgiayvpn/product/custom-apparel-drawer-box-with-ribbon-pull/,0,,VALID_EXISTING_URL
236,"Custom Wallet Drawer Box",http://localhost/hopgiayvpn/product/custom-wallet-drawer-box/,related_product,231,"Custom Wine Drawer Box with Insert",http://localhost/hopgiayvpn/product/custom-wine-drawer-box-with-insert/,"custom wine drawer box with insert","Same category with a different packed product, structure or support option.","After the insert, material or use-case section.",200,http://localhost/hopgiayvpn/product/custom-wine-drawer-box-with-insert/,0,,VALID_EXISTING_URL
237,"Custom Rigid Gift Box with Ribbon Closure",http://localhost/hopgiayvpn/product/custom-rigid-gift-box-with-ribbon-closure/,category_hub,,"Rigid Boxes",http://localhost/hopgiayvpn/products/rigid-boxes/,"rigid boxes","Connect the product to its most specific existing category hub.","Product introduction or breadcrumb-support paragraph.",200,http://localhost/hopgiayvpn/products/rigid-boxes/,0,,VALID_EXISTING_URL
237,"Custom Rigid Gift Box with Ribbon Closure",http://localhost/hopgiayvpn/product/custom-rigid-gift-box-with-ribbon-closure/,related_product,346,"Custom Rigid Square Gift Box with Foil Logo",http://localhost/hopgiayvpn/product/custom-rigid-square-gift-box-with-foil-logo/,"custom rigid square gift box with foil logo","Same category with a different packed product, structure or support option.","After the structure/opening section.",200,http://localhost/hopgiayvpn/product/custom-rigid-square-gift-box-with-foil-logo/,0,,VALID_EXISTING_URL
237,"Custom Rigid Gift Box with Ribbon Closure",http://localhost/hopgiayvpn/product/custom-rigid-gift-box-with-ribbon-closure/,related_product,229,"Custom Flat Rigid Gift Box with Ribbon",http://localhost/hopgiayvpn/product/custom-flat-rigid-gift-box-with-ribbon/,"custom flat rigid gift box with ribbon","Same category with a different packed product, structure or support option.","After the insert, material or use-case section.",200,http://localhost/hopgiayvpn/product/custom-flat-rigid-gift-box-with-ribbon/,0,,VALID_EXISTING_URL
237,"Custom Rigid Gift Box with Ribbon Closure",http://localhost/hopgiayvpn/product/custom-rigid-gift-box-with-ribbon-closure/,related_product,944,"PREMIUM PICKLEBALL SET RIGID PAPER BOX",http://localhost/hopgiayvpn/product/premium-pickleball-set-rigid-paper-box/,"premium pickleball set rigid paper box","Same category with a different packed product, structure or support option.","After the insert, material or use-case section.",200,http://localhost/hopgiayvpn/product/premium-pickleball-set-rigid-paper-box/,0,,VALID_EXISTING_URL
238,"Custom Wine Gift Box with Accessories",http://localhost/hopgiayvpn/product/custom-wine-gift-box-with-accessories/,category_hub,,"Packaging Accessories",http://localhost/hopgiayvpn/products/packaging-accessories/,"packaging accessories","Connect the product to its most specific existing category hub.","Product introduction or breadcrumb-support paragraph.",200,http://localhost/hopgiayvpn/products/packaging-accessories/,0,,VALID_EXISTING_URL
238,"Custom Wine Gift Box with Accessories",http://localhost/hopgiayvpn/product/custom-wine-gift-box-with-accessories/,related_product,231,"Custom Wine Drawer Box with Insert",http://localhost/hopgiayvpn/product/custom-wine-drawer-box-with-insert/,"custom wine drawer box with insert","Source-backed overlap in packed product/use and box structure.","After the structure/opening section.",200,http://localhost/hopgiayvpn/product/custom-wine-drawer-box-with-insert/,0,,VALID_EXISTING_URL
238,"Custom Wine Gift Box with Accessories",http://localhost/hopgiayvpn/product/custom-wine-gift-box-with-accessories/,related_product,603,"Custom Luxury Wine Bottle Gift Box with Logo",http://localhost/hopgiayvpn/product/custom-luxury-wine-bottle-packaging-box/,"custom luxury wine bottle gift box with logo","Source-backed overlap in packed product/use and box structure.","After the insert, material or use-case section.",200,http://localhost/hopgiayvpn/product/custom-luxury-wine-bottle-packaging-box/,0,,VALID_EXISTING_URL
238,"Custom Wine Gift Box with Accessories",http://localhost/hopgiayvpn/product/custom-wine-gift-box-with-accessories/,related_product,835,"CUSTOM WINE BOTTLE GIFT BOX WITH PAPER BAG",http://localhost/hopgiayvpn/product/custom-wine-bottle-gift-box-with-paper-bag/,"custom wine bottle gift box with paper bag","Source-backed overlap in packed product/use and box structure.","After the insert, material or use-case section.",200,http://localhost/hopgiayvpn/product/custom-wine-bottle-gift-box-with-paper-bag/,0,,VALID_EXISTING_URL
239,"Custom Pizza Packaging Box",http://localhost/hopgiayvpn/product/custom-pizza-packaging-box/,category_hub,,"Food Paper Boxes",http://localhost/hopgiayvpn/products/food-paper-boxes/,"food paper boxes","Connect the product to its most specific existing category hub.","Product introduction or breadcrumb-support paragraph.",200,http://localhost/hopgiayvpn/products/food-paper-boxes/,0,,VALID_EXISTING_URL
239,"Custom Pizza Packaging Box",http://localhost/hopgiayvpn/product/custom-pizza-packaging-box/,related_product,5952,"CUSTOM CORRUGATED FOOD DELIVERY BOX",http://localhost/hopgiayvpn/product/custom-corrugated-food-delivery-box/,"custom corrugated food delivery box","Same category with a different packed product, structure or support option.","After the structure/opening section.",200,http://localhost/hopgiayvpn/product/custom-corrugated-food-delivery-box/,0,,VALID_EXISTING_URL
239,"Custom Pizza Packaging Box",http://localhost/hopgiayvpn/product/custom-pizza-packaging-box/,related_product,250,"Custom Mooncake Handbag Gift Box with Insert",http://localhost/hopgiayvpn/product/custom-mooncake-handbag-gift-box-with-insert/,"custom mooncake handbag gift box with insert","Same category with a different packed product, structure or support option.","After the insert, material or use-case section.",200,http://localhost/hopgiayvpn/product/custom-mooncake-handbag-gift-box-with-insert/,0,,VALID_EXISTING_URL
239,"Custom Pizza Packaging Box",http://localhost/hopgiayvpn/product/custom-pizza-packaging-box/,related_product,981,"CUSTOM PAPER EGG PACKAGING BOXES",http://localhost/hopgiayvpn/product/custom-paper-egg-packaging-boxes/,"custom paper egg packaging boxes","Same category with a different packed product, structure or support option.","After the insert, material or use-case section.",200,http://localhost/hopgiayvpn/product/custom-paper-egg-packaging-boxes/,0,,VALID_EXISTING_URL
240,"Custom Cosmetic Tube Packaging Box with Insert",http://localhost/hopgiayvpn/product/custom-cosmetic-tube-packaging-box-with-insert/,category_hub,,"Beauty and Skincare Packaging",http://localhost/hopgiayvpn/products/beauty-skincare-packaging/,"beauty and skincare packaging","Connect the product to its most specific existing category hub.","Product introduction or breadcrumb-support paragraph.",200,http://localhost/hopgiayvpn/products/beauty-skincare-packaging/,0,,VALID_EXISTING_URL
240,"Custom Cosmetic Tube Packaging Box with Insert",http://localhost/hopgiayvpn/product/custom-cosmetic-tube-packaging-box-with-insert/,related_product,1418,"CUSTOM CLEANSER PACKAGING BOX",http://localhost/hopgiayvpn/product/custom-cleanser-packaging-box/,"custom cleanser packaging box","Same category with a different packed product, structure or support option.","After the structure/opening section.",200,http://localhost/hopgiayvpn/product/custom-cleanser-packaging-box/,0,,VALID_EXISTING_URL
240,"Custom Cosmetic Tube Packaging Box with Insert",http://localhost/hopgiayvpn/product/custom-cosmetic-tube-packaging-box-with-insert/,related_product,1474,"Custom Skincare Magnetic Closure Box",http://localhost/hopgiayvpn/product/custom-skincare-magnetic-closure-box/,"custom skincare magnetic closure box","Same category with a different packed product, structure or support option.","After the insert, material or use-case section.",200,http://localhost/hopgiayvpn/product/custom-skincare-magnetic-closure-box/,0,,VALID_EXISTING_URL
240,"Custom Cosmetic Tube Packaging Box with Insert",http://localhost/hopgiayvpn/product/custom-cosmetic-tube-packaging-box-with-insert/,related_product,1420,"CUSTOM SKINCARE SET PACKAGING BOX",http://localhost/hopgiayvpn/product/custom-skincare-set-packaging-box/,"custom skincare set packaging box","Same category with a different packed product, structure or support option.","After the insert, material or use-case section.",200,http://localhost/hopgiayvpn/product/custom-skincare-set-packaging-box/,0,,VALID_EXISTING_URL
241,"Custom Perfume Box with Insert",http://localhost/hopgiayvpn/product/custom-perfume-box-with-insert/,category_hub,,"Perfume Packaging Boxes",http://localhost/hopgiayvpn/products/perfume-packaging-boxes/,"perfume packaging boxes","Connect the product to its most specific existing category hub.","Product introduction or breadcrumb-support paragraph.",200,http://localhost/hopgiayvpn/products/perfume-packaging-boxes/,0,,VALID_EXISTING_URL
241,"Custom Perfume Box with Insert",http://localhost/hopgiayvpn/product/custom-perfume-box-with-insert/,related_product,405,"Custom Perfume Display Box with Sleeve",http://localhost/hopgiayvpn/product/custom-perfume-display-box-with-sleeve/,"custom perfume display box with sleeve","Same category with a different packed product, structure or support option.","After the structure/opening section.",200,http://localhost/hopgiayvpn/product/custom-perfume-display-box-with-sleeve/,0,,VALID_EXISTING_URL
241,"Custom Perfume Box with Insert",http://localhost/hopgiayvpn/product/custom-perfume-box-with-insert/,related_product,334,"Custom Perfume Gift Set Box with Insert",http://localhost/hopgiayvpn/product/custom-perfume-gift-set-box-with-insert/,"custom perfume gift set box with insert","Same category with a different packed product, structure or support option.","After the insert, material or use-case section.",200,http://localhost/hopgiayvpn/product/custom-perfume-gift-set-box-with-insert/,0,,VALID_EXISTING_URL
241,"Custom Perfume Box with Insert",http://localhost/hopgiayvpn/product/custom-perfume-box-with-insert/,related_product,5779,"CUSTOM PERFUME BOX WITH LID AND BASE",http://localhost/hopgiayvpn/product/custom-perfume-box-with-lid-and-base/,"custom perfume box with lid and base","Same category with a different packed product, structure or support option.","After the insert, material or use-case section.",200,http://localhost/hopgiayvpn/product/custom-perfume-box-with-lid-and-base/,0,,VALID_EXISTING_URL
242,"Custom Gift Box with Ribbon Bow",http://localhost/hopgiayvpn/product/custom-gift-box-with-ribbon-bow/,category_hub,,"Gift Paper Boxes",http://localhost/hopgiayvpn/products/gift-paper-boxes/,"gift paper boxes","Connect the product to its most specific existing category hub.","Product introduction or breadcrumb-support paragraph.",200,http://localhost/hopgiayvpn/products/gift-paper-boxes/,0,,VALID_EXISTING_URL
242,"Custom Gift Box with Ribbon Bow",http://localhost/hopgiayvpn/product/custom-gift-box-with-ribbon-bow/,related_product,243,"Custom Nested Kraft Gift Boxes with Ribbon",http://localhost/hopgiayvpn/product/custom-nested-kraft-gift-boxes-with-ribbon/,"custom nested kraft gift boxes with ribbon","Same category with a different packed product, structure or support option.","After the structure/opening section.",200,http://localhost/hopgiayvpn/product/custom-nested-kraft-gift-boxes-with-ribbon/,0,,VALID_EXISTING_URL
242,"Custom Gift Box with Ribbon Bow",http://localhost/hopgiayvpn/product/custom-gift-box-with-ribbon-bow/,related_product,246,"Custom Gift Box with Shredded Paper Filler",http://localhost/hopgiayvpn/product/custom-gift-box-with-shredded-paper-filler/,"custom gift box with shredded paper filler","Same category with a different packed product, structure or support option.","After the insert, material or use-case section.",200,http://localhost/hopgiayvpn/product/custom-gift-box-with-shredded-paper-filler/,0,,VALID_EXISTING_URL
242,"Custom Gift Box with Ribbon Bow",http://localhost/hopgiayvpn/product/custom-gift-box-with-ribbon-bow/,related_product,1475,"Custom Jewelry Magnetic Closure Box",http://localhost/hopgiayvpn/product/custom-jewelry-magnetic-closure-box/,"custom jewelry magnetic closure box","Same category with a different packed product, structure or support option.","After the insert, material or use-case section.",200,http://localhost/hopgiayvpn/product/custom-jewelry-magnetic-closure-box/,0,,VALID_EXISTING_URL
243,"Custom Nested Kraft Gift Boxes with Ribbon",http://localhost/hopgiayvpn/product/custom-nested-kraft-gift-boxes-with-ribbon/,category_hub,,"Gift Paper Boxes",http://localhost/hopgiayvpn/products/gift-paper-boxes/,"gift paper boxes","Connect the product to its most specific existing category hub.","Product introduction or breadcrumb-support paragraph.",200,http://localhost/hopgiayvpn/products/gift-paper-boxes/,0,,VALID_EXISTING_URL
243,"Custom Nested Kraft Gift Boxes with Ribbon",http://localhost/hopgiayvpn/product/custom-nested-kraft-gift-boxes-with-ribbon/,related_product,242,"Custom Gift Box with Ribbon Bow",http://localhost/hopgiayvpn/product/custom-gift-box-with-ribbon-bow/,"custom gift box with ribbon bow","Same category with a different packed product, structure or support option.","After the structure/opening section.",200,http://localhost/hopgiayvpn/product/custom-gift-box-with-ribbon-bow/,0,,VALID_EXISTING_URL
243,"Custom Nested Kraft Gift Boxes with Ribbon",http://localhost/hopgiayvpn/product/custom-nested-kraft-gift-boxes-with-ribbon/,related_product,7291,"CUSTOM CHRISTMAS GIFT BOX WITH RIBBON",http://localhost/hopgiayvpn/product/custom-christmas-gift-box-with-ribbon/,"custom christmas gift box with ribbon","Same category with a different packed product, structure or support option.","After the insert, material or use-case section.",200,http://localhost/hopgiayvpn/product/custom-christmas-gift-box-with-ribbon/,0,,VALID_EXISTING_URL
243,"Custom Nested Kraft Gift Boxes with Ribbon",http://localhost/hopgiayvpn/product/custom-nested-kraft-gift-boxes-with-ribbon/,related_product,246,"Custom Gift Box with Shredded Paper Filler",http://localhost/hopgiayvpn/product/custom-gift-box-with-shredded-paper-filler/,"custom gift box with shredded paper filler","Same category with a different packed product, structure or support option.","After the insert, material or use-case section.",200,http://localhost/hopgiayvpn/product/custom-gift-box-with-shredded-paper-filler/,0,,VALID_EXISTING_URL
244,"Custom Tea Gift Box with Window",http://localhost/hopgiayvpn/product/custom-tea-gift-box-with-window/,category_hub,,"Food Paper Boxes",http://localhost/hopgiayvpn/products/food-paper-boxes/,"food paper boxes","Connect the product to its most specific existing category hub.","Product introduction or breadcrumb-support paragraph.",200,http://localhost/hopgiayvpn/products/food-paper-boxes/,0,,VALID_EXISTING_URL
244,"Custom Tea Gift Box with Window",http://localhost/hopgiayvpn/product/custom-tea-gift-box-with-window/,related_product,250,"Custom Mooncake Handbag Gift Box with Insert",http://localhost/hopgiayvpn/product/custom-mooncake-handbag-gift-box-with-insert/,"custom mooncake handbag gift box with insert","Same category with a different packed product, structure or support option.","After the structure/opening section.",200,http://localhost/hopgiayvpn/product/custom-mooncake-handbag-gift-box-with-insert/,0,,VALID_EXISTING_URL
244,"Custom Tea Gift Box with Window",http://localhost/hopgiayvpn/product/custom-tea-gift-box-with-window/,related_product,738,"CUSTOM MUG PACKAGING BOX WITH WINDOW",http://localhost/hopgiayvpn/product/custom-mug-packaging-box-with-window/,"custom mug packaging box with window","Same category with a different packed product, structure or support option.","After the insert, material or use-case section.",200,http://localhost/hopgiayvpn/product/custom-mug-packaging-box-with-window/,0,,VALID_EXISTING_URL
244,"Custom Tea Gift Box with Window",http://localhost/hopgiayvpn/product/custom-tea-gift-box-with-window/,related_product,981,"CUSTOM PAPER EGG PACKAGING BOXES",http://localhost/hopgiayvpn/product/custom-paper-egg-packaging-boxes/,"custom paper egg packaging boxes","Same category with a different packed product, structure or support option.","After the insert, material or use-case section.",200,http://localhost/hopgiayvpn/product/custom-paper-egg-packaging-boxes/,0,,VALID_EXISTING_URL
245,"Custom Apparel Drawer Box with Ribbon Pull",http://localhost/hopgiayvpn/product/custom-apparel-drawer-box-with-ribbon-pull/,category_hub,,"Drawer Boxes",http://localhost/hopgiayvpn/products/drawer-boxes/,"drawer boxes","Connect the product to its most specific existing category hub.","Product introduction or breadcrumb-support paragraph.",200,http://localhost/hopgiayvpn/products/drawer-boxes/,0,,VALID_EXISTING_URL
245,"Custom Apparel Drawer Box with Ribbon Pull",http://localhost/hopgiayvpn/product/custom-apparel-drawer-box-with-ribbon-pull/,related_product,780,"CUSTOM DRAWER GIFT BOX",http://localhost/hopgiayvpn/product/custom-drawer-gift-box/,"custom drawer gift box","Same category with a different packed product, structure or support option.","After the structure/opening section.",200,http://localhost/hopgiayvpn/product/custom-drawer-gift-box/,0,,VALID_EXISTING_URL
245,"Custom Apparel Drawer Box with Ribbon Pull",http://localhost/hopgiayvpn/product/custom-apparel-drawer-box-with-ribbon-pull/,related_product,236,"Custom Wallet Drawer Box",http://localhost/hopgiayvpn/product/custom-wallet-drawer-box/,"custom wallet drawer box","Same category with a different packed product, structure or support option.","After the insert, material or use-case section.",200,http://localhost/hopgiayvpn/product/custom-wallet-drawer-box/,0,,VALID_EXISTING_URL
245,"Custom Apparel Drawer Box with Ribbon Pull",http://localhost/hopgiayvpn/product/custom-apparel-drawer-box-with-ribbon-pull/,related_product,231,"Custom Wine Drawer Box with Insert",http://localhost/hopgiayvpn/product/custom-wine-drawer-box-with-insert/,"custom wine drawer box with insert","Same category with a different packed product, structure or support option.","After the insert, material or use-case section.",200,http://localhost/hopgiayvpn/product/custom-wine-drawer-box-with-insert/,0,,VALID_EXISTING_URL
246,"Custom Gift Box with Shredded Paper Filler",http://localhost/hopgiayvpn/product/custom-gift-box-with-shredded-paper-filler/,category_hub,,"Gift Paper Boxes",http://localhost/hopgiayvpn/products/gift-paper-boxes/,"gift paper boxes","Connect the product to its most specific existing category hub.","Product introduction or breadcrumb-support paragraph.",200,http://localhost/hopgiayvpn/products/gift-paper-boxes/,0,,VALID_EXISTING_URL
246,"Custom Gift Box with Shredded Paper Filler",http://localhost/hopgiayvpn/product/custom-gift-box-with-shredded-paper-filler/,related_product,242,"Custom Gift Box with Ribbon Bow",http://localhost/hopgiayvpn/product/custom-gift-box-with-ribbon-bow/,"custom gift box with ribbon bow","Same category with a different packed product, structure or support option.","After the structure/opening section.",200,http://localhost/hopgiayvpn/product/custom-gift-box-with-ribbon-bow/,0,,VALID_EXISTING_URL
246,"Custom Gift Box with Shredded Paper Filler",http://localhost/hopgiayvpn/product/custom-gift-box-with-shredded-paper-filler/,related_product,243,"Custom Nested Kraft Gift Boxes with Ribbon",http://localhost/hopgiayvpn/product/custom-nested-kraft-gift-boxes-with-ribbon/,"custom nested kraft gift boxes with ribbon","Same category with a different packed product, structure or support option.","After the insert, material or use-case section.",200,http://localhost/hopgiayvpn/product/custom-nested-kraft-gift-boxes-with-ribbon/,0,,VALID_EXISTING_URL
246,"Custom Gift Box with Shredded Paper Filler",http://localhost/hopgiayvpn/product/custom-gift-box-with-shredded-paper-filler/,related_product,1475,"Custom Jewelry Magnetic Closure Box",http://localhost/hopgiayvpn/product/custom-jewelry-magnetic-closure-box/,"custom jewelry magnetic closure box","Same category with a different packed product, structure or support option.","After the insert, material or use-case section.",200,http://localhost/hopgiayvpn/product/custom-jewelry-magnetic-closure-box/,0,,VALID_EXISTING_URL
247,"Custom Kraft Bakery Box with Window",http://localhost/hopgiayvpn/product/custom-kraft-bakery-box-with-window/,category_hub,,"Bakery Packaging Boxes",http://localhost/hopgiayvpn/products/bakery-packaging-boxes/,"bakery packaging boxes","Connect the product to its most specific existing category hub.","Product introduction or breadcrumb-support paragraph.",200,http://localhost/hopgiayvpn/products/bakery-packaging-boxes/,0,,VALID_EXISTING_URL
247,"Custom Kraft Bakery Box with Window",http://localhost/hopgiayvpn/product/custom-kraft-bakery-box-with-window/,related_product,295,"Custom Pastry Box with Clear Window",http://localhost/hopgiayvpn/product/custom-pastry-box-with-clear-window/,"custom pastry box with clear window","Same category with a different packed product, structure or support option.","After the structure/opening section.",200,http://localhost/hopgiayvpn/product/custom-pastry-box-with-clear-window/,0,,VALID_EXISTING_URL
247,"Custom Kraft Bakery Box with Window",http://localhost/hopgiayvpn/product/custom-kraft-bakery-box-with-window/,related_product,357,"Custom Kraft Pastry Drawer Box with Insert",http://localhost/hopgiayvpn/product/custom-kraft-pastry-drawer-box-with-insert/,"custom kraft pastry drawer box with insert","Same category with a different packed product, structure or support option.","After the insert, material or use-case section.",200,http://localhost/hopgiayvpn/product/custom-kraft-pastry-drawer-box-with-insert/,0,,VALID_EXISTING_URL
247,"Custom Kraft Bakery Box with Window",http://localhost/hopgiayvpn/product/custom-kraft-bakery-box-with-window/,related_product,248,"Custom Pastry Sleeve Box with Insert",http://localhost/hopgiayvpn/product/custom-pastry-sleeve-box-with-insert/,"custom pastry sleeve box with insert","Same category with a different packed product, structure or support option.","After the insert, material or use-case section.",200,http://localhost/hopgiayvpn/product/custom-pastry-sleeve-box-with-insert/,0,,VALID_EXISTING_URL
248,"Custom Pastry Sleeve Box with Insert",http://localhost/hopgiayvpn/product/custom-pastry-sleeve-box-with-insert/,category_hub,,"Bakery Packaging Boxes",http://localhost/hopgiayvpn/products/bakery-packaging-boxes/,"bakery packaging boxes","Connect the product to its most specific existing category hub.","Product introduction or breadcrumb-support paragraph.",200,http://localhost/hopgiayvpn/products/bakery-packaging-boxes/,0,,VALID_EXISTING_URL
248,"Custom Pastry Sleeve Box with Insert",http://localhost/hopgiayvpn/product/custom-pastry-sleeve-box-with-insert/,related_product,230,"Custom Pastry Display Box with Drawer",http://localhost/hopgiayvpn/product/custom-pastry-display-box-with-drawer/,"custom pastry display box with drawer","Same category with a different packed product, structure or support option.","After the structure/opening section.",200,http://localhost/hopgiayvpn/product/custom-pastry-display-box-with-drawer/,0,,VALID_EXISTING_URL
248,"Custom Pastry Sleeve Box with Insert",http://localhost/hopgiayvpn/product/custom-pastry-sleeve-box-with-insert/,related_product,416,"Custom Pastry Gift Box with Insert",http://localhost/hopgiayvpn/product/custom-pastry-gift-box-with-insert/,"custom pastry gift box with insert","Same category with a different packed product, structure or support option.","After the insert, material or use-case section.",200,http://localhost/hopgiayvpn/product/custom-pastry-gift-box-with-insert/,0,,VALID_EXISTING_URL
248,"Custom Pastry Sleeve Box with Insert",http://localhost/hopgiayvpn/product/custom-pastry-sleeve-box-with-insert/,related_product,357,"Custom Kraft Pastry Drawer Box with Insert",http://localhost/hopgiayvpn/product/custom-kraft-pastry-drawer-box-with-insert/,"custom kraft pastry drawer box with insert","Same category with a different packed product, structure or support option.","After the insert, material or use-case section.",200,http://localhost/hopgiayvpn/product/custom-kraft-pastry-drawer-box-with-insert/,0,,VALID_EXISTING_URL
249,"Custom Mooncake Gift Box Set with Paper Bag",http://localhost/hopgiayvpn/product/custom-mooncake-gift-box-set-with-paper-bag/,category_hub,,"Bakery Packaging Boxes",http://localhost/hopgiayvpn/products/bakery-packaging-boxes/,"bakery packaging boxes","Connect the product to its most specific existing category hub.","Product introduction or breadcrumb-support paragraph.",200,http://localhost/hopgiayvpn/products/bakery-packaging-boxes/,0,,VALID_EXISTING_URL
249,"Custom Mooncake Gift Box Set with Paper Bag",http://localhost/hopgiayvpn/product/custom-mooncake-gift-box-set-with-paper-bag/,related_product,252,"Custom Mooncake Cabinet Gift Box with Drawers",http://localhost/hopgiayvpn/product/custom-mooncake-cabinet-gift-box-with-drawers/,"custom mooncake cabinet gift box with drawers","Same category with a different packed product, structure or support option.","After the structure/opening section.",200,http://localhost/hopgiayvpn/product/custom-mooncake-cabinet-gift-box-with-drawers/,0,,VALID_EXISTING_URL
249,"Custom Mooncake Gift Box Set with Paper Bag",http://localhost/hopgiayvpn/product/custom-mooncake-gift-box-set-with-paper-bag/,related_product,351,"Custom Luxury Mooncake Gift Box with Insert",http://localhost/hopgiayvpn/product/custom-luxury-mooncake-gift-box-with-insert/,"custom luxury mooncake gift box with insert","Same category with a different packed product, structure or support option.","After the insert, material or use-case section.",200,http://localhost/hopgiayvpn/product/custom-luxury-mooncake-gift-box-with-insert/,0,,VALID_EXISTING_URL
249,"Custom Mooncake Gift Box Set with Paper Bag",http://localhost/hopgiayvpn/product/custom-mooncake-gift-box-set-with-paper-bag/,related_product,295,"Custom Pastry Box with Clear Window",http://localhost/hopgiayvpn/product/custom-pastry-box-with-clear-window/,"custom pastry box with clear window","Same category with a different packed product, structure or support option.","After the insert, material or use-case section.",200,http://localhost/hopgiayvpn/product/custom-pastry-box-with-clear-window/,0,,VALID_EXISTING_URL
250,"Custom Mooncake Handbag Gift Box with Insert",http://localhost/hopgiayvpn/product/custom-mooncake-handbag-gift-box-with-insert/,category_hub,,"Food Paper Boxes",http://localhost/hopgiayvpn/products/food-paper-boxes/,"food paper boxes","Connect the product to its most specific existing category hub.","Product introduction or breadcrumb-support paragraph.",200,http://localhost/hopgiayvpn/products/food-paper-boxes/,0,,VALID_EXISTING_URL
250,"Custom Mooncake Handbag Gift Box with Insert",http://localhost/hopgiayvpn/product/custom-mooncake-handbag-gift-box-with-insert/,related_product,244,"Custom Tea Gift Box with Window",http://localhost/hopgiayvpn/product/custom-tea-gift-box-with-window/,"custom tea gift box with window","Same category with a different packed product, structure or support option.","After the structure/opening section.",200,http://localhost/hopgiayvpn/product/custom-tea-gift-box-with-window/,0,,VALID_EXISTING_URL
250,"Custom Mooncake Handbag Gift Box with Insert",http://localhost/hopgiayvpn/product/custom-mooncake-handbag-gift-box-with-insert/,related_product,239,"Custom Pizza Packaging Box",http://localhost/hopgiayvpn/product/custom-pizza-packaging-box/,"custom pizza packaging box","Same category with a different packed product, structure or support option.","After the insert, material or use-case section.",200,http://localhost/hopgiayvpn/product/custom-pizza-packaging-box/,0,,VALID_EXISTING_URL
250,"Custom Mooncake Handbag Gift Box with Insert",http://localhost/hopgiayvpn/product/custom-mooncake-handbag-gift-box-with-insert/,related_product,5952,"CUSTOM CORRUGATED FOOD DELIVERY BOX",http://localhost/hopgiayvpn/product/custom-corrugated-food-delivery-box/,"custom corrugated food delivery box","Same category with a different packed product, structure or support option.","After the insert, material or use-case section.",200,http://localhost/hopgiayvpn/product/custom-corrugated-food-delivery-box/,0,,VALID_EXISTING_URL
252,"Custom Mooncake Cabinet Gift Box with Drawers",http://localhost/hopgiayvpn/product/custom-mooncake-cabinet-gift-box-with-drawers/,category_hub,,"Bakery Packaging Boxes",http://localhost/hopgiayvpn/products/bakery-packaging-boxes/,"bakery packaging boxes","Connect the product to its most specific existing category hub.","Product introduction or breadcrumb-support paragraph.",200,http://localhost/hopgiayvpn/products/bakery-packaging-boxes/,0,,VALID_EXISTING_URL
252,"Custom Mooncake Cabinet Gift Box with Drawers",http://localhost/hopgiayvpn/product/custom-mooncake-cabinet-gift-box-with-drawers/,related_product,249,"Custom Mooncake Gift Box Set with Paper Bag",http://localhost/hopgiayvpn/product/custom-mooncake-gift-box-set-with-paper-bag/,"custom mooncake gift box set with paper bag","Same category with a different packed product, structure or support option.","After the structure/opening section.",200,http://localhost/hopgiayvpn/product/custom-mooncake-gift-box-set-with-paper-bag/,0,,VALID_EXISTING_URL
252,"Custom Mooncake Cabinet Gift Box with Drawers",http://localhost/hopgiayvpn/product/custom-mooncake-cabinet-gift-box-with-drawers/,related_product,351,"Custom Luxury Mooncake Gift Box with Insert",http://localhost/hopgiayvpn/product/custom-luxury-mooncake-gift-box-with-insert/,"custom luxury mooncake gift box with insert","Same category with a different packed product, structure or support option.","After the insert, material or use-case section.",200,http://localhost/hopgiayvpn/product/custom-luxury-mooncake-gift-box-with-insert/,0,,VALID_EXISTING_URL
252,"Custom Mooncake Cabinet Gift Box with Drawers",http://localhost/hopgiayvpn/product/custom-mooncake-cabinet-gift-box-with-drawers/,related_product,367,"Custom Mooncake Packaging Box",http://localhost/hopgiayvpn/product/custom-mooncake-packaging-box/,"custom mooncake packaging box","Same category with a different packed product, structure or support option.","After the insert, material or use-case section.",200,http://localhost/hopgiayvpn/product/custom-mooncake-packaging-box/,0,,VALID_EXISTING_URL
254,"Custom Rigid Gift Box with Matching Paper Bag",http://localhost/hopgiayvpn/product/custom-rigid-gift-box-with-matching-paper-bag/,category_hub,,"Paper Bags with Logo",http://localhost/hopgiayvpn/products/paper-bags-with-logo/,"paper bags with logo","Connect the product to its most specific existing category hub.","Product introduction or breadcrumb-support paragraph.",200,http://localhost/hopgiayvpn/products/paper-bags-with-logo/,0,,VALID_EXISTING_URL
254,"Custom Rigid Gift Box with Matching Paper Bag",http://localhost/hopgiayvpn/product/custom-rigid-gift-box-with-matching-paper-bag/,related_product,379,"Custom Paper Shopping Bag with Handles",http://localhost/hopgiayvpn/product/custom-paper-shopping-bag-with-handles/,"custom paper shopping bag with handles","Same category with a different packed product, structure or support option.","After the structure/opening section.",200,http://localhost/hopgiayvpn/product/custom-paper-shopping-bag-with-handles/,0,,VALID_EXISTING_URL
254,"Custom Rigid Gift Box with Matching Paper Bag",http://localhost/hopgiayvpn/product/custom-rigid-gift-box-with-matching-paper-bag/,related_product,725,"CUSTOM LUXURY GIFT BOX WITH PAPER BAG",http://localhost/hopgiayvpn/product/custom-luxury-gift-box-with-paper-bag/,"custom luxury gift box with paper bag","Same category with a different packed product, structure or support option.","After the insert, material or use-case section.",200,http://localhost/hopgiayvpn/product/custom-luxury-gift-box-with-paper-bag/,0,,VALID_EXISTING_URL
254,"Custom Rigid Gift Box with Matching Paper Bag",http://localhost/hopgiayvpn/product/custom-rigid-gift-box-with-matching-paper-bag/,related_product,373,"Custom Luxury Paper Gift Bag with Ribbon Handles",http://localhost/hopgiayvpn/product/custom-luxury-paper-gift-bag-with-ribbon-handles/,"custom luxury paper gift bag with ribbon handles","Same category with a different packed product, structure or support option.","After the insert, material or use-case section.",200,http://localhost/hopgiayvpn/product/custom-luxury-paper-gift-bag-with-ribbon-handles/,0,,VALID_EXISTING_URL
255,"Custom Round Jar Drawer Box",http://localhost/hopgiayvpn/product/custom-round-jar-drawer-box/,category_hub,,"Cosmetic Paper Boxes",http://localhost/hopgiayvpn/products/cosmetic-paper-boxes/,"cosmetic paper boxes","Connect the product to its most specific existing category hub.","Product introduction or breadcrumb-support paragraph.",200,http://localhost/hopgiayvpn/products/cosmetic-paper-boxes/,0,,VALID_EXISTING_URL
255,"Custom Round Jar Drawer Box",http://localhost/hopgiayvpn/product/custom-round-jar-drawer-box/,related_product,340,"Custom Cosmetic Drawer Box with Insert",http://localhost/hopgiayvpn/product/custom-cosmetic-drawer-box-with-insert/,"custom cosmetic drawer box with insert","Same category with a different packed product, structure or support option.","After the structure/opening section.",200,http://localhost/hopgiayvpn/product/custom-cosmetic-drawer-box-with-insert/,0,,VALID_EXISTING_URL
255,"Custom Round Jar Drawer Box",http://localhost/hopgiayvpn/product/custom-round-jar-drawer-box/,related_product,773,"CUSTOM COSMETIC PACKAGING BOX",http://localhost/hopgiayvpn/product/custom-cosmetic-packaging-box/,"custom cosmetic packaging box","Same category with a different packed product, structure or support option.","After the insert, material or use-case section.",200,http://localhost/hopgiayvpn/product/custom-cosmetic-packaging-box/,0,,VALID_EXISTING_URL
255,"Custom Round Jar Drawer Box",http://localhost/hopgiayvpn/product/custom-round-jar-drawer-box/,related_product,774,"CUSTOM COSMETIC PAPER BAG",http://localhost/hopgiayvpn/product/custom-cosmetic-paper-bag/,"custom cosmetic paper bag","Same category with a different packed product, structure or support option.","After the insert, material or use-case section.",200,http://localhost/hopgiayvpn/product/custom-cosmetic-paper-bag/,0,,VALID_EXISTING_URL
256,"Custom Luxury Watch Box with Drawer",http://localhost/hopgiayvpn/product/custom-luxury-watch-box-with-drawer/,category_hub,,"Jewelry Paper Boxes",http://localhost/hopgiayvpn/products/jewelry-paper-boxes/,"jewelry paper boxes","Connect the product to its most specific existing category hub.","Product introduction or breadcrumb-support paragraph.",200,http://localhost/hopgiayvpn/products/jewelry-paper-boxes/,0,,VALID_EXISTING_URL
256,"Custom Luxury Watch Box with Drawer",http://localhost/hopgiayvpn/product/custom-luxury-watch-box-with-drawer/,related_product,257,"Custom Watch Box with Pillow Insert",http://localhost/hopgiayvpn/product/custom-watch-box-with-pillow-insert/,"custom watch box with pillow insert","Same category with a different packed product, structure or support option.","After the structure/opening section.",200,http://localhost/hopgiayvpn/product/custom-watch-box-with-pillow-insert/,0,,VALID_EXISTING_URL
256,"Custom Luxury Watch Box with Drawer",http://localhost/hopgiayvpn/product/custom-luxury-watch-box-with-drawer/,related_product,431,"Custom Watch Box with Drawer",http://localhost/hopgiayvpn/product/custom-watch-box-with-drawer/,"custom watch box with drawer","Same category with a different packed product, structure or support option.","After the insert, material or use-case section.",200,http://localhost/hopgiayvpn/product/custom-watch-box-with-drawer/,0,,VALID_EXISTING_URL
256,"Custom Luxury Watch Box with Drawer",http://localhost/hopgiayvpn/product/custom-luxury-watch-box-with-drawer/,related_product,1281,"CUSTOM EARRING BOX WITH FOAM INSERT",http://localhost/hopgiayvpn/product/custom-earring-box-with-foam-insert/,"custom earring box with foam insert","Same category with a different packed product, structure or support option.","After the insert, material or use-case section.",200,http://localhost/hopgiayvpn/product/custom-earring-box-with-foam-insert/,0,,VALID_EXISTING_URL
257,"Custom Watch Box with Pillow Insert",http://localhost/hopgiayvpn/product/custom-watch-box-with-pillow-insert/,category_hub,,"Jewelry Paper Boxes",http://localhost/hopgiayvpn/products/jewelry-paper-boxes/,"jewelry paper boxes","Connect the product to its most specific existing category hub.","Product introduction or breadcrumb-support paragraph.",200,http://localhost/hopgiayvpn/products/jewelry-paper-boxes/,0,,VALID_EXISTING_URL
257,"Custom Watch Box with Pillow Insert",http://localhost/hopgiayvpn/product/custom-watch-box-with-pillow-insert/,related_product,256,"Custom Luxury Watch Box with Drawer",http://localhost/hopgiayvpn/product/custom-luxury-watch-box-with-drawer/,"custom luxury watch box with drawer","Same category with a different packed product, structure or support option.","After the structure/opening section.",200,http://localhost/hopgiayvpn/product/custom-luxury-watch-box-with-drawer/,0,,VALID_EXISTING_URL
257,"Custom Watch Box with Pillow Insert",http://localhost/hopgiayvpn/product/custom-watch-box-with-pillow-insert/,related_product,431,"Custom Watch Box with Drawer",http://localhost/hopgiayvpn/product/custom-watch-box-with-drawer/,"custom watch box with drawer","Same category with a different packed product, structure or support option.","After the insert, material or use-case section.",200,http://localhost/hopgiayvpn/product/custom-watch-box-with-drawer/,0,,VALID_EXISTING_URL
257,"Custom Watch Box with Pillow Insert",http://localhost/hopgiayvpn/product/custom-watch-box-with-pillow-insert/,related_product,1281,"CUSTOM EARRING BOX WITH FOAM INSERT",http://localhost/hopgiayvpn/product/custom-earring-box-with-foam-insert/,"custom earring box with foam insert","Same category with a different packed product, structure or support option.","After the insert, material or use-case section.",200,http://localhost/hopgiayvpn/product/custom-earring-box-with-foam-insert/,0,,VALID_EXISTING_URL
295,"Custom Pastry Box with Clear Window",http://localhost/hopgiayvpn/product/custom-pastry-box-with-clear-window/,category_hub,,"Bakery Packaging Boxes",http://localhost/hopgiayvpn/products/bakery-packaging-boxes/,"bakery packaging boxes","Connect the product to its most specific existing category hub.","Product introduction or breadcrumb-support paragraph.",200,http://localhost/hopgiayvpn/products/bakery-packaging-boxes/,0,,VALID_EXISTING_URL
295,"Custom Pastry Box with Clear Window",http://localhost/hopgiayvpn/product/custom-pastry-box-with-clear-window/,related_product,357,"Custom Kraft Pastry Drawer Box with Insert",http://localhost/hopgiayvpn/product/custom-kraft-pastry-drawer-box-with-insert/,"custom kraft pastry drawer box with insert","Same category with a different packed product, structure or support option.","After the structure/opening section.",200,http://localhost/hopgiayvpn/product/custom-kraft-pastry-drawer-box-with-insert/,0,,VALID_EXISTING_URL
295,"Custom Pastry Box with Clear Window",http://localhost/hopgiayvpn/product/custom-pastry-box-with-clear-window/,related_product,367,"Custom Mooncake Packaging Box",http://localhost/hopgiayvpn/product/custom-mooncake-packaging-box/,"custom mooncake packaging box","Same category with a different packed product, structure or support option.","After the insert, material or use-case section.",200,http://localhost/hopgiayvpn/product/custom-mooncake-packaging-box/,0,,VALID_EXISTING_URL
295,"Custom Pastry Box with Clear Window",http://localhost/hopgiayvpn/product/custom-pastry-box-with-clear-window/,related_product,416,"Custom Pastry Gift Box with Insert",http://localhost/hopgiayvpn/product/custom-pastry-gift-box-with-insert/,"custom pastry gift box with insert","Same category with a different packed product, structure or support option.","After the insert, material or use-case section.",200,http://localhost/hopgiayvpn/product/custom-pastry-gift-box-with-insert/,0,,VALID_EXISTING_URL
323,"Custom Tumbler Packaging Box with Insert",http://localhost/hopgiayvpn/product/custom-tumbler-packaging-box-with-insert/,category_hub,,"Custom Paper Boxes",http://localhost/hopgiayvpn/products/custom-paper-boxes/,"custom paper boxes","Connect the product to its most specific existing category hub.","Product introduction or breadcrumb-support paragraph.",200,http://localhost/hopgiayvpn/products/custom-paper-boxes/,0,,VALID_EXISTING_URL
323,"Custom Tumbler Packaging Box with Insert",http://localhost/hopgiayvpn/product/custom-tumbler-packaging-box-with-insert/,related_product,872,"CUSTOM SPORTSWEAR PACKAGING BOX",http://localhost/hopgiayvpn/product/custom-sportswear-packaging-box/,"custom sportswear packaging box","Same category with a different packed product, structure or support option.","After the structure/opening section.",200,http://localhost/hopgiayvpn/product/custom-sportswear-packaging-box/,0,,VALID_EXISTING_URL
323,"Custom Tumbler Packaging Box with Insert",http://localhost/hopgiayvpn/product/custom-tumbler-packaging-box-with-insert/,related_product,328,"Custom Bottle Carrier Box with Handle",http://localhost/hopgiayvpn/product/custom-bottle-carrier-box-with-handle/,"custom bottle carrier box with handle","Same category with a different packed product, structure or support option.","After the insert, material or use-case section.",200,http://localhost/hopgiayvpn/product/custom-bottle-carrier-box-with-handle/,0,,VALID_EXISTING_URL
325,"Custom Skincare Jar Packaging Box with Insert",http://localhost/hopgiayvpn/product/custom-skincare-jar-packaging-box-with-insert/,category_hub,,"Skincare Packaging Boxes",http://localhost/hopgiayvpn/products/skincare-packaging-boxes/,"skincare packaging boxes","Connect the product to its most specific existing category hub.","Product introduction or breadcrumb-support paragraph.",200,http://localhost/hopgiayvpn/products/skincare-packaging-boxes/,0,,VALID_EXISTING_URL
325,"Custom Skincare Jar Packaging Box with Insert",http://localhost/hopgiayvpn/product/custom-skincare-jar-packaging-box-with-insert/,related_product,802,"CUSTOM SKINCARE GIFT BOX WITH INSERT",http://localhost/hopgiayvpn/product/custom-skincare-gift-box-with-insert/,"custom skincare gift box with insert","Same category with a different packed product, structure or support option.","After the structure/opening section.",200,http://localhost/hopgiayvpn/product/custom-skincare-gift-box-with-insert/,0,,VALID_EXISTING_URL
325,"Custom Skincare Jar Packaging Box with Insert",http://localhost/hopgiayvpn/product/custom-skincare-jar-packaging-box-with-insert/,related_product,255,"Custom Round Jar Drawer Box",http://localhost/hopgiayvpn/product/custom-round-jar-drawer-box/,"custom round jar drawer box","Source-backed overlap in packed product/use and box structure.","After the insert, material or use-case section.",200,http://localhost/hopgiayvpn/product/custom-round-jar-drawer-box/,0,,VALID_EXISTING_URL
325,"Custom Skincare Jar Packaging Box with Insert",http://localhost/hopgiayvpn/product/custom-skincare-jar-packaging-box-with-insert/,related_product,340,"Custom Cosmetic Drawer Box with Insert",http://localhost/hopgiayvpn/product/custom-cosmetic-drawer-box-with-insert/,"custom cosmetic drawer box with insert","Source-backed overlap in packed product/use and box structure.","After the insert, material or use-case section.",200,http://localhost/hopgiayvpn/product/custom-cosmetic-drawer-box-with-insert/,0,,VALID_EXISTING_URL
328,"Custom Bottle Carrier Box with Handle",http://localhost/hopgiayvpn/product/custom-bottle-carrier-box-with-handle/,category_hub,,"Custom Paper Boxes",http://localhost/hopgiayvpn/products/custom-paper-boxes/,"custom paper boxes","Connect the product to its most specific existing category hub.","Product introduction or breadcrumb-support paragraph.",200,http://localhost/hopgiayvpn/products/custom-paper-boxes/,0,,VALID_EXISTING_URL
328,"Custom Bottle Carrier Box with Handle",http://localhost/hopgiayvpn/product/custom-bottle-carrier-box-with-handle/,related_product,323,"Custom Tumbler Packaging Box with Insert",http://localhost/hopgiayvpn/product/custom-tumbler-packaging-box-with-insert/,"custom tumbler packaging box with insert","Same category with a different packed product, structure or support option.","After the structure/opening section.",200,http://localhost/hopgiayvpn/product/custom-tumbler-packaging-box-with-insert/,0,,VALID_EXISTING_URL
328,"Custom Bottle Carrier Box with Handle",http://localhost/hopgiayvpn/product/custom-bottle-carrier-box-with-handle/,related_product,872,"CUSTOM SPORTSWEAR PACKAGING BOX",http://localhost/hopgiayvpn/product/custom-sportswear-packaging-box/,"custom sportswear packaging box","Same category with a different packed product, structure or support option.","After the insert, material or use-case section.",200,http://localhost/hopgiayvpn/product/custom-sportswear-packaging-box/,0,,VALID_EXISTING_URL
334,"Custom Perfume Gift Set Box with Insert",http://localhost/hopgiayvpn/product/custom-perfume-gift-set-box-with-insert/,category_hub,,"Perfume Packaging Boxes",http://localhost/hopgiayvpn/products/perfume-packaging-boxes/,"perfume packaging boxes","Connect the product to its most specific existing category hub.","Product introduction or breadcrumb-support paragraph.",200,http://localhost/hopgiayvpn/products/perfume-packaging-boxes/,0,,VALID_EXISTING_URL
334,"Custom Perfume Gift Set Box with Insert",http://localhost/hopgiayvpn/product/custom-perfume-gift-set-box-with-insert/,related_product,241,"Custom Perfume Box with Insert",http://localhost/hopgiayvpn/product/custom-perfume-box-with-insert/,"custom perfume box with insert","Same category with a different packed product, structure or support option.","After the structure/opening section.",200,http://localhost/hopgiayvpn/product/custom-perfume-box-with-insert/,0,,VALID_EXISTING_URL
334,"Custom Perfume Gift Set Box with Insert",http://localhost/hopgiayvpn/product/custom-perfume-gift-set-box-with-insert/,related_product,405,"Custom Perfume Display Box with Sleeve",http://localhost/hopgiayvpn/product/custom-perfume-display-box-with-sleeve/,"custom perfume display box with sleeve","Same category with a different packed product, structure or support option.","After the insert, material or use-case section.",200,http://localhost/hopgiayvpn/product/custom-perfume-display-box-with-sleeve/,0,,VALID_EXISTING_URL
334,"Custom Perfume Gift Set Box with Insert",http://localhost/hopgiayvpn/product/custom-perfume-gift-set-box-with-insert/,related_product,5779,"CUSTOM PERFUME BOX WITH LID AND BASE",http://localhost/hopgiayvpn/product/custom-perfume-box-with-lid-and-base/,"custom perfume box with lid and base","Same category with a different packed product, structure or support option.","After the insert, material or use-case section.",200,http://localhost/hopgiayvpn/product/custom-perfume-box-with-lid-and-base/,0,,VALID_EXISTING_URL
340,"Custom Cosmetic Drawer Box with Insert",http://localhost/hopgiayvpn/product/custom-cosmetic-drawer-box-with-insert/,category_hub,,"Cosmetic Paper Boxes",http://localhost/hopgiayvpn/products/cosmetic-paper-boxes/,"cosmetic paper boxes","Connect the product to its most specific existing category hub.","Product introduction or breadcrumb-support paragraph.",200,http://localhost/hopgiayvpn/products/cosmetic-paper-boxes/,0,,VALID_EXISTING_URL
340,"Custom Cosmetic Drawer Box with Insert",http://localhost/hopgiayvpn/product/custom-cosmetic-drawer-box-with-insert/,related_product,255,"Custom Round Jar Drawer Box",http://localhost/hopgiayvpn/product/custom-round-jar-drawer-box/,"custom round jar drawer box","Same category with a different packed product, structure or support option.","After the structure/opening section.",200,http://localhost/hopgiayvpn/product/custom-round-jar-drawer-box/,0,,VALID_EXISTING_URL
340,"Custom Cosmetic Drawer Box with Insert",http://localhost/hopgiayvpn/product/custom-cosmetic-drawer-box-with-insert/,related_product,235,"Custom Essential Oil Packaging Box with Insert",http://localhost/hopgiayvpn/product/custom-essential-oil-packaging-box-with-insert/,"custom essential oil packaging box with insert","Same category with a different packed product, structure or support option.","After the insert, material or use-case section.",200,http://localhost/hopgiayvpn/product/custom-essential-oil-packaging-box-with-insert/,0,,VALID_EXISTING_URL
340,"Custom Cosmetic Drawer Box with Insert",http://localhost/hopgiayvpn/product/custom-cosmetic-drawer-box-with-insert/,related_product,773,"CUSTOM COSMETIC PACKAGING BOX",http://localhost/hopgiayvpn/product/custom-cosmetic-packaging-box/,"custom cosmetic packaging box","Same category with a different packed product, structure or support option.","After the insert, material or use-case section.",200,http://localhost/hopgiayvpn/product/custom-cosmetic-packaging-box/,0,,VALID_EXISTING_URL
346,"Custom Rigid Square Gift Box with Foil Logo",http://localhost/hopgiayvpn/product/custom-rigid-square-gift-box-with-foil-logo/,category_hub,,"Rigid Boxes",http://localhost/hopgiayvpn/products/rigid-boxes/,"rigid boxes","Connect the product to its most specific existing category hub.","Product introduction or breadcrumb-support paragraph.",200,http://localhost/hopgiayvpn/products/rigid-boxes/,0,,VALID_EXISTING_URL
346,"Custom Rigid Square Gift Box with Foil Logo",http://localhost/hopgiayvpn/product/custom-rigid-square-gift-box-with-foil-logo/,related_product,237,"Custom Rigid Gift Box with Ribbon Closure",http://localhost/hopgiayvpn/product/custom-rigid-gift-box-with-ribbon-closure/,"custom rigid gift box with ribbon closure","Same category with a different packed product, structure or support option.","After the structure/opening section.",200,http://localhost/hopgiayvpn/product/custom-rigid-gift-box-with-ribbon-closure/,0,,VALID_EXISTING_URL
346,"Custom Rigid Square Gift Box with Foil Logo",http://localhost/hopgiayvpn/product/custom-rigid-square-gift-box-with-foil-logo/,related_product,229,"Custom Flat Rigid Gift Box with Ribbon",http://localhost/hopgiayvpn/product/custom-flat-rigid-gift-box-with-ribbon/,"custom flat rigid gift box with ribbon","Same category with a different packed product, structure or support option.","After the insert, material or use-case section.",200,http://localhost/hopgiayvpn/product/custom-flat-rigid-gift-box-with-ribbon/,0,,VALID_EXISTING_URL
346,"Custom Rigid Square Gift Box with Foil Logo",http://localhost/hopgiayvpn/product/custom-rigid-square-gift-box-with-foil-logo/,related_product,944,"PREMIUM PICKLEBALL SET RIGID PAPER BOX",http://localhost/hopgiayvpn/product/premium-pickleball-set-rigid-paper-box/,"premium pickleball set rigid paper box","Same category with a different packed product, structure or support option.","After the insert, material or use-case section.",200,http://localhost/hopgiayvpn/product/premium-pickleball-set-rigid-paper-box/,0,,VALID_EXISTING_URL
351,"Custom Luxury Mooncake Gift Box with Insert",http://localhost/hopgiayvpn/product/custom-luxury-mooncake-gift-box-with-insert/,category_hub,,"Bakery Packaging Boxes",http://localhost/hopgiayvpn/products/bakery-packaging-boxes/,"bakery packaging boxes","Connect the product to its most specific existing category hub.","Product introduction or breadcrumb-support paragraph.",200,http://localhost/hopgiayvpn/products/bakery-packaging-boxes/,0,,VALID_EXISTING_URL
351,"Custom Luxury Mooncake Gift Box with Insert",http://localhost/hopgiayvpn/product/custom-luxury-mooncake-gift-box-with-insert/,related_product,249,"Custom Mooncake Gift Box Set with Paper Bag",http://localhost/hopgiayvpn/product/custom-mooncake-gift-box-set-with-paper-bag/,"custom mooncake gift box set with paper bag","Same category with a different packed product, structure or support option.","After the structure/opening section.",200,http://localhost/hopgiayvpn/product/custom-mooncake-gift-box-set-with-paper-bag/,0,,VALID_EXISTING_URL
351,"Custom Luxury Mooncake Gift Box with Insert",http://localhost/hopgiayvpn/product/custom-luxury-mooncake-gift-box-with-insert/,related_product,252,"Custom Mooncake Cabinet Gift Box with Drawers",http://localhost/hopgiayvpn/product/custom-mooncake-cabinet-gift-box-with-drawers/,"custom mooncake cabinet gift box with drawers","Same category with a different packed product, structure or support option.","After the insert, material or use-case section.",200,http://localhost/hopgiayvpn/product/custom-mooncake-cabinet-gift-box-with-drawers/,0,,VALID_EXISTING_URL
351,"Custom Luxury Mooncake Gift Box with Insert",http://localhost/hopgiayvpn/product/custom-luxury-mooncake-gift-box-with-insert/,related_product,357,"Custom Kraft Pastry Drawer Box with Insert",http://localhost/hopgiayvpn/product/custom-kraft-pastry-drawer-box-with-insert/,"custom kraft pastry drawer box with insert","Same category with a different packed product, structure or support option.","After the insert, material or use-case section.",200,http://localhost/hopgiayvpn/product/custom-kraft-pastry-drawer-box-with-insert/,0,,VALID_EXISTING_URL
357,"Custom Kraft Pastry Drawer Box with Insert",http://localhost/hopgiayvpn/product/custom-kraft-pastry-drawer-box-with-insert/,category_hub,,"Bakery Packaging Boxes",http://localhost/hopgiayvpn/products/bakery-packaging-boxes/,"bakery packaging boxes","Connect the product to its most specific existing category hub.","Product introduction or breadcrumb-support paragraph.",200,http://localhost/hopgiayvpn/products/bakery-packaging-boxes/,0,,VALID_EXISTING_URL
357,"Custom Kraft Pastry Drawer Box with Insert",http://localhost/hopgiayvpn/product/custom-kraft-pastry-drawer-box-with-insert/,related_product,295,"Custom Pastry Box with Clear Window",http://localhost/hopgiayvpn/product/custom-pastry-box-with-clear-window/,"custom pastry box with clear window","Same category with a different packed product, structure or support option.","After the structure/opening section.",200,http://localhost/hopgiayvpn/product/custom-pastry-box-with-clear-window/,0,,VALID_EXISTING_URL
357,"Custom Kraft Pastry Drawer Box with Insert",http://localhost/hopgiayvpn/product/custom-kraft-pastry-drawer-box-with-insert/,related_product,416,"Custom Pastry Gift Box with Insert",http://localhost/hopgiayvpn/product/custom-pastry-gift-box-with-insert/,"custom pastry gift box with insert","Same category with a different packed product, structure or support option.","After the insert, material or use-case section.",200,http://localhost/hopgiayvpn/product/custom-pastry-gift-box-with-insert/,0,,VALID_EXISTING_URL
357,"Custom Kraft Pastry Drawer Box with Insert",http://localhost/hopgiayvpn/product/custom-kraft-pastry-drawer-box-with-insert/,related_product,248,"Custom Pastry Sleeve Box with Insert",http://localhost/hopgiayvpn/product/custom-pastry-sleeve-box-with-insert/,"custom pastry sleeve box with insert","Same category with a different packed product, structure or support option.","After the insert, material or use-case section.",200,http://localhost/hopgiayvpn/product/custom-pastry-sleeve-box-with-insert/,0,,VALID_EXISTING_URL
367,"Custom Mooncake Packaging Box",http://localhost/hopgiayvpn/product/custom-mooncake-packaging-box/,category_hub,,"Bakery Packaging Boxes",http://localhost/hopgiayvpn/products/bakery-packaging-boxes/,"bakery packaging boxes","Connect the product to its most specific existing category hub.","Product introduction or breadcrumb-support paragraph.",200,http://localhost/hopgiayvpn/products/bakery-packaging-boxes/,0,,VALID_EXISTING_URL
367,"Custom Mooncake Packaging Box",http://localhost/hopgiayvpn/product/custom-mooncake-packaging-box/,related_product,295,"Custom Pastry Box with Clear Window",http://localhost/hopgiayvpn/product/custom-pastry-box-with-clear-window/,"custom pastry box with clear window","Same category with a different packed product, structure or support option.","After the structure/opening section.",200,http://localhost/hopgiayvpn/product/custom-pastry-box-with-clear-window/,0,,VALID_EXISTING_URL
367,"Custom Mooncake Packaging Box",http://localhost/hopgiayvpn/product/custom-mooncake-packaging-box/,related_product,357,"Custom Kraft Pastry Drawer Box with Insert",http://localhost/hopgiayvpn/product/custom-kraft-pastry-drawer-box-with-insert/,"custom kraft pastry drawer box with insert","Same category with a different packed product, structure or support option.","After the insert, material or use-case section.",200,http://localhost/hopgiayvpn/product/custom-kraft-pastry-drawer-box-with-insert/,0,,VALID_EXISTING_URL
367,"Custom Mooncake Packaging Box",http://localhost/hopgiayvpn/product/custom-mooncake-packaging-box/,related_product,351,"Custom Luxury Mooncake Gift Box with Insert",http://localhost/hopgiayvpn/product/custom-luxury-mooncake-gift-box-with-insert/,"custom luxury mooncake gift box with insert","Same category with a different packed product, structure or support option.","After the insert, material or use-case section.",200,http://localhost/hopgiayvpn/product/custom-luxury-mooncake-gift-box-with-insert/,0,,VALID_EXISTING_URL
373,"Custom Luxury Paper Gift Bag with Ribbon Handles",http://localhost/hopgiayvpn/product/custom-luxury-paper-gift-bag-with-ribbon-handles/,category_hub,,"Paper Bags with Logo",http://localhost/hopgiayvpn/products/paper-bags-with-logo/,"paper bags with logo","Connect the product to its most specific existing category hub.","Product introduction or breadcrumb-support paragraph.",200,http://localhost/hopgiayvpn/products/paper-bags-with-logo/,0,,VALID_EXISTING_URL
373,"Custom Luxury Paper Gift Bag with Ribbon Handles",http://localhost/hopgiayvpn/product/custom-luxury-paper-gift-bag-with-ribbon-handles/,related_product,379,"Custom Paper Shopping Bag with Handles",http://localhost/hopgiayvpn/product/custom-paper-shopping-bag-with-handles/,"custom paper shopping bag with handles","Same category with a different packed product, structure or support option.","After the structure/opening section.",200,http://localhost/hopgiayvpn/product/custom-paper-shopping-bag-with-handles/,0,,VALID_EXISTING_URL
373,"Custom Luxury Paper Gift Bag with Ribbon Handles",http://localhost/hopgiayvpn/product/custom-luxury-paper-gift-bag-with-ribbon-handles/,related_product,254,"Custom Rigid Gift Box with Matching Paper Bag",http://localhost/hopgiayvpn/product/custom-rigid-gift-box-with-matching-paper-bag/,"custom rigid gift box with matching paper bag","Same category with a different packed product, structure or support option.","After the insert, material or use-case section.",200,http://localhost/hopgiayvpn/product/custom-rigid-gift-box-with-matching-paper-bag/,0,,VALID_EXISTING_URL
373,"Custom Luxury Paper Gift Bag with Ribbon Handles",http://localhost/hopgiayvpn/product/custom-luxury-paper-gift-bag-with-ribbon-handles/,related_product,7181,"CUSTOM WHITE PAPER SHOPPING BAG WITH BROWN ROPE HANDLES",http://localhost/hopgiayvpn/product/custom-white-paper-shopping-bag-with-brown-rope-handles/,"custom white paper shopping bag with brown rope handles","Same category with a different packed product, structure or support option.","After the insert, material or use-case section.",200,http://localhost/hopgiayvpn/product/custom-white-paper-shopping-bag-with-brown-rope-handles/,0,,VALID_EXISTING_URL
379,"Custom Paper Shopping Bag with Handles",http://localhost/hopgiayvpn/product/custom-paper-shopping-bag-with-handles/,category_hub,,"Paper Bags with Logo",http://localhost/hopgiayvpn/products/paper-bags-with-logo/,"paper bags with logo","Connect the product to its most specific existing category hub.","Product introduction or breadcrumb-support paragraph.",200,http://localhost/hopgiayvpn/products/paper-bags-with-logo/,0,,VALID_EXISTING_URL
379,"Custom Paper Shopping Bag with Handles",http://localhost/hopgiayvpn/product/custom-paper-shopping-bag-with-handles/,related_product,373,"Custom Luxury Paper Gift Bag with Ribbon Handles",http://localhost/hopgiayvpn/product/custom-luxury-paper-gift-bag-with-ribbon-handles/,"custom luxury paper gift bag with ribbon handles","Same category with a different packed product, structure or support option.","After the structure/opening section.",200,http://localhost/hopgiayvpn/product/custom-luxury-paper-gift-bag-with-ribbon-handles/,0,,VALID_EXISTING_URL
379,"Custom Paper Shopping Bag with Handles",http://localhost/hopgiayvpn/product/custom-paper-shopping-bag-with-handles/,related_product,254,"Custom Rigid Gift Box with Matching Paper Bag",http://localhost/hopgiayvpn/product/custom-rigid-gift-box-with-matching-paper-bag/,"custom rigid gift box with matching paper bag","Same category with a different packed product, structure or support option.","After the insert, material or use-case section.",200,http://localhost/hopgiayvpn/product/custom-rigid-gift-box-with-matching-paper-bag/,0,,VALID_EXISTING_URL
379,"Custom Paper Shopping Bag with Handles",http://localhost/hopgiayvpn/product/custom-paper-shopping-bag-with-handles/,related_product,7181,"CUSTOM WHITE PAPER SHOPPING BAG WITH BROWN ROPE HANDLES",http://localhost/hopgiayvpn/product/custom-white-paper-shopping-bag-with-brown-rope-handles/,"custom white paper shopping bag with brown rope handles","Same category with a different packed product, structure or support option.","After the insert, material or use-case section.",200,http://localhost/hopgiayvpn/product/custom-white-paper-shopping-bag-with-brown-rope-handles/,0,,VALID_EXISTING_URL
386,"Custom Printed Corrugated Ecommerce Box",http://localhost/hopgiayvpn/product/custom-printed-corrugated-ecommerce-box/,category_hub,,"Corrugated Mailer Boxes",http://localhost/hopgiayvpn/products/corrugated-mailer-boxes/,"corrugated mailer boxes","Connect the product to its most specific existing category hub.","Product introduction or breadcrumb-support paragraph.",200,http://localhost/hopgiayvpn/products/corrugated-mailer-boxes/,0,,VALID_EXISTING_URL
386,"Custom Printed Corrugated Ecommerce Box",http://localhost/hopgiayvpn/product/custom-printed-corrugated-ecommerce-box/,related_product,391,"Custom Corrugated Mailer Box",http://localhost/hopgiayvpn/product/custom-corrugated-mailer-box/,"custom corrugated mailer box","Same category with a different packed product, structure or support option.","After the structure/opening section.",200,http://localhost/hopgiayvpn/product/custom-corrugated-mailer-box/,0,,VALID_EXISTING_URL
386,"Custom Printed Corrugated Ecommerce Box",http://localhost/hopgiayvpn/product/custom-printed-corrugated-ecommerce-box/,related_product,5803,"CUSTOM CORRUGATED APPAREL MAILER BOX",http://localhost/hopgiayvpn/product/custom-corrugated-apparel-mailer-box/,"custom corrugated apparel mailer box","Same category with a different packed product, structure or support option.","After the insert, material or use-case section.",200,http://localhost/hopgiayvpn/product/custom-corrugated-apparel-mailer-box/,0,,VALID_EXISTING_URL
386,"Custom Printed Corrugated Ecommerce Box",http://localhost/hopgiayvpn/product/custom-printed-corrugated-ecommerce-box/,related_product,1027,"KRAFT CORRUGATED MAILER BOX",http://localhost/hopgiayvpn/product/kraft-corrugated-mailer-box/,"kraft corrugated mailer box","Same category with a different packed product, structure or support option.","After the insert, material or use-case section.",200,http://localhost/hopgiayvpn/product/kraft-corrugated-mailer-box/,0,,VALID_EXISTING_URL
391,"Custom Corrugated Mailer Box",http://localhost/hopgiayvpn/product/custom-corrugated-mailer-box/,category_hub,,"Corrugated Mailer Boxes",http://localhost/hopgiayvpn/products/corrugated-mailer-boxes/,"corrugated mailer boxes","Connect the product to its most specific existing category hub.","Product introduction or breadcrumb-support paragraph.",200,http://localhost/hopgiayvpn/products/corrugated-mailer-boxes/,0,,VALID_EXISTING_URL
391,"Custom Corrugated Mailer Box",http://localhost/hopgiayvpn/product/custom-corrugated-mailer-box/,related_product,386,"Custom Printed Corrugated Ecommerce Box",http://localhost/hopgiayvpn/product/custom-printed-corrugated-ecommerce-box/,"custom printed corrugated ecommerce box","Same category with a different packed product, structure or support option.","After the structure/opening section.",200,http://localhost/hopgiayvpn/product/custom-printed-corrugated-ecommerce-box/,0,,VALID_EXISTING_URL
391,"Custom Corrugated Mailer Box",http://localhost/hopgiayvpn/product/custom-corrugated-mailer-box/,related_product,1027,"KRAFT CORRUGATED MAILER BOX",http://localhost/hopgiayvpn/product/kraft-corrugated-mailer-box/,"kraft corrugated mailer box","Same category with a different packed product, structure or support option.","After the insert, material or use-case section.",200,http://localhost/hopgiayvpn/product/kraft-corrugated-mailer-box/,0,,VALID_EXISTING_URL
391,"Custom Corrugated Mailer Box",http://localhost/hopgiayvpn/product/custom-corrugated-mailer-box/,related_product,5803,"CUSTOM CORRUGATED APPAREL MAILER BOX",http://localhost/hopgiayvpn/product/custom-corrugated-apparel-mailer-box/,"custom corrugated apparel mailer box","Same category with a different packed product, structure or support option.","After the insert, material or use-case section.",200,http://localhost/hopgiayvpn/product/custom-corrugated-apparel-mailer-box/,0,,VALID_EXISTING_URL
397,"Custom Magnetic Gift Box with Insert Tray",http://localhost/hopgiayvpn/product/custom-magnetic-gift-box-with-insert-tray/,category_hub,,"Magnetic Closure Boxes",http://localhost/hopgiayvpn/products/magnetic-closure-boxes/,"magnetic closure boxes","Connect the product to its most specific existing category hub.","Product introduction or breadcrumb-support paragraph.",200,http://localhost/hopgiayvpn/products/magnetic-closure-boxes/,0,,VALID_EXISTING_URL
397,"Custom Magnetic Gift Box with Insert Tray",http://localhost/hopgiayvpn/product/custom-magnetic-gift-box-with-insert-tray/,related_product,401,"Custom Magnetic Closure Gift Box",http://localhost/hopgiayvpn/product/custom-magnetic-closure-gift-box/,"custom magnetic closure gift box","Same category with a different packed product, structure or support option.","After the structure/opening section.",200,http://localhost/hopgiayvpn/product/custom-magnetic-closure-gift-box/,0,,VALID_EXISTING_URL
397,"Custom Magnetic Gift Box with Insert Tray",http://localhost/hopgiayvpn/product/custom-magnetic-gift-box-with-insert-tray/,related_product,422,"CUSTOM MAGNETIC GIFT BOX",http://localhost/hopgiayvpn/product/custom-magnetic-gift-box/,"custom magnetic gift box","Same category with a different packed product, structure or support option.","After the insert, material or use-case section.",200,http://localhost/hopgiayvpn/product/custom-magnetic-gift-box/,0,,VALID_EXISTING_URL
397,"Custom Magnetic Gift Box with Insert Tray",http://localhost/hopgiayvpn/product/custom-magnetic-gift-box-with-insert-tray/,related_product,762,"CUSTOM RIGID GIFT BOX",http://localhost/hopgiayvpn/product/custom-rigid-gift-box/,"custom rigid gift box","Same category with a different packed product, structure or support option.","After the insert, material or use-case section.",200,http://localhost/hopgiayvpn/product/custom-rigid-gift-box/,0,,VALID_EXISTING_URL
401,"Custom Magnetic Closure Gift Box",http://localhost/hopgiayvpn/product/custom-magnetic-closure-gift-box/,category_hub,,"Magnetic Closure Boxes",http://localhost/hopgiayvpn/products/magnetic-closure-boxes/,"magnetic closure boxes","Connect the product to its most specific existing category hub.","Product introduction or breadcrumb-support paragraph.",200,http://localhost/hopgiayvpn/products/magnetic-closure-boxes/,0,,VALID_EXISTING_URL
401,"Custom Magnetic Closure Gift Box",http://localhost/hopgiayvpn/product/custom-magnetic-closure-gift-box/,related_product,397,"Custom Magnetic Gift Box with Insert Tray",http://localhost/hopgiayvpn/product/custom-magnetic-gift-box-with-insert-tray/,"custom magnetic gift box with insert tray","Same category with a different packed product, structure or support option.","After the structure/opening section.",200,http://localhost/hopgiayvpn/product/custom-magnetic-gift-box-with-insert-tray/,0,,VALID_EXISTING_URL
401,"Custom Magnetic Closure Gift Box",http://localhost/hopgiayvpn/product/custom-magnetic-closure-gift-box/,related_product,422,"CUSTOM MAGNETIC GIFT BOX",http://localhost/hopgiayvpn/product/custom-magnetic-gift-box/,"custom magnetic gift box","Same category with a different packed product, structure or support option.","After the insert, material or use-case section.",200,http://localhost/hopgiayvpn/product/custom-magnetic-gift-box/,0,,VALID_EXISTING_URL
401,"Custom Magnetic Closure Gift Box",http://localhost/hopgiayvpn/product/custom-magnetic-closure-gift-box/,related_product,762,"CUSTOM RIGID GIFT BOX",http://localhost/hopgiayvpn/product/custom-rigid-gift-box/,"custom rigid gift box","Same category with a different packed product, structure or support option.","After the insert, material or use-case section.",200,http://localhost/hopgiayvpn/product/custom-rigid-gift-box/,0,,VALID_EXISTING_URL
405,"Custom Perfume Display Box with Sleeve",http://localhost/hopgiayvpn/product/custom-perfume-display-box-with-sleeve/,category_hub,,"Perfume Packaging Boxes",http://localhost/hopgiayvpn/products/perfume-packaging-boxes/,"perfume packaging boxes","Connect the product to its most specific existing category hub.","Product introduction or breadcrumb-support paragraph.",200,http://localhost/hopgiayvpn/products/perfume-packaging-boxes/,0,,VALID_EXISTING_URL
405,"Custom Perfume Display Box with Sleeve",http://localhost/hopgiayvpn/product/custom-perfume-display-box-with-sleeve/,related_product,241,"Custom Perfume Box with Insert",http://localhost/hopgiayvpn/product/custom-perfume-box-with-insert/,"custom perfume box with insert","Same category with a different packed product, structure or support option.","After the structure/opening section.",200,http://localhost/hopgiayvpn/product/custom-perfume-box-with-insert/,0,,VALID_EXISTING_URL
405,"Custom Perfume Display Box with Sleeve",http://localhost/hopgiayvpn/product/custom-perfume-display-box-with-sleeve/,related_product,334,"Custom Perfume Gift Set Box with Insert",http://localhost/hopgiayvpn/product/custom-perfume-gift-set-box-with-insert/,"custom perfume gift set box with insert","Same category with a different packed product, structure or support option.","After the insert, material or use-case section.",200,http://localhost/hopgiayvpn/product/custom-perfume-gift-set-box-with-insert/,0,,VALID_EXISTING_URL
405,"Custom Perfume Display Box with Sleeve",http://localhost/hopgiayvpn/product/custom-perfume-display-box-with-sleeve/,related_product,5779,"CUSTOM PERFUME BOX WITH LID AND BASE",http://localhost/hopgiayvpn/product/custom-perfume-box-with-lid-and-base/,"custom perfume box with lid and base","Same category with a different packed product, structure or support option.","After the insert, material or use-case section.",200,http://localhost/hopgiayvpn/product/custom-perfume-box-with-lid-and-base/,0,,VALID_EXISTING_URL
416,"Custom Pastry Gift Box with Insert",http://localhost/hopgiayvpn/product/custom-pastry-gift-box-with-insert/,category_hub,,"Bakery Packaging Boxes",http://localhost/hopgiayvpn/products/bakery-packaging-boxes/,"bakery packaging boxes","Connect the product to its most specific existing category hub.","Product introduction or breadcrumb-support paragraph.",200,http://localhost/hopgiayvpn/products/bakery-packaging-boxes/,0,,VALID_EXISTING_URL
416,"Custom Pastry Gift Box with Insert",http://localhost/hopgiayvpn/product/custom-pastry-gift-box-with-insert/,related_product,230,"Custom Pastry Display Box with Drawer",http://localhost/hopgiayvpn/product/custom-pastry-display-box-with-drawer/,"custom pastry display box with drawer","Same category with a different packed product, structure or support option.","After the structure/opening section.",200,http://localhost/hopgiayvpn/product/custom-pastry-display-box-with-drawer/,0,,VALID_EXISTING_URL
416,"Custom Pastry Gift Box with Insert",http://localhost/hopgiayvpn/product/custom-pastry-gift-box-with-insert/,related_product,248,"Custom Pastry Sleeve Box with Insert",http://localhost/hopgiayvpn/product/custom-pastry-sleeve-box-with-insert/,"custom pastry sleeve box with insert","Same category with a different packed product, structure or support option.","After the insert, material or use-case section.",200,http://localhost/hopgiayvpn/product/custom-pastry-sleeve-box-with-insert/,0,,VALID_EXISTING_URL
416,"Custom Pastry Gift Box with Insert",http://localhost/hopgiayvpn/product/custom-pastry-gift-box-with-insert/,related_product,357,"Custom Kraft Pastry Drawer Box with Insert",http://localhost/hopgiayvpn/product/custom-kraft-pastry-drawer-box-with-insert/,"custom kraft pastry drawer box with insert","Same category with a different packed product, structure or support option.","After the insert, material or use-case section.",200,http://localhost/hopgiayvpn/product/custom-kraft-pastry-drawer-box-with-insert/,0,,VALID_EXISTING_URL
422,"CUSTOM MAGNETIC GIFT BOX",http://localhost/hopgiayvpn/product/custom-magnetic-gift-box/,category_hub,,"Magnetic Closure Boxes",http://localhost/hopgiayvpn/products/magnetic-closure-boxes/,"magnetic closure boxes","Connect the product to its most specific existing category hub.","Product introduction or breadcrumb-support paragraph.",200,http://localhost/hopgiayvpn/products/magnetic-closure-boxes/,0,,VALID_EXISTING_URL
422,"CUSTOM MAGNETIC GIFT BOX",http://localhost/hopgiayvpn/product/custom-magnetic-gift-box/,related_product,762,"CUSTOM RIGID GIFT BOX",http://localhost/hopgiayvpn/product/custom-rigid-gift-box/,"custom rigid gift box","Same category with a different packed product, structure or support option.","After the structure/opening section.",200,http://localhost/hopgiayvpn/product/custom-rigid-gift-box/,0,,VALID_EXISTING_URL
422,"CUSTOM MAGNETIC GIFT BOX",http://localhost/hopgiayvpn/product/custom-magnetic-gift-box/,related_product,401,"Custom Magnetic Closure Gift Box",http://localhost/hopgiayvpn/product/custom-magnetic-closure-gift-box/,"custom magnetic closure gift box","Same category with a different packed product, structure or support option.","After the insert, material or use-case section.",200,http://localhost/hopgiayvpn/product/custom-magnetic-closure-gift-box/,0,,VALID_EXISTING_URL
422,"CUSTOM MAGNETIC GIFT BOX",http://localhost/hopgiayvpn/product/custom-magnetic-gift-box/,related_product,397,"Custom Magnetic Gift Box with Insert Tray",http://localhost/hopgiayvpn/product/custom-magnetic-gift-box-with-insert-tray/,"custom magnetic gift box with insert tray","Same category with a different packed product, structure or support option.","After the insert, material or use-case section.",200,http://localhost/hopgiayvpn/product/custom-magnetic-gift-box-with-insert-tray/,0,,VALID_EXISTING_URL
422,"CUSTOM MAGNETIC GIFT BOX",http://localhost/hopgiayvpn/product/custom-magnetic-gift-box/,supporting_guide,587,"How to Choose the Right Paper Material for Custom Paper Boxes",http://localhost/hopgiayvpn/paper-materials-for-custom-paper-boxes/,"how to choose the right paper material for custom paper boxes","Existing guide matches the product structure, material, insert or industry-use vocabulary.","Inside the relevant structure/material paragraph.",200,http://localhost/hopgiayvpn/paper-materials-for-custom-paper-boxes/,0,,VALID_EXISTING_URL
426,"CUSTOM MEDICAL KIT PACKAGING BOX",http://localhost/hopgiayvpn/product/custom-medical-kit-packaging-box/,category_hub,,"Pharmaceutical Packaging Boxes",http://localhost/hopgiayvpn/products/pharmaceutical-packaging-boxes/,"pharmaceutical packaging boxes","Connect the product to its most specific existing category hub.","Product introduction or breadcrumb-support paragraph.",200,http://localhost/hopgiayvpn/products/pharmaceutical-packaging-boxes/,0,,VALID_EXISTING_URL
426,"CUSTOM MEDICAL KIT PACKAGING BOX",http://localhost/hopgiayvpn/product/custom-medical-kit-packaging-box/,related_product,752,"CUSTOM PILL PACKAGING BOX",http://localhost/hopgiayvpn/product/custom-pill-packaging-box/,"custom pill packaging box","Same category with a different packed product, structure or support option.","After the structure/opening section.",200,http://localhost/hopgiayvpn/product/custom-pill-packaging-box/,0,,VALID_EXISTING_URL
426,"CUSTOM MEDICAL KIT PACKAGING BOX",http://localhost/hopgiayvpn/product/custom-medical-kit-packaging-box/,related_product,829,"Custom Vial Boxes for Glass Vials, Ampoules and Lab Samples",http://localhost/hopgiayvpn/product/custom-vial-packaging-box/,"custom vial boxes for glass vials, ampoules and lab samples","Same category with a different packed product, structure or support option.","After the insert, material or use-case section.",200,http://localhost/hopgiayvpn/product/custom-vial-packaging-box/,0,,VALID_EXISTING_URL
426,"CUSTOM MEDICAL KIT PACKAGING BOX",http://localhost/hopgiayvpn/product/custom-medical-kit-packaging-box/,supporting_guide,587,"How to Choose the Right Paper Material for Custom Paper Boxes",http://localhost/hopgiayvpn/paper-materials-for-custom-paper-boxes/,"how to choose the right paper material for custom paper boxes","Existing guide matches the product structure, material, insert or industry-use vocabulary.","Inside the relevant structure/material paragraph.",200,http://localhost/hopgiayvpn/paper-materials-for-custom-paper-boxes/,0,,VALID_EXISTING_URL
431,"Custom Watch Box with Drawer",http://localhost/hopgiayvpn/product/custom-watch-box-with-drawer/,category_hub,,"Jewelry Paper Boxes",http://localhost/hopgiayvpn/products/jewelry-paper-boxes/,"jewelry paper boxes","Connect the product to its most specific existing category hub.","Product introduction or breadcrumb-support paragraph.",200,http://localhost/hopgiayvpn/products/jewelry-paper-boxes/,0,,VALID_EXISTING_URL
431,"Custom Watch Box with Drawer",http://localhost/hopgiayvpn/product/custom-watch-box-with-drawer/,related_product,256,"Custom Luxury Watch Box with Drawer",http://localhost/hopgiayvpn/product/custom-luxury-watch-box-with-drawer/,"custom luxury watch box with drawer","Same category with a different packed product, structure or support option.","After the structure/opening section.",200,http://localhost/hopgiayvpn/product/custom-luxury-watch-box-with-drawer/,0,,VALID_EXISTING_URL
431,"Custom Watch Box with Drawer",http://localhost/hopgiayvpn/product/custom-watch-box-with-drawer/,related_product,257,"Custom Watch Box with Pillow Insert",http://localhost/hopgiayvpn/product/custom-watch-box-with-pillow-insert/,"custom watch box with pillow insert","Same category with a different packed product, structure or support option.","After the insert, material or use-case section.",200,http://localhost/hopgiayvpn/product/custom-watch-box-with-pillow-insert/,0,,VALID_EXISTING_URL
431,"Custom Watch Box with Drawer",http://localhost/hopgiayvpn/product/custom-watch-box-with-drawer/,related_product,1281,"CUSTOM EARRING BOX WITH FOAM INSERT",http://localhost/hopgiayvpn/product/custom-earring-box-with-foam-insert/,"custom earring box with foam insert","Same category with a different packed product, structure or support option.","After the insert, material or use-case section.",200,http://localhost/hopgiayvpn/product/custom-earring-box-with-foam-insert/,0,,VALID_EXISTING_URL
603,"Custom Luxury Wine Bottle Gift Box with Logo",http://localhost/hopgiayvpn/product/custom-luxury-wine-bottle-packaging-box/,category_hub,,"Gift Paper Boxes",http://localhost/hopgiayvpn/products/gift-paper-boxes/,"gift paper boxes","Connect the product to its most specific existing category hub.","Product introduction or breadcrumb-support paragraph.",200,http://localhost/hopgiayvpn/products/gift-paper-boxes/,0,,VALID_EXISTING_URL
603,"Custom Luxury Wine Bottle Gift Box with Logo",http://localhost/hopgiayvpn/product/custom-luxury-wine-bottle-packaging-box/,related_product,1482,"Custom Wine Magnetic Gift Box",http://localhost/hopgiayvpn/product/custom-wine-magnetic-gift-box/,"custom wine magnetic gift box","Same category with a different packed product, structure or support option.","After the structure/opening section.",200,http://localhost/hopgiayvpn/product/custom-wine-magnetic-gift-box/,0,,VALID_EXISTING_URL
603,"Custom Luxury Wine Bottle Gift Box with Logo",http://localhost/hopgiayvpn/product/custom-luxury-wine-bottle-packaging-box/,related_product,242,"Custom Gift Box with Ribbon Bow",http://localhost/hopgiayvpn/product/custom-gift-box-with-ribbon-bow/,"custom gift box with ribbon bow","Same category with a different packed product, structure or support option.","After the insert, material or use-case section.",200,http://localhost/hopgiayvpn/product/custom-gift-box-with-ribbon-bow/,0,,VALID_EXISTING_URL
603,"Custom Luxury Wine Bottle Gift Box with Logo",http://localhost/hopgiayvpn/product/custom-luxury-wine-bottle-packaging-box/,related_product,1476,"Custom Watch Magnetic Presentation Box",http://localhost/hopgiayvpn/product/custom-watch-magnetic-presentation-box/,"custom watch magnetic presentation box","Same category with a different packed product, structure or support option.","After the insert, material or use-case section.",200,http://localhost/hopgiayvpn/product/custom-watch-magnetic-presentation-box/,0,,VALID_EXISTING_URL
725,"CUSTOM LUXURY GIFT BOX WITH PAPER BAG",http://localhost/hopgiayvpn/product/custom-luxury-gift-box-with-paper-bag/,category_hub,,"Paper Bags with Logo",http://localhost/hopgiayvpn/products/paper-bags-with-logo/,"paper bags with logo","Connect the product to its most specific existing category hub.","Product introduction or breadcrumb-support paragraph.",200,http://localhost/hopgiayvpn/products/paper-bags-with-logo/,0,,VALID_EXISTING_URL
725,"CUSTOM LUXURY GIFT BOX WITH PAPER BAG",http://localhost/hopgiayvpn/product/custom-luxury-gift-box-with-paper-bag/,related_product,254,"Custom Rigid Gift Box with Matching Paper Bag",http://localhost/hopgiayvpn/product/custom-rigid-gift-box-with-matching-paper-bag/,"custom rigid gift box with matching paper bag","Same category with a different packed product, structure or support option.","After the structure/opening section.",200,http://localhost/hopgiayvpn/product/custom-rigid-gift-box-with-matching-paper-bag/,0,,VALID_EXISTING_URL
725,"CUSTOM LUXURY GIFT BOX WITH PAPER BAG",http://localhost/hopgiayvpn/product/custom-luxury-gift-box-with-paper-bag/,related_product,379,"Custom Paper Shopping Bag with Handles",http://localhost/hopgiayvpn/product/custom-paper-shopping-bag-with-handles/,"custom paper shopping bag with handles","Same category with a different packed product, structure or support option.","After the insert, material or use-case section.",200,http://localhost/hopgiayvpn/product/custom-paper-shopping-bag-with-handles/,0,,VALID_EXISTING_URL
725,"CUSTOM LUXURY GIFT BOX WITH PAPER BAG",http://localhost/hopgiayvpn/product/custom-luxury-gift-box-with-paper-bag/,related_product,7181,"CUSTOM WHITE PAPER SHOPPING BAG WITH BROWN ROPE HANDLES",http://localhost/hopgiayvpn/product/custom-white-paper-shopping-bag-with-brown-rope-handles/,"custom white paper shopping bag with brown rope handles","Same category with a different packed product, structure or support option.","After the insert, material or use-case section.",200,http://localhost/hopgiayvpn/product/custom-white-paper-shopping-bag-with-brown-rope-handles/,0,,VALID_EXISTING_URL
725,"CUSTOM LUXURY GIFT BOX WITH PAPER BAG",http://localhost/hopgiayvpn/product/custom-luxury-gift-box-with-paper-bag/,supporting_guide,587,"How to Choose the Right Paper Material for Custom Paper Boxes",http://localhost/hopgiayvpn/paper-materials-for-custom-paper-boxes/,"how to choose the right paper material for custom paper boxes","Existing guide matches the product structure, material, insert or industry-use vocabulary.","Inside the relevant structure/material paragraph.",200,http://localhost/hopgiayvpn/paper-materials-for-custom-paper-boxes/,0,,VALID_EXISTING_URL
738,"CUSTOM MUG PACKAGING BOX WITH WINDOW",http://localhost/hopgiayvpn/product/custom-mug-packaging-box-with-window/,category_hub,,"Food Paper Boxes",http://localhost/hopgiayvpn/products/food-paper-boxes/,"food paper boxes","Connect the product to its most specific existing category hub.","Product introduction or breadcrumb-support paragraph.",200,http://localhost/hopgiayvpn/products/food-paper-boxes/,0,,VALID_EXISTING_URL
738,"CUSTOM MUG PACKAGING BOX WITH WINDOW",http://localhost/hopgiayvpn/product/custom-mug-packaging-box-with-window/,related_product,244,"Custom Tea Gift Box with Window",http://localhost/hopgiayvpn/product/custom-tea-gift-box-with-window/,"custom tea gift box with window","Same category with a different packed product, structure or support option.","After the structure/opening section.",200,http://localhost/hopgiayvpn/product/custom-tea-gift-box-with-window/,0,,VALID_EXISTING_URL
738,"CUSTOM MUG PACKAGING BOX WITH WINDOW",http://localhost/hopgiayvpn/product/custom-mug-packaging-box-with-window/,related_product,981,"CUSTOM PAPER EGG PACKAGING BOXES",http://localhost/hopgiayvpn/product/custom-paper-egg-packaging-boxes/,"custom paper egg packaging boxes","Same category with a different packed product, structure or support option.","After the insert, material or use-case section.",200,http://localhost/hopgiayvpn/product/custom-paper-egg-packaging-boxes/,0,,VALID_EXISTING_URL
738,"CUSTOM MUG PACKAGING BOX WITH WINDOW",http://localhost/hopgiayvpn/product/custom-mug-packaging-box-with-window/,related_product,757,"CUSTOM PRINTED CORRUGATED PET FOOD BOX",http://localhost/hopgiayvpn/product/custom-printed-corrugated-pet-food-box/,"custom printed corrugated pet food box","Same category with a different packed product, structure or support option.","After the insert, material or use-case section.",200,http://localhost/hopgiayvpn/product/custom-printed-corrugated-pet-food-box/,0,,VALID_EXISTING_URL
738,"CUSTOM MUG PACKAGING BOX WITH WINDOW",http://localhost/hopgiayvpn/product/custom-mug-packaging-box-with-window/,supporting_guide,587,"How to Choose the Right Paper Material for Custom Paper Boxes",http://localhost/hopgiayvpn/paper-materials-for-custom-paper-boxes/,"how to choose the right paper material for custom paper boxes","Existing guide matches the product structure, material, insert or industry-use vocabulary.","Inside the relevant structure/material paragraph.",200,http://localhost/hopgiayvpn/paper-materials-for-custom-paper-boxes/,0,,VALID_EXISTING_URL
739,"CUSTOM PAPER TUBE FOOD PACKAGING BOX",http://localhost/hopgiayvpn/product/custom-paper-tube-food-packaging-box/,category_hub,,"Food Paper Boxes",http://localhost/hopgiayvpn/products/food-paper-boxes/,"food paper boxes","Connect the product to its most specific existing category hub.","Product introduction or breadcrumb-support paragraph.",200,http://localhost/hopgiayvpn/products/food-paper-boxes/,0,,VALID_EXISTING_URL
739,"CUSTOM PAPER TUBE FOOD PACKAGING BOX",http://localhost/hopgiayvpn/product/custom-paper-tube-food-packaging-box/,related_product,244,"Custom Tea Gift Box with Window",http://localhost/hopgiayvpn/product/custom-tea-gift-box-with-window/,"custom tea gift box with window","Same category with a different packed product, structure or support option.","After the structure/opening section.",200,http://localhost/hopgiayvpn/product/custom-tea-gift-box-with-window/,0,,VALID_EXISTING_URL
739,"CUSTOM PAPER TUBE FOOD PACKAGING BOX",http://localhost/hopgiayvpn/product/custom-paper-tube-food-packaging-box/,related_product,239,"Custom Pizza Packaging Box",http://localhost/hopgiayvpn/product/custom-pizza-packaging-box/,"custom pizza packaging box","Same category with a different packed product, structure or support option.","After the insert, material or use-case section.",200,http://localhost/hopgiayvpn/product/custom-pizza-packaging-box/,0,,VALID_EXISTING_URL
739,"CUSTOM PAPER TUBE FOOD PACKAGING BOX",http://localhost/hopgiayvpn/product/custom-paper-tube-food-packaging-box/,related_product,757,"CUSTOM PRINTED CORRUGATED PET FOOD BOX",http://localhost/hopgiayvpn/product/custom-printed-corrugated-pet-food-box/,"custom printed corrugated pet food box","Same category with a different packed product, structure or support option.","After the insert, material or use-case section.",200,http://localhost/hopgiayvpn/product/custom-printed-corrugated-pet-food-box/,0,,VALID_EXISTING_URL
739,"CUSTOM PAPER TUBE FOOD PACKAGING BOX",http://localhost/hopgiayvpn/product/custom-paper-tube-food-packaging-box/,supporting_guide,587,"How to Choose the Right Paper Material for Custom Paper Boxes",http://localhost/hopgiayvpn/paper-materials-for-custom-paper-boxes/,"how to choose the right paper material for custom paper boxes","Existing guide matches the product structure, material, insert or industry-use vocabulary.","Inside the relevant structure/material paragraph.",200,http://localhost/hopgiayvpn/paper-materials-for-custom-paper-boxes/,0,,VALID_EXISTING_URL
744,"CUSTOM PHONE PACKAGING BOX",http://localhost/hopgiayvpn/product/custom-phone-packaging-box/,category_hub,,"Electronics Accessories Packaging",http://localhost/hopgiayvpn/products/electronics-accessories-packaging/,"electronics accessories packaging","Connect the product to its most specific existing category hub.","Product introduction or breadcrumb-support paragraph.",200,http://localhost/hopgiayvpn/products/electronics-accessories-packaging/,0,,VALID_EXISTING_URL
744,"CUSTOM PHONE PACKAGING BOX",http://localhost/hopgiayvpn/product/custom-phone-packaging-box/,related_product,777,"CUSTOM PHONE CASE PACKAGING BOX",http://localhost/hopgiayvpn/product/custom-phone-case-packaging-box/,"custom phone case packaging box","Same category with a different packed product, structure or support option.","After the structure/opening section.",200,http://localhost/hopgiayvpn/product/custom-phone-case-packaging-box/,0,,VALID_EXISTING_URL
744,"CUSTOM PHONE PACKAGING BOX",http://localhost/hopgiayvpn/product/custom-phone-packaging-box/,related_product,1477,"Custom Electronics Magnetic Closure Box",http://localhost/hopgiayvpn/product/custom-electronics-magnetic-closure-box/,"custom electronics magnetic closure box","Same category with a different packed product, structure or support option.","After the insert, material or use-case section.",200,http://localhost/hopgiayvpn/product/custom-electronics-magnetic-closure-box/,0,,VALID_EXISTING_URL
744,"CUSTOM PHONE PACKAGING BOX",http://localhost/hopgiayvpn/product/custom-phone-packaging-box/,related_product,770,"CUSTOM CHARGING CABLE PACKAGING BOX",http://localhost/hopgiayvpn/product/custom-charging-cable-packaging-box/,"custom charging cable packaging box","Same category with a different packed product, structure or support option.","After the insert, material or use-case section.",200,http://localhost/hopgiayvpn/product/custom-charging-cable-packaging-box/,0,,VALID_EXISTING_URL
744,"CUSTOM PHONE PACKAGING BOX",http://localhost/hopgiayvpn/product/custom-phone-packaging-box/,supporting_guide,587,"How to Choose the Right Paper Material for Custom Paper Boxes",http://localhost/hopgiayvpn/paper-materials-for-custom-paper-boxes/,"how to choose the right paper material for custom paper boxes","Existing guide matches the product structure, material, insert or industry-use vocabulary.","Inside the relevant structure/material paragraph.",200,http://localhost/hopgiayvpn/paper-materials-for-custom-paper-boxes/,0,,VALID_EXISTING_URL
752,"CUSTOM PILL PACKAGING BOX",http://localhost/hopgiayvpn/product/custom-pill-packaging-box/,category_hub,,"Pharmaceutical Packaging Boxes",http://localhost/hopgiayvpn/products/pharmaceutical-packaging-boxes/,"pharmaceutical packaging boxes","Connect the product to its most specific existing category hub.","Product introduction or breadcrumb-support paragraph.",200,http://localhost/hopgiayvpn/products/pharmaceutical-packaging-boxes/,0,,VALID_EXISTING_URL
752,"CUSTOM PILL PACKAGING BOX",http://localhost/hopgiayvpn/product/custom-pill-packaging-box/,related_product,829,"Custom Vial Boxes for Glass Vials, Ampoules and Lab Samples",http://localhost/hopgiayvpn/product/custom-vial-packaging-box/,"custom vial boxes for glass vials, ampoules and lab samples","Same category with a different packed product, structure or support option.","After the structure/opening section.",200,http://localhost/hopgiayvpn/product/custom-vial-packaging-box/,0,,VALID_EXISTING_URL
752,"CUSTOM PILL PACKAGING BOX",http://localhost/hopgiayvpn/product/custom-pill-packaging-box/,related_product,426,"CUSTOM MEDICAL KIT PACKAGING BOX",http://localhost/hopgiayvpn/product/custom-medical-kit-packaging-box/,"custom medical kit packaging box","Same category with a different packed product, structure or support option.","After the insert, material or use-case section.",200,http://localhost/hopgiayvpn/product/custom-medical-kit-packaging-box/,0,,VALID_EXISTING_URL
752,"CUSTOM PILL PACKAGING BOX",http://localhost/hopgiayvpn/product/custom-pill-packaging-box/,related_product,815,"CUSTOM TABLET PACKAGING BOX",http://localhost/hopgiayvpn/product/custom-tablet-packaging-box/,"custom tablet packaging box","Source-backed overlap in packed product/use and box structure.","After the insert, material or use-case section.",200,http://localhost/hopgiayvpn/product/custom-tablet-packaging-box/,0,,VALID_EXISTING_URL
752,"CUSTOM PILL PACKAGING BOX",http://localhost/hopgiayvpn/product/custom-pill-packaging-box/,supporting_guide,587,"How to Choose the Right Paper Material for Custom Paper Boxes",http://localhost/hopgiayvpn/paper-materials-for-custom-paper-boxes/,"how to choose the right paper material for custom paper boxes","Existing guide matches the product structure, material, insert or industry-use vocabulary.","Inside the relevant structure/material paragraph.",200,http://localhost/hopgiayvpn/paper-materials-for-custom-paper-boxes/,0,,VALID_EXISTING_URL
757,"CUSTOM PRINTED CORRUGATED PET FOOD BOX",http://localhost/hopgiayvpn/product/custom-printed-corrugated-pet-food-box/,category_hub,,"Food Paper Boxes",http://localhost/hopgiayvpn/products/food-paper-boxes/,"food paper boxes","Connect the product to its most specific existing category hub.","Product introduction or breadcrumb-support paragraph.",200,http://localhost/hopgiayvpn/products/food-paper-boxes/,0,,VALID_EXISTING_URL
757,"CUSTOM PRINTED CORRUGATED PET FOOD BOX",http://localhost/hopgiayvpn/product/custom-printed-corrugated-pet-food-box/,related_product,5952,"CUSTOM CORRUGATED FOOD DELIVERY BOX",http://localhost/hopgiayvpn/product/custom-corrugated-food-delivery-box/,"custom corrugated food delivery box","Same category with a different packed product, structure or support option.","After the structure/opening section.",200,http://localhost/hopgiayvpn/product/custom-corrugated-food-delivery-box/,0,,VALID_EXISTING_URL
757,"CUSTOM PRINTED CORRUGATED PET FOOD BOX",http://localhost/hopgiayvpn/product/custom-printed-corrugated-pet-food-box/,related_product,244,"Custom Tea Gift Box with Window",http://localhost/hopgiayvpn/product/custom-tea-gift-box-with-window/,"custom tea gift box with window","Same category with a different packed product, structure or support option.","After the insert, material or use-case section.",200,http://localhost/hopgiayvpn/product/custom-tea-gift-box-with-window/,0,,VALID_EXISTING_URL
757,"CUSTOM PRINTED CORRUGATED PET FOOD BOX",http://localhost/hopgiayvpn/product/custom-printed-corrugated-pet-food-box/,related_product,738,"CUSTOM MUG PACKAGING BOX WITH WINDOW",http://localhost/hopgiayvpn/product/custom-mug-packaging-box-with-window/,"custom mug packaging box with window","Same category with a different packed product, structure or support option.","After the insert, material or use-case section.",200,http://localhost/hopgiayvpn/product/custom-mug-packaging-box-with-window/,0,,VALID_EXISTING_URL
757,"CUSTOM PRINTED CORRUGATED PET FOOD BOX",http://localhost/hopgiayvpn/product/custom-printed-corrugated-pet-food-box/,supporting_guide,587,"How to Choose the Right Paper Material for Custom Paper Boxes",http://localhost/hopgiayvpn/paper-materials-for-custom-paper-boxes/,"how to choose the right paper material for custom paper boxes","Existing guide matches the product structure, material, insert or industry-use vocabulary.","Inside the relevant structure/material paragraph.",200,http://localhost/hopgiayvpn/paper-materials-for-custom-paper-boxes/,0,,VALID_EXISTING_URL
762,"CUSTOM RIGID GIFT BOX",http://localhost/hopgiayvpn/product/custom-rigid-gift-box/,category_hub,,"Magnetic Closure Boxes",http://localhost/hopgiayvpn/products/magnetic-closure-boxes/,"magnetic closure boxes","Connect the product to its most specific existing category hub.","Product introduction or breadcrumb-support paragraph.",200,http://localhost/hopgiayvpn/products/magnetic-closure-boxes/,0,,VALID_EXISTING_URL
762,"CUSTOM RIGID GIFT BOX",http://localhost/hopgiayvpn/product/custom-rigid-gift-box/,related_product,422,"CUSTOM MAGNETIC GIFT BOX",http://localhost/hopgiayvpn/product/custom-magnetic-gift-box/,"custom magnetic gift box","Same category with a different packed product, structure or support option.","After the structure/opening section.",200,http://localhost/hopgiayvpn/product/custom-magnetic-gift-box/,0,,VALID_EXISTING_URL
762,"CUSTOM RIGID GIFT BOX",http://localhost/hopgiayvpn/product/custom-rigid-gift-box/,related_product,401,"Custom Magnetic Closure Gift Box",http://localhost/hopgiayvpn/product/custom-magnetic-closure-gift-box/,"custom magnetic closure gift box","Same category with a different packed product, structure or support option.","After the insert, material or use-case section.",200,http://localhost/hopgiayvpn/product/custom-magnetic-closure-gift-box/,0,,VALID_EXISTING_URL
762,"CUSTOM RIGID GIFT BOX",http://localhost/hopgiayvpn/product/custom-rigid-gift-box/,related_product,397,"Custom Magnetic Gift Box with Insert Tray",http://localhost/hopgiayvpn/product/custom-magnetic-gift-box-with-insert-tray/,"custom magnetic gift box with insert tray","Same category with a different packed product, structure or support option.","After the insert, material or use-case section.",200,http://localhost/hopgiayvpn/product/custom-magnetic-gift-box-with-insert-tray/,0,,VALID_EXISTING_URL
762,"CUSTOM RIGID GIFT BOX",http://localhost/hopgiayvpn/product/custom-rigid-gift-box/,supporting_guide,587,"How to Choose the Right Paper Material for Custom Paper Boxes",http://localhost/hopgiayvpn/paper-materials-for-custom-paper-boxes/,"how to choose the right paper material for custom paper boxes","Existing guide matches the product structure, material, insert or industry-use vocabulary.","Inside the relevant structure/material paragraph.",200,http://localhost/hopgiayvpn/paper-materials-for-custom-paper-boxes/,0,,VALID_EXISTING_URL
767,"CUSTOM SINGLE WINE BOTTLE GIFT BOX",http://localhost/hopgiayvpn/product/custom-single-wine-bottle-gift-box/,category_hub,,"Wine and Premium Drink Packaging",http://localhost/hopgiayvpn/products/wine-premium-drink-packaging/,"wine and premium drink packaging","Connect the product to its most specific existing category hub.","Product introduction or breadcrumb-support paragraph.",200,http://localhost/hopgiayvpn/products/wine-premium-drink-packaging/,0,,VALID_EXISTING_URL
767,"CUSTOM SINGLE WINE BOTTLE GIFT BOX",http://localhost/hopgiayvpn/product/custom-single-wine-bottle-gift-box/,related_product,779,"CUSTOM DOUBLE WINE BOTTLE GIFT BOX",http://localhost/hopgiayvpn/product/custom-double-wine-bottle-gift-box/,"custom double wine bottle gift box","Same category with a different packed product, structure or support option.","After the structure/opening section.",200,http://localhost/hopgiayvpn/product/custom-double-wine-bottle-gift-box/,0,,VALID_EXISTING_URL
767,"CUSTOM SINGLE WINE BOTTLE GIFT BOX",http://localhost/hopgiayvpn/product/custom-single-wine-bottle-gift-box/,related_product,840,"CUSTOM WINE BOTTLE PACKAGING BOX",http://localhost/hopgiayvpn/product/custom-wine-bottle-packaging-box/,"custom wine bottle packaging box","Same category with a different packed product, structure or support option.","After the insert, material or use-case section.",200,http://localhost/hopgiayvpn/product/custom-wine-bottle-packaging-box/,0,,VALID_EXISTING_URL
767,"CUSTOM SINGLE WINE BOTTLE GIFT BOX",http://localhost/hopgiayvpn/product/custom-single-wine-bottle-gift-box/,related_product,835,"CUSTOM WINE BOTTLE GIFT BOX WITH PAPER BAG",http://localhost/hopgiayvpn/product/custom-wine-bottle-gift-box-with-paper-bag/,"custom wine bottle gift box with paper bag","Same category with a different packed product, structure or support option.","After the insert, material or use-case section.",200,http://localhost/hopgiayvpn/product/custom-wine-bottle-gift-box-with-paper-bag/,0,,VALID_EXISTING_URL
767,"CUSTOM SINGLE WINE BOTTLE GIFT BOX",http://localhost/hopgiayvpn/product/custom-single-wine-bottle-gift-box/,supporting_guide,587,"How to Choose the Right Paper Material for Custom Paper Boxes",http://localhost/hopgiayvpn/paper-materials-for-custom-paper-boxes/,"how to choose the right paper material for custom paper boxes","Existing guide matches the product structure, material, insert or industry-use vocabulary.","Inside the relevant structure/material paragraph.",200,http://localhost/hopgiayvpn/paper-materials-for-custom-paper-boxes/,0,,VALID_EXISTING_URL
769,"CUSTOM AMPOULE PACKAGING BOX",http://localhost/hopgiayvpn/product/custom-ampoule-packaging-box/,category_hub,,"Cosmetic Paper Boxes",http://localhost/hopgiayvpn/products/cosmetic-paper-boxes/,"cosmetic paper boxes","Connect the product to its most specific existing category hub.","Product introduction or breadcrumb-support paragraph.",200,http://localhost/hopgiayvpn/products/cosmetic-paper-boxes/,0,,VALID_EXISTING_URL
769,"CUSTOM AMPOULE PACKAGING BOX",http://localhost/hopgiayvpn/product/custom-ampoule-packaging-box/,related_product,773,"CUSTOM COSMETIC PACKAGING BOX",http://localhost/hopgiayvpn/product/custom-cosmetic-packaging-box/,"custom cosmetic packaging box","Same category with a different packed product, structure or support option.","After the structure/opening section.",200,http://localhost/hopgiayvpn/product/custom-cosmetic-packaging-box/,0,,VALID_EXISTING_URL
769,"CUSTOM AMPOULE PACKAGING BOX",http://localhost/hopgiayvpn/product/custom-ampoule-packaging-box/,related_product,340,"Custom Cosmetic Drawer Box with Insert",http://localhost/hopgiayvpn/product/custom-cosmetic-drawer-box-with-insert/,"custom cosmetic drawer box with insert","Same category with a different packed product, structure or support option.","After the insert, material or use-case section.",200,http://localhost/hopgiayvpn/product/custom-cosmetic-drawer-box-with-insert/,0,,VALID_EXISTING_URL
769,"CUSTOM AMPOULE PACKAGING BOX",http://localhost/hopgiayvpn/product/custom-ampoule-packaging-box/,related_product,774,"CUSTOM COSMETIC PAPER BAG",http://localhost/hopgiayvpn/product/custom-cosmetic-paper-bag/,"custom cosmetic paper bag","Same category with a different packed product, structure or support option.","After the insert, material or use-case section.",200,http://localhost/hopgiayvpn/product/custom-cosmetic-paper-bag/,0,,VALID_EXISTING_URL
769,"CUSTOM AMPOULE PACKAGING BOX",http://localhost/hopgiayvpn/product/custom-ampoule-packaging-box/,supporting_guide,587,"How to Choose the Right Paper Material for Custom Paper Boxes",http://localhost/hopgiayvpn/paper-materials-for-custom-paper-boxes/,"how to choose the right paper material for custom paper boxes","Existing guide matches the product structure, material, insert or industry-use vocabulary.","Inside the relevant structure/material paragraph.",200,http://localhost/hopgiayvpn/paper-materials-for-custom-paper-boxes/,0,,VALID_EXISTING_URL
770,"CUSTOM CHARGING CABLE PACKAGING BOX",http://localhost/hopgiayvpn/product/custom-charging-cable-packaging-box/,category_hub,,"Electronics Accessories Packaging",http://localhost/hopgiayvpn/products/electronics-accessories-packaging/,"electronics accessories packaging","Connect the product to its most specific existing category hub.","Product introduction or breadcrumb-support paragraph.",200,http://localhost/hopgiayvpn/products/electronics-accessories-packaging/,0,,VALID_EXISTING_URL
770,"CUSTOM CHARGING CABLE PACKAGING BOX",http://localhost/hopgiayvpn/product/custom-charging-cable-packaging-box/,related_product,777,"CUSTOM PHONE CASE PACKAGING BOX",http://localhost/hopgiayvpn/product/custom-phone-case-packaging-box/,"custom phone case packaging box","Same category with a different packed product, structure or support option.","After the structure/opening section.",200,http://localhost/hopgiayvpn/product/custom-phone-case-packaging-box/,0,,VALID_EXISTING_URL
770,"CUSTOM CHARGING CABLE PACKAGING BOX",http://localhost/hopgiayvpn/product/custom-charging-cable-packaging-box/,related_product,744,"CUSTOM PHONE PACKAGING BOX",http://localhost/hopgiayvpn/product/custom-phone-packaging-box/,"custom phone packaging box","Same category with a different packed product, structure or support option.","After the insert, material or use-case section.",200,http://localhost/hopgiayvpn/product/custom-phone-packaging-box/,0,,VALID_EXISTING_URL
770,"CUSTOM CHARGING CABLE PACKAGING BOX",http://localhost/hopgiayvpn/product/custom-charging-cable-packaging-box/,related_product,1477,"Custom Electronics Magnetic Closure Box",http://localhost/hopgiayvpn/product/custom-electronics-magnetic-closure-box/,"custom electronics magnetic closure box","Same category with a different packed product, structure or support option.","After the insert, material or use-case section.",200,http://localhost/hopgiayvpn/product/custom-electronics-magnetic-closure-box/,0,,VALID_EXISTING_URL
770,"CUSTOM CHARGING CABLE PACKAGING BOX",http://localhost/hopgiayvpn/product/custom-charging-cable-packaging-box/,supporting_guide,587,"How to Choose the Right Paper Material for Custom Paper Boxes",http://localhost/hopgiayvpn/paper-materials-for-custom-paper-boxes/,"how to choose the right paper material for custom paper boxes","Existing guide matches the product structure, material, insert or industry-use vocabulary.","Inside the relevant structure/material paragraph.",200,http://localhost/hopgiayvpn/paper-materials-for-custom-paper-boxes/,0,,VALID_EXISTING_URL
771,"CUSTOM COLORED PENCIL PACKAGING BOX",http://localhost/hopgiayvpn/product/custom-colored-pencil-packaging-box/,category_hub,,"Back-to-School and Stationery Packaging",http://localhost/hopgiayvpn/products/back-to-school-stationery-packaging/,"back-to-school and stationery packaging","Connect the product to its most specific existing category hub.","Product introduction or breadcrumb-support paragraph.",200,http://localhost/hopgiayvpn/products/back-to-school-stationery-packaging/,0,,VALID_EXISTING_URL
771,"CUSTOM COLORED PENCIL PACKAGING BOX",http://localhost/hopgiayvpn/product/custom-colored-pencil-packaging-box/,related_product,775,"CUSTOM CRAYON PACKAGING BOX",http://localhost/hopgiayvpn/product/custom-crayon-packaging-box/,"custom crayon packaging box","Same category with a different packed product, structure or support option.","After the structure/opening section.",200,http://localhost/hopgiayvpn/product/custom-crayon-packaging-box/,0,,VALID_EXISTING_URL
771,"CUSTOM COLORED PENCIL PACKAGING BOX",http://localhost/hopgiayvpn/product/custom-colored-pencil-packaging-box/,related_product,807,"CUSTOM STATIONERY PACKAGING BOX",http://localhost/hopgiayvpn/product/custom-stationery-packaging-box/,"custom stationery packaging box","Same category with a different packed product, structure or support option.","After the insert, material or use-case section.",200,http://localhost/hopgiayvpn/product/custom-stationery-packaging-box/,0,,VALID_EXISTING_URL
771,"CUSTOM COLORED PENCIL PACKAGING BOX",http://localhost/hopgiayvpn/product/custom-colored-pencil-packaging-box/,related_product,781,"CUSTOM FOUNTAIN PEN GIFT BOX",http://localhost/hopgiayvpn/product/custom-fountain-pen-gift-box/,"custom fountain pen gift box","Same category with a different packed product, structure or support option.","After the insert, material or use-case section.",200,http://localhost/hopgiayvpn/product/custom-fountain-pen-gift-box/,0,,VALID_EXISTING_URL
771,"CUSTOM COLORED PENCIL PACKAGING BOX",http://localhost/hopgiayvpn/product/custom-colored-pencil-packaging-box/,supporting_guide,587,"How to Choose the Right Paper Material for Custom Paper Boxes",http://localhost/hopgiayvpn/paper-materials-for-custom-paper-boxes/,"how to choose the right paper material for custom paper boxes","Existing guide matches the product structure, material, insert or industry-use vocabulary.","Inside the relevant structure/material paragraph.",200,http://localhost/hopgiayvpn/paper-materials-for-custom-paper-boxes/,0,,VALID_EXISTING_URL
773,"CUSTOM COSMETIC PACKAGING BOX",http://localhost/hopgiayvpn/product/custom-cosmetic-packaging-box/,category_hub,,"Cosmetic Paper Boxes",http://localhost/hopgiayvpn/products/cosmetic-paper-boxes/,"cosmetic paper boxes","Connect the product to its most specific existing category hub.","Product introduction or breadcrumb-support paragraph.",200,http://localhost/hopgiayvpn/products/cosmetic-paper-boxes/,0,,VALID_EXISTING_URL
773,"CUSTOM COSMETIC PACKAGING BOX",http://localhost/hopgiayvpn/product/custom-cosmetic-packaging-box/,related_product,774,"CUSTOM COSMETIC PAPER BAG",http://localhost/hopgiayvpn/product/custom-cosmetic-paper-bag/,"custom cosmetic paper bag","Same category with a different packed product, structure or support option.","After the structure/opening section.",200,http://localhost/hopgiayvpn/product/custom-cosmetic-paper-bag/,0,,VALID_EXISTING_URL
773,"CUSTOM COSMETIC PACKAGING BOX",http://localhost/hopgiayvpn/product/custom-cosmetic-packaging-box/,related_product,769,"CUSTOM AMPOULE PACKAGING BOX",http://localhost/hopgiayvpn/product/custom-ampoule-packaging-box/,"custom ampoule packaging box","Same category with a different packed product, structure or support option.","After the insert, material or use-case section.",200,http://localhost/hopgiayvpn/product/custom-ampoule-packaging-box/,0,,VALID_EXISTING_URL
773,"CUSTOM COSMETIC PACKAGING BOX",http://localhost/hopgiayvpn/product/custom-cosmetic-packaging-box/,related_product,340,"Custom Cosmetic Drawer Box with Insert",http://localhost/hopgiayvpn/product/custom-cosmetic-drawer-box-with-insert/,"custom cosmetic drawer box with insert","Same category with a different packed product, structure or support option.","After the insert, material or use-case section.",200,http://localhost/hopgiayvpn/product/custom-cosmetic-drawer-box-with-insert/,0,,VALID_EXISTING_URL
773,"CUSTOM COSMETIC PACKAGING BOX",http://localhost/hopgiayvpn/product/custom-cosmetic-packaging-box/,supporting_guide,587,"How to Choose the Right Paper Material for Custom Paper Boxes",http://localhost/hopgiayvpn/paper-materials-for-custom-paper-boxes/,"how to choose the right paper material for custom paper boxes","Existing guide matches the product structure, material, insert or industry-use vocabulary.","Inside the relevant structure/material paragraph.",200,http://localhost/hopgiayvpn/paper-materials-for-custom-paper-boxes/,0,,VALID_EXISTING_URL
773,"CUSTOM COSMETIC PACKAGING BOX",http://localhost/hopgiayvpn/product/custom-cosmetic-packaging-box/,supporting_guide,852,"Types of Cosmetic Packaging: Practical Guide for Beauty Brands",http://localhost/hopgiayvpn/types-of-cosmetic-packaging/,"types of cosmetic packaging: practical guide for beauty brands","Existing guide matches the product structure, material, insert or industry-use vocabulary.","Near the quote-preparation or sampling checklist.",200,http://localhost/hopgiayvpn/types-of-cosmetic-packaging/,0,,VALID_EXISTING_URL
774,"CUSTOM COSMETIC PAPER BAG",http://localhost/hopgiayvpn/product/custom-cosmetic-paper-bag/,category_hub,,"Cosmetic Paper Boxes",http://localhost/hopgiayvpn/products/cosmetic-paper-boxes/,"cosmetic paper boxes","Connect the product to its most specific existing category hub.","Product introduction or breadcrumb-support paragraph.",200,http://localhost/hopgiayvpn/products/cosmetic-paper-boxes/,0,,VALID_EXISTING_URL
774,"CUSTOM COSMETIC PAPER BAG",http://localhost/hopgiayvpn/product/custom-cosmetic-paper-bag/,related_product,773,"CUSTOM COSMETIC PACKAGING BOX",http://localhost/hopgiayvpn/product/custom-cosmetic-packaging-box/,"custom cosmetic packaging box","Same category with a different packed product, structure or support option.","After the structure/opening section.",200,http://localhost/hopgiayvpn/product/custom-cosmetic-packaging-box/,0,,VALID_EXISTING_URL
774,"CUSTOM COSMETIC PAPER BAG",http://localhost/hopgiayvpn/product/custom-cosmetic-paper-bag/,related_product,1473,"Custom Perfume Magnetic Closure Box",http://localhost/hopgiayvpn/product/custom-perfume-magnetic-closure-box/,"custom perfume magnetic closure box","Same category with a different packed product, structure or support option.","After the insert, material or use-case section.",200,http://localhost/hopgiayvpn/product/custom-perfume-magnetic-closure-box/,0,,VALID_EXISTING_URL
774,"CUSTOM COSMETIC PAPER BAG",http://localhost/hopgiayvpn/product/custom-cosmetic-paper-bag/,related_product,340,"Custom Cosmetic Drawer Box with Insert",http://localhost/hopgiayvpn/product/custom-cosmetic-drawer-box-with-insert/,"custom cosmetic drawer box with insert","Same category with a different packed product, structure or support option.","After the insert, material or use-case section.",200,http://localhost/hopgiayvpn/product/custom-cosmetic-drawer-box-with-insert/,0,,VALID_EXISTING_URL
774,"CUSTOM COSMETIC PAPER BAG",http://localhost/hopgiayvpn/product/custom-cosmetic-paper-bag/,supporting_guide,587,"How to Choose the Right Paper Material for Custom Paper Boxes",http://localhost/hopgiayvpn/paper-materials-for-custom-paper-boxes/,"how to choose the right paper material for custom paper boxes","Existing guide matches the product structure, material, insert or industry-use vocabulary.","Inside the relevant structure/material paragraph.",200,http://localhost/hopgiayvpn/paper-materials-for-custom-paper-boxes/,0,,VALID_EXISTING_URL
774,"CUSTOM COSMETIC PAPER BAG",http://localhost/hopgiayvpn/product/custom-cosmetic-paper-bag/,supporting_guide,852,"Types of Cosmetic Packaging: Practical Guide for Beauty Brands",http://localhost/hopgiayvpn/types-of-cosmetic-packaging/,"types of cosmetic packaging: practical guide for beauty brands","Existing guide matches the product structure, material, insert or industry-use vocabulary.","Near the quote-preparation or sampling checklist.",200,http://localhost/hopgiayvpn/types-of-cosmetic-packaging/,0,,VALID_EXISTING_URL
775,"CUSTOM CRAYON PACKAGING BOX",http://localhost/hopgiayvpn/product/custom-crayon-packaging-box/,category_hub,,"Back-to-School and Stationery Packaging",http://localhost/hopgiayvpn/products/back-to-school-stationery-packaging/,"back-to-school and stationery packaging","Connect the product to its most specific existing category hub.","Product introduction or breadcrumb-support paragraph.",200,http://localhost/hopgiayvpn/products/back-to-school-stationery-packaging/,0,,VALID_EXISTING_URL
775,"CUSTOM CRAYON PACKAGING BOX",http://localhost/hopgiayvpn/product/custom-crayon-packaging-box/,related_product,771,"CUSTOM COLORED PENCIL PACKAGING BOX",http://localhost/hopgiayvpn/product/custom-colored-pencil-packaging-box/,"custom colored pencil packaging box","Same category with a different packed product, structure or support option.","After the structure/opening section.",200,http://localhost/hopgiayvpn/product/custom-colored-pencil-packaging-box/,0,,VALID_EXISTING_URL
775,"CUSTOM CRAYON PACKAGING BOX",http://localhost/hopgiayvpn/product/custom-crayon-packaging-box/,related_product,807,"CUSTOM STATIONERY PACKAGING BOX",http://localhost/hopgiayvpn/product/custom-stationery-packaging-box/,"custom stationery packaging box","Same category with a different packed product, structure or support option.","After the insert, material or use-case section.",200,http://localhost/hopgiayvpn/product/custom-stationery-packaging-box/,0,,VALID_EXISTING_URL
775,"CUSTOM CRAYON PACKAGING BOX",http://localhost/hopgiayvpn/product/custom-crayon-packaging-box/,related_product,781,"CUSTOM FOUNTAIN PEN GIFT BOX",http://localhost/hopgiayvpn/product/custom-fountain-pen-gift-box/,"custom fountain pen gift box","Same category with a different packed product, structure or support option.","After the insert, material or use-case section.",200,http://localhost/hopgiayvpn/product/custom-fountain-pen-gift-box/,0,,VALID_EXISTING_URL
775,"CUSTOM CRAYON PACKAGING BOX",http://localhost/hopgiayvpn/product/custom-crayon-packaging-box/,supporting_guide,587,"How to Choose the Right Paper Material for Custom Paper Boxes",http://localhost/hopgiayvpn/paper-materials-for-custom-paper-boxes/,"how to choose the right paper material for custom paper boxes","Existing guide matches the product structure, material, insert or industry-use vocabulary.","Inside the relevant structure/material paragraph.",200,http://localhost/hopgiayvpn/paper-materials-for-custom-paper-boxes/,0,,VALID_EXISTING_URL
776,"CUSTOM DINNERWARE PACKAGING BOX",http://localhost/hopgiayvpn/product/custom-dinnerware-packaging-box/,category_hub,,"Home and Lifestyle Packaging",http://localhost/hopgiayvpn/products/home-lifestyle-packaging/,"home and lifestyle packaging","Connect the product to its most specific existing category hub.","Product introduction or breadcrumb-support paragraph.",200,http://localhost/hopgiayvpn/products/home-lifestyle-packaging/,0,,VALID_EXISTING_URL
776,"CUSTOM DINNERWARE PACKAGING BOX",http://localhost/hopgiayvpn/product/custom-dinnerware-packaging-box/,related_product,782,"CUSTOM KNIFE SET PACKAGING BOX",http://localhost/hopgiayvpn/product/custom-knife-set-packaging-box/,"custom knife set packaging box","Same category with a different packed product, structure or support option.","After the structure/opening section.",200,http://localhost/hopgiayvpn/product/custom-knife-set-packaging-box/,0,,VALID_EXISTING_URL
776,"CUSTOM DINNERWARE PACKAGING BOX",http://localhost/hopgiayvpn/product/custom-dinnerware-packaging-box/,related_product,821,"CUSTOM THERMOS BOTTLE PACKAGING BOX",http://localhost/hopgiayvpn/product/custom-thermos-bottle-packaging-box/,"custom thermos bottle packaging box","Same category with a different packed product, structure or support option.","After the insert, material or use-case section.",200,http://localhost/hopgiayvpn/product/custom-thermos-bottle-packaging-box/,0,,VALID_EXISTING_URL
776,"CUSTOM DINNERWARE PACKAGING BOX",http://localhost/hopgiayvpn/product/custom-dinnerware-packaging-box/,supporting_guide,587,"How to Choose the Right Paper Material for Custom Paper Boxes",http://localhost/hopgiayvpn/paper-materials-for-custom-paper-boxes/,"how to choose the right paper material for custom paper boxes","Existing guide matches the product structure, material, insert or industry-use vocabulary.","Inside the relevant structure/material paragraph.",200,http://localhost/hopgiayvpn/paper-materials-for-custom-paper-boxes/,0,,VALID_EXISTING_URL
777,"CUSTOM PHONE CASE PACKAGING BOX",http://localhost/hopgiayvpn/product/custom-phone-case-packaging-box/,category_hub,,"Electronics Accessories Packaging",http://localhost/hopgiayvpn/products/electronics-accessories-packaging/,"electronics accessories packaging","Connect the product to its most specific existing category hub.","Product introduction or breadcrumb-support paragraph.",200,http://localhost/hopgiayvpn/products/electronics-accessories-packaging/,0,,VALID_EXISTING_URL
777,"CUSTOM PHONE CASE PACKAGING BOX",http://localhost/hopgiayvpn/product/custom-phone-case-packaging-box/,related_product,770,"CUSTOM CHARGING CABLE PACKAGING BOX",http://localhost/hopgiayvpn/product/custom-charging-cable-packaging-box/,"custom charging cable packaging box","Same category with a different packed product, structure or support option.","After the structure/opening section.",200,http://localhost/hopgiayvpn/product/custom-charging-cable-packaging-box/,0,,VALID_EXISTING_URL
777,"CUSTOM PHONE CASE PACKAGING BOX",http://localhost/hopgiayvpn/product/custom-phone-case-packaging-box/,related_product,744,"CUSTOM PHONE PACKAGING BOX",http://localhost/hopgiayvpn/product/custom-phone-packaging-box/,"custom phone packaging box","Same category with a different packed product, structure or support option.","After the insert, material or use-case section.",200,http://localhost/hopgiayvpn/product/custom-phone-packaging-box/,0,,VALID_EXISTING_URL
777,"CUSTOM PHONE CASE PACKAGING BOX",http://localhost/hopgiayvpn/product/custom-phone-case-packaging-box/,related_product,1477,"Custom Electronics Magnetic Closure Box",http://localhost/hopgiayvpn/product/custom-electronics-magnetic-closure-box/,"custom electronics magnetic closure box","Same category with a different packed product, structure or support option.","After the insert, material or use-case section.",200,http://localhost/hopgiayvpn/product/custom-electronics-magnetic-closure-box/,0,,VALID_EXISTING_URL
777,"CUSTOM PHONE CASE PACKAGING BOX",http://localhost/hopgiayvpn/product/custom-phone-case-packaging-box/,supporting_guide,587,"How to Choose the Right Paper Material for Custom Paper Boxes",http://localhost/hopgiayvpn/paper-materials-for-custom-paper-boxes/,"how to choose the right paper material for custom paper boxes","Existing guide matches the product structure, material, insert or industry-use vocabulary.","Inside the relevant structure/material paragraph.",200,http://localhost/hopgiayvpn/paper-materials-for-custom-paper-boxes/,0,,VALID_EXISTING_URL
778,"CUSTOM SUPPLEMENT DRAWER PACKAGING BOX",http://localhost/hopgiayvpn/product/custom-supplement-drawer-packaging-box/,category_hub,,"Supplement Packaging Boxes",http://localhost/hopgiayvpn/products/supplement-packaging-boxes/,"supplement packaging boxes","Connect the product to its most specific existing category hub.","Product introduction or breadcrumb-support paragraph.",200,http://localhost/hopgiayvpn/products/supplement-packaging-boxes/,0,,VALID_EXISTING_URL
778,"CUSTOM SUPPLEMENT DRAWER PACKAGING BOX",http://localhost/hopgiayvpn/product/custom-supplement-drawer-packaging-box/,related_product,783,"CUSTOM KRAFT PAPER BAG FOR SUPPLEMENT PACKAGING",http://localhost/hopgiayvpn/product/custom-kraft-paper-bag-for-supplement-packaging/,"custom kraft paper bag for supplement packaging","Same category with a different packed product, structure or support option.","After the structure/opening section.",200,http://localhost/hopgiayvpn/product/custom-kraft-paper-bag-for-supplement-packaging/,0,,VALID_EXISTING_URL
778,"CUSTOM SUPPLEMENT DRAWER PACKAGING BOX",http://localhost/hopgiayvpn/product/custom-supplement-drawer-packaging-box/,related_product,815,"CUSTOM TABLET PACKAGING BOX",http://localhost/hopgiayvpn/product/custom-tablet-packaging-box/,"custom tablet packaging box","Same category with a different packed product, structure or support option.","After the insert, material or use-case section.",200,http://localhost/hopgiayvpn/product/custom-tablet-packaging-box/,0,,VALID_EXISTING_URL
778,"CUSTOM SUPPLEMENT DRAWER PACKAGING BOX",http://localhost/hopgiayvpn/product/custom-supplement-drawer-packaging-box/,supporting_guide,587,"How to Choose the Right Paper Material for Custom Paper Boxes",http://localhost/hopgiayvpn/paper-materials-for-custom-paper-boxes/,"how to choose the right paper material for custom paper boxes","Existing guide matches the product structure, material, insert or industry-use vocabulary.","Inside the relevant structure/material paragraph.",200,http://localhost/hopgiayvpn/paper-materials-for-custom-paper-boxes/,0,,VALID_EXISTING_URL
779,"CUSTOM DOUBLE WINE BOTTLE GIFT BOX",http://localhost/hopgiayvpn/product/custom-double-wine-bottle-gift-box/,category_hub,,"Wine and Premium Drink Packaging",http://localhost/hopgiayvpn/products/wine-premium-drink-packaging/,"wine and premium drink packaging","Connect the product to its most specific existing category hub.","Product introduction or breadcrumb-support paragraph.",200,http://localhost/hopgiayvpn/products/wine-premium-drink-packaging/,0,,VALID_EXISTING_URL
779,"CUSTOM DOUBLE WINE BOTTLE GIFT BOX",http://localhost/hopgiayvpn/product/custom-double-wine-bottle-gift-box/,related_product,767,"CUSTOM SINGLE WINE BOTTLE GIFT BOX",http://localhost/hopgiayvpn/product/custom-single-wine-bottle-gift-box/,"custom single wine bottle gift box","Same category with a different packed product, structure or support option.","After the structure/opening section.",200,http://localhost/hopgiayvpn/product/custom-single-wine-bottle-gift-box/,0,,VALID_EXISTING_URL
779,"CUSTOM DOUBLE WINE BOTTLE GIFT BOX",http://localhost/hopgiayvpn/product/custom-double-wine-bottle-gift-box/,related_product,835,"CUSTOM WINE BOTTLE GIFT BOX WITH PAPER BAG",http://localhost/hopgiayvpn/product/custom-wine-bottle-gift-box-with-paper-bag/,"custom wine bottle gift box with paper bag","Same category with a different packed product, structure or support option.","After the insert, material or use-case section.",200,http://localhost/hopgiayvpn/product/custom-wine-bottle-gift-box-with-paper-bag/,0,,VALID_EXISTING_URL
779,"CUSTOM DOUBLE WINE BOTTLE GIFT BOX",http://localhost/hopgiayvpn/product/custom-double-wine-bottle-gift-box/,related_product,840,"CUSTOM WINE BOTTLE PACKAGING BOX",http://localhost/hopgiayvpn/product/custom-wine-bottle-packaging-box/,"custom wine bottle packaging box","Same category with a different packed product, structure or support option.","After the insert, material or use-case section.",200,http://localhost/hopgiayvpn/product/custom-wine-bottle-packaging-box/,0,,VALID_EXISTING_URL
779,"CUSTOM DOUBLE WINE BOTTLE GIFT BOX",http://localhost/hopgiayvpn/product/custom-double-wine-bottle-gift-box/,supporting_guide,587,"How to Choose the Right Paper Material for Custom Paper Boxes",http://localhost/hopgiayvpn/paper-materials-for-custom-paper-boxes/,"how to choose the right paper material for custom paper boxes","Existing guide matches the product structure, material, insert or industry-use vocabulary.","Inside the relevant structure/material paragraph.",200,http://localhost/hopgiayvpn/paper-materials-for-custom-paper-boxes/,0,,VALID_EXISTING_URL
780,"CUSTOM DRAWER GIFT BOX",http://localhost/hopgiayvpn/product/custom-drawer-gift-box/,category_hub,,"Drawer Boxes",http://localhost/hopgiayvpn/products/drawer-boxes/,"drawer boxes","Connect the product to its most specific existing category hub.","Product introduction or breadcrumb-support paragraph.",200,http://localhost/hopgiayvpn/products/drawer-boxes/,0,,VALID_EXISTING_URL
780,"CUSTOM DRAWER GIFT BOX",http://localhost/hopgiayvpn/product/custom-drawer-gift-box/,related_product,245,"Custom Apparel Drawer Box with Ribbon Pull",http://localhost/hopgiayvpn/product/custom-apparel-drawer-box-with-ribbon-pull/,"custom apparel drawer box with ribbon pull","Same category with a different packed product, structure or support option.","After the structure/opening section.",200,http://localhost/hopgiayvpn/product/custom-apparel-drawer-box-with-ribbon-pull/,0,,VALID_EXISTING_URL
780,"CUSTOM DRAWER GIFT BOX",http://localhost/hopgiayvpn/product/custom-drawer-gift-box/,related_product,236,"Custom Wallet Drawer Box",http://localhost/hopgiayvpn/product/custom-wallet-drawer-box/,"custom wallet drawer box","Same category with a different packed product, structure or support option.","After the insert, material or use-case section.",200,http://localhost/hopgiayvpn/product/custom-wallet-drawer-box/,0,,VALID_EXISTING_URL
780,"CUSTOM DRAWER GIFT BOX",http://localhost/hopgiayvpn/product/custom-drawer-gift-box/,related_product,231,"Custom Wine Drawer Box with Insert",http://localhost/hopgiayvpn/product/custom-wine-drawer-box-with-insert/,"custom wine drawer box with insert","Same category with a different packed product, structure or support option.","After the insert, material or use-case section.",200,http://localhost/hopgiayvpn/product/custom-wine-drawer-box-with-insert/,0,,VALID_EXISTING_URL
780,"CUSTOM DRAWER GIFT BOX",http://localhost/hopgiayvpn/product/custom-drawer-gift-box/,supporting_guide,587,"How to Choose the Right Paper Material for Custom Paper Boxes",http://localhost/hopgiayvpn/paper-materials-for-custom-paper-boxes/,"how to choose the right paper material for custom paper boxes","Existing guide matches the product structure, material, insert or industry-use vocabulary.","Inside the relevant structure/material paragraph.",200,http://localhost/hopgiayvpn/paper-materials-for-custom-paper-boxes/,0,,VALID_EXISTING_URL
781,"CUSTOM FOUNTAIN PEN GIFT BOX",http://localhost/hopgiayvpn/product/custom-fountain-pen-gift-box/,category_hub,,"Back-to-School and Stationery Packaging",http://localhost/hopgiayvpn/products/back-to-school-stationery-packaging/,"back-to-school and stationery packaging","Connect the product to its most specific existing category hub.","Product introduction or breadcrumb-support paragraph.",200,http://localhost/hopgiayvpn/products/back-to-school-stationery-packaging/,0,,VALID_EXISTING_URL
781,"CUSTOM FOUNTAIN PEN GIFT BOX",http://localhost/hopgiayvpn/product/custom-fountain-pen-gift-box/,related_product,771,"CUSTOM COLORED PENCIL PACKAGING BOX",http://localhost/hopgiayvpn/product/custom-colored-pencil-packaging-box/,"custom colored pencil packaging box","Same category with a different packed product, structure or support option.","After the structure/opening section.",200,http://localhost/hopgiayvpn/product/custom-colored-pencil-packaging-box/,0,,VALID_EXISTING_URL
781,"CUSTOM FOUNTAIN PEN GIFT BOX",http://localhost/hopgiayvpn/product/custom-fountain-pen-gift-box/,related_product,807,"CUSTOM STATIONERY PACKAGING BOX",http://localhost/hopgiayvpn/product/custom-stationery-packaging-box/,"custom stationery packaging box","Same category with a different packed product, structure or support option.","After the insert, material or use-case section.",200,http://localhost/hopgiayvpn/product/custom-stationery-packaging-box/,0,,VALID_EXISTING_URL
781,"CUSTOM FOUNTAIN PEN GIFT BOX",http://localhost/hopgiayvpn/product/custom-fountain-pen-gift-box/,related_product,775,"CUSTOM CRAYON PACKAGING BOX",http://localhost/hopgiayvpn/product/custom-crayon-packaging-box/,"custom crayon packaging box","Same category with a different packed product, structure or support option.","After the insert, material or use-case section.",200,http://localhost/hopgiayvpn/product/custom-crayon-packaging-box/,0,,VALID_EXISTING_URL
781,"CUSTOM FOUNTAIN PEN GIFT BOX",http://localhost/hopgiayvpn/product/custom-fountain-pen-gift-box/,supporting_guide,587,"How to Choose the Right Paper Material for Custom Paper Boxes",http://localhost/hopgiayvpn/paper-materials-for-custom-paper-boxes/,"how to choose the right paper material for custom paper boxes","Existing guide matches the product structure, material, insert or industry-use vocabulary.","Inside the relevant structure/material paragraph.",200,http://localhost/hopgiayvpn/paper-materials-for-custom-paper-boxes/,0,,VALID_EXISTING_URL
782,"CUSTOM KNIFE SET PACKAGING BOX",http://localhost/hopgiayvpn/product/custom-knife-set-packaging-box/,category_hub,,"Home and Lifestyle Packaging",http://localhost/hopgiayvpn/products/home-lifestyle-packaging/,"home and lifestyle packaging","Connect the product to its most specific existing category hub.","Product introduction or breadcrumb-support paragraph.",200,http://localhost/hopgiayvpn/products/home-lifestyle-packaging/,0,,VALID_EXISTING_URL
782,"CUSTOM KNIFE SET PACKAGING BOX",http://localhost/hopgiayvpn/product/custom-knife-set-packaging-box/,related_product,776,"CUSTOM DINNERWARE PACKAGING BOX",http://localhost/hopgiayvpn/product/custom-dinnerware-packaging-box/,"custom dinnerware packaging box","Same category with a different packed product, structure or support option.","After the structure/opening section.",200,http://localhost/hopgiayvpn/product/custom-dinnerware-packaging-box/,0,,VALID_EXISTING_URL
782,"CUSTOM KNIFE SET PACKAGING BOX",http://localhost/hopgiayvpn/product/custom-knife-set-packaging-box/,related_product,821,"CUSTOM THERMOS BOTTLE PACKAGING BOX",http://localhost/hopgiayvpn/product/custom-thermos-bottle-packaging-box/,"custom thermos bottle packaging box","Same category with a different packed product, structure or support option.","After the insert, material or use-case section.",200,http://localhost/hopgiayvpn/product/custom-thermos-bottle-packaging-box/,0,,VALID_EXISTING_URL
782,"CUSTOM KNIFE SET PACKAGING BOX",http://localhost/hopgiayvpn/product/custom-knife-set-packaging-box/,supporting_guide,587,"How to Choose the Right Paper Material for Custom Paper Boxes",http://localhost/hopgiayvpn/paper-materials-for-custom-paper-boxes/,"how to choose the right paper material for custom paper boxes","Existing guide matches the product structure, material, insert or industry-use vocabulary.","Inside the relevant structure/material paragraph.",200,http://localhost/hopgiayvpn/paper-materials-for-custom-paper-boxes/,0,,VALID_EXISTING_URL
783,"CUSTOM KRAFT PAPER BAG FOR SUPPLEMENT PACKAGING",http://localhost/hopgiayvpn/product/custom-kraft-paper-bag-for-supplement-packaging/,category_hub,,"Supplement Packaging Boxes",http://localhost/hopgiayvpn/products/supplement-packaging-boxes/,"supplement packaging boxes","Connect the product to its most specific existing category hub.","Product introduction or breadcrumb-support paragraph.",200,http://localhost/hopgiayvpn/products/supplement-packaging-boxes/,0,,VALID_EXISTING_URL
783,"CUSTOM KRAFT PAPER BAG FOR SUPPLEMENT PACKAGING",http://localhost/hopgiayvpn/product/custom-kraft-paper-bag-for-supplement-packaging/,related_product,778,"CUSTOM SUPPLEMENT DRAWER PACKAGING BOX",http://localhost/hopgiayvpn/product/custom-supplement-drawer-packaging-box/,"custom supplement drawer packaging box","Same category with a different packed product, structure or support option.","After the structure/opening section.",200,http://localhost/hopgiayvpn/product/custom-supplement-drawer-packaging-box/,0,,VALID_EXISTING_URL
783,"CUSTOM KRAFT PAPER BAG FOR SUPPLEMENT PACKAGING",http://localhost/hopgiayvpn/product/custom-kraft-paper-bag-for-supplement-packaging/,related_product,815,"CUSTOM TABLET PACKAGING BOX",http://localhost/hopgiayvpn/product/custom-tablet-packaging-box/,"custom tablet packaging box","Same category with a different packed product, structure or support option.","After the insert, material or use-case section.",200,http://localhost/hopgiayvpn/product/custom-tablet-packaging-box/,0,,VALID_EXISTING_URL
783,"CUSTOM KRAFT PAPER BAG FOR SUPPLEMENT PACKAGING",http://localhost/hopgiayvpn/product/custom-kraft-paper-bag-for-supplement-packaging/,supporting_guide,587,"How to Choose the Right Paper Material for Custom Paper Boxes",http://localhost/hopgiayvpn/paper-materials-for-custom-paper-boxes/,"how to choose the right paper material for custom paper boxes","Existing guide matches the product structure, material, insert or industry-use vocabulary.","Inside the relevant structure/material paragraph.",200,http://localhost/hopgiayvpn/paper-materials-for-custom-paper-boxes/,0,,VALID_EXISTING_URL
793,"CUSTOM PHONE PACKAGING BOX WITH PAPER BAG",http://localhost/hopgiayvpn/product/custom-phone-packaging-box-with-paper-bag/,category_hub,,"Paper Bags with Logo",http://localhost/hopgiayvpn/products/paper-bags-with-logo/,"paper bags with logo","Connect the product to its most specific existing category hub.","Product introduction or breadcrumb-support paragraph.",200,http://localhost/hopgiayvpn/products/paper-bags-with-logo/,0,,VALID_EXISTING_URL
793,"CUSTOM PHONE PACKAGING BOX WITH PAPER BAG",http://localhost/hopgiayvpn/product/custom-phone-packaging-box-with-paper-bag/,related_product,254,"Custom Rigid Gift Box with Matching Paper Bag",http://localhost/hopgiayvpn/product/custom-rigid-gift-box-with-matching-paper-bag/,"custom rigid gift box with matching paper bag","Same category with a different packed product, structure or support option.","After the structure/opening section.",200,http://localhost/hopgiayvpn/product/custom-rigid-gift-box-with-matching-paper-bag/,0,,VALID_EXISTING_URL
793,"CUSTOM PHONE PACKAGING BOX WITH PAPER BAG",http://localhost/hopgiayvpn/product/custom-phone-packaging-box-with-paper-bag/,related_product,725,"CUSTOM LUXURY GIFT BOX WITH PAPER BAG",http://localhost/hopgiayvpn/product/custom-luxury-gift-box-with-paper-bag/,"custom luxury gift box with paper bag","Same category with a different packed product, structure or support option.","After the insert, material or use-case section.",200,http://localhost/hopgiayvpn/product/custom-luxury-gift-box-with-paper-bag/,0,,VALID_EXISTING_URL
793,"CUSTOM PHONE PACKAGING BOX WITH PAPER BAG",http://localhost/hopgiayvpn/product/custom-phone-packaging-box-with-paper-bag/,related_product,379,"Custom Paper Shopping Bag with Handles",http://localhost/hopgiayvpn/product/custom-paper-shopping-bag-with-handles/,"custom paper shopping bag with handles","Same category with a different packed product, structure or support option.","After the insert, material or use-case section.",200,http://localhost/hopgiayvpn/product/custom-paper-shopping-bag-with-handles/,0,,VALID_EXISTING_URL
793,"CUSTOM PHONE PACKAGING BOX WITH PAPER BAG",http://localhost/hopgiayvpn/product/custom-phone-packaging-box-with-paper-bag/,supporting_guide,587,"How to Choose the Right Paper Material for Custom Paper Boxes",http://localhost/hopgiayvpn/paper-materials-for-custom-paper-boxes/,"how to choose the right paper material for custom paper boxes","Existing guide matches the product structure, material, insert or industry-use vocabulary.","Inside the relevant structure/material paragraph.",200,http://localhost/hopgiayvpn/paper-materials-for-custom-paper-boxes/,0,,VALID_EXISTING_URL
793,"CUSTOM PHONE PACKAGING BOX WITH PAPER BAG",http://localhost/hopgiayvpn/product/custom-phone-packaging-box-with-paper-bag/,supporting_guide,7133,"How Paper Bags Support Retail Paper Packaging Systems",http://localhost/hopgiayvpn/how-paper-bags-support-retail-packaging/,"how paper bags support retail paper packaging systems","Existing guide matches the product structure, material, insert or industry-use vocabulary.","Near the quote-preparation or sampling checklist.",200,http://localhost/hopgiayvpn/how-paper-bags-support-retail-packaging/,0,,VALID_EXISTING_URL
794,"CUSTOM RED PAPER SHOPPING BAG",http://localhost/hopgiayvpn/product/custom-red-paper-shopping-bag/,category_hub,,"Paper Bags with Logo",http://localhost/hopgiayvpn/products/paper-bags-with-logo/,"paper bags with logo","Connect the product to its most specific existing category hub.","Product introduction or breadcrumb-support paragraph.",200,http://localhost/hopgiayvpn/products/paper-bags-with-logo/,0,,VALID_EXISTING_URL
794,"CUSTOM RED PAPER SHOPPING BAG",http://localhost/hopgiayvpn/product/custom-red-paper-shopping-bag/,related_product,7181,"CUSTOM WHITE PAPER SHOPPING BAG WITH BROWN ROPE HANDLES",http://localhost/hopgiayvpn/product/custom-white-paper-shopping-bag-with-brown-rope-handles/,"custom white paper shopping bag with brown rope handles","Same category with a different packed product, structure or support option.","After the structure/opening section.",200,http://localhost/hopgiayvpn/product/custom-white-paper-shopping-bag-with-brown-rope-handles/,0,,VALID_EXISTING_URL
794,"CUSTOM RED PAPER SHOPPING BAG",http://localhost/hopgiayvpn/product/custom-red-paper-shopping-bag/,related_product,379,"Custom Paper Shopping Bag with Handles",http://localhost/hopgiayvpn/product/custom-paper-shopping-bag-with-handles/,"custom paper shopping bag with handles","Same category with a different packed product, structure or support option.","After the insert, material or use-case section.",200,http://localhost/hopgiayvpn/product/custom-paper-shopping-bag-with-handles/,0,,VALID_EXISTING_URL
794,"CUSTOM RED PAPER SHOPPING BAG",http://localhost/hopgiayvpn/product/custom-red-paper-shopping-bag/,related_product,7187,"CUSTOM RUST PAPER SHOPPING BAG WITH ROPE HANDLES",http://localhost/hopgiayvpn/product/custom-rust-paper-shopping-bag-with-rope-handles/,"custom rust paper shopping bag with rope handles","Same category with a different packed product, structure or support option.","After the insert, material or use-case section.",200,http://localhost/hopgiayvpn/product/custom-rust-paper-shopping-bag-with-rope-handles/,0,,VALID_EXISTING_URL
794,"CUSTOM RED PAPER SHOPPING BAG",http://localhost/hopgiayvpn/product/custom-red-paper-shopping-bag/,supporting_guide,587,"How to Choose the Right Paper Material for Custom Paper Boxes",http://localhost/hopgiayvpn/paper-materials-for-custom-paper-boxes/,"how to choose the right paper material for custom paper boxes","Existing guide matches the product structure, material, insert or industry-use vocabulary.","Inside the relevant structure/material paragraph.",200,http://localhost/hopgiayvpn/paper-materials-for-custom-paper-boxes/,0,,VALID_EXISTING_URL
794,"CUSTOM RED PAPER SHOPPING BAG",http://localhost/hopgiayvpn/product/custom-red-paper-shopping-bag/,supporting_guide,7142,"How to Plan Paper Packaging for Fashion and Sportswear Products",http://localhost/hopgiayvpn/how-to-plan-fashion-product-packaging/,"how to plan paper packaging for fashion and sportswear products","Existing guide matches the product structure, material, insert or industry-use vocabulary.","Near the quote-preparation or sampling checklist.",200,http://localhost/hopgiayvpn/how-to-plan-fashion-product-packaging/,0,,VALID_EXISTING_URL
802,"CUSTOM SKINCARE GIFT BOX WITH INSERT",http://localhost/hopgiayvpn/product/custom-skincare-gift-box-with-insert/,category_hub,,"Skincare Packaging Boxes",http://localhost/hopgiayvpn/products/skincare-packaging-boxes/,"skincare packaging boxes","Connect the product to its most specific existing category hub.","Product introduction or breadcrumb-support paragraph.",200,http://localhost/hopgiayvpn/products/skincare-packaging-boxes/,0,,VALID_EXISTING_URL
802,"CUSTOM SKINCARE GIFT BOX WITH INSERT",http://localhost/hopgiayvpn/product/custom-skincare-gift-box-with-insert/,related_product,325,"Custom Skincare Jar Packaging Box with Insert",http://localhost/hopgiayvpn/product/custom-skincare-jar-packaging-box-with-insert/,"custom skincare jar packaging box with insert","Same category with a different packed product, structure or support option.","After the structure/opening section.",200,http://localhost/hopgiayvpn/product/custom-skincare-jar-packaging-box-with-insert/,0,,VALID_EXISTING_URL
802,"CUSTOM SKINCARE GIFT BOX WITH INSERT",http://localhost/hopgiayvpn/product/custom-skincare-gift-box-with-insert/,related_product,773,"CUSTOM COSMETIC PACKAGING BOX",http://localhost/hopgiayvpn/product/custom-cosmetic-packaging-box/,"custom cosmetic packaging box","Source-backed overlap in packed product/use and box structure.","After the insert, material or use-case section.",200,http://localhost/hopgiayvpn/product/custom-cosmetic-packaging-box/,0,,VALID_EXISTING_URL
802,"CUSTOM SKINCARE GIFT BOX WITH INSERT",http://localhost/hopgiayvpn/product/custom-skincare-gift-box-with-insert/,related_product,1412,"CUSTOM SERUM PACKAGING BOX",http://localhost/hopgiayvpn/product/custom-serum-packaging-box/,"custom serum packaging box","Source-backed overlap in packed product/use and box structure.","After the insert, material or use-case section.",200,http://localhost/hopgiayvpn/product/custom-serum-packaging-box/,0,,VALID_EXISTING_URL
802,"CUSTOM SKINCARE GIFT BOX WITH INSERT",http://localhost/hopgiayvpn/product/custom-skincare-gift-box-with-insert/,supporting_guide,587,"How to Choose the Right Paper Material for Custom Paper Boxes",http://localhost/hopgiayvpn/paper-materials-for-custom-paper-boxes/,"how to choose the right paper material for custom paper boxes","Existing guide matches the product structure, material, insert or industry-use vocabulary.","Inside the relevant structure/material paragraph.",200,http://localhost/hopgiayvpn/paper-materials-for-custom-paper-boxes/,0,,VALID_EXISTING_URL
807,"CUSTOM STATIONERY PACKAGING BOX",http://localhost/hopgiayvpn/product/custom-stationery-packaging-box/,category_hub,,"Back-to-School and Stationery Packaging",http://localhost/hopgiayvpn/products/back-to-school-stationery-packaging/,"back-to-school and stationery packaging","Connect the product to its most specific existing category hub.","Product introduction or breadcrumb-support paragraph.",200,http://localhost/hopgiayvpn/products/back-to-school-stationery-packaging/,0,,VALID_EXISTING_URL
807,"CUSTOM STATIONERY PACKAGING BOX",http://localhost/hopgiayvpn/product/custom-stationery-packaging-box/,related_product,771,"CUSTOM COLORED PENCIL PACKAGING BOX",http://localhost/hopgiayvpn/product/custom-colored-pencil-packaging-box/,"custom colored pencil packaging box","Same category with a different packed product, structure or support option.","After the structure/opening section.",200,http://localhost/hopgiayvpn/product/custom-colored-pencil-packaging-box/,0,,VALID_EXISTING_URL
807,"CUSTOM STATIONERY PACKAGING BOX",http://localhost/hopgiayvpn/product/custom-stationery-packaging-box/,related_product,775,"CUSTOM CRAYON PACKAGING BOX",http://localhost/hopgiayvpn/product/custom-crayon-packaging-box/,"custom crayon packaging box","Same category with a different packed product, structure or support option.","After the insert, material or use-case section.",200,http://localhost/hopgiayvpn/product/custom-crayon-packaging-box/,0,,VALID_EXISTING_URL
807,"CUSTOM STATIONERY PACKAGING BOX",http://localhost/hopgiayvpn/product/custom-stationery-packaging-box/,related_product,781,"CUSTOM FOUNTAIN PEN GIFT BOX",http://localhost/hopgiayvpn/product/custom-fountain-pen-gift-box/,"custom fountain pen gift box","Same category with a different packed product, structure or support option.","After the insert, material or use-case section.",200,http://localhost/hopgiayvpn/product/custom-fountain-pen-gift-box/,0,,VALID_EXISTING_URL
807,"CUSTOM STATIONERY PACKAGING BOX",http://localhost/hopgiayvpn/product/custom-stationery-packaging-box/,supporting_guide,587,"How to Choose the Right Paper Material for Custom Paper Boxes",http://localhost/hopgiayvpn/paper-materials-for-custom-paper-boxes/,"how to choose the right paper material for custom paper boxes","Existing guide matches the product structure, material, insert or industry-use vocabulary.","Inside the relevant structure/material paragraph.",200,http://localhost/hopgiayvpn/paper-materials-for-custom-paper-boxes/,0,,VALID_EXISTING_URL
815,"CUSTOM TABLET PACKAGING BOX",http://localhost/hopgiayvpn/product/custom-tablet-packaging-box/,category_hub,,"Supplement Packaging Boxes",http://localhost/hopgiayvpn/products/supplement-packaging-boxes/,"supplement packaging boxes","Connect the product to its most specific existing category hub.","Product introduction or breadcrumb-support paragraph.",200,http://localhost/hopgiayvpn/products/supplement-packaging-boxes/,0,,VALID_EXISTING_URL
815,"CUSTOM TABLET PACKAGING BOX",http://localhost/hopgiayvpn/product/custom-tablet-packaging-box/,related_product,778,"CUSTOM SUPPLEMENT DRAWER PACKAGING BOX",http://localhost/hopgiayvpn/product/custom-supplement-drawer-packaging-box/,"custom supplement drawer packaging box","Same category with a different packed product, structure or support option.","After the structure/opening section.",200,http://localhost/hopgiayvpn/product/custom-supplement-drawer-packaging-box/,0,,VALID_EXISTING_URL
815,"CUSTOM TABLET PACKAGING BOX",http://localhost/hopgiayvpn/product/custom-tablet-packaging-box/,related_product,783,"CUSTOM KRAFT PAPER BAG FOR SUPPLEMENT PACKAGING",http://localhost/hopgiayvpn/product/custom-kraft-paper-bag-for-supplement-packaging/,"custom kraft paper bag for supplement packaging","Same category with a different packed product, structure or support option.","After the insert, material or use-case section.",200,http://localhost/hopgiayvpn/product/custom-kraft-paper-bag-for-supplement-packaging/,0,,VALID_EXISTING_URL
815,"CUSTOM TABLET PACKAGING BOX",http://localhost/hopgiayvpn/product/custom-tablet-packaging-box/,related_product,752,"CUSTOM PILL PACKAGING BOX",http://localhost/hopgiayvpn/product/custom-pill-packaging-box/,"custom pill packaging box","Source-backed overlap in packed product/use and box structure.","After the insert, material or use-case section.",200,http://localhost/hopgiayvpn/product/custom-pill-packaging-box/,0,,VALID_EXISTING_URL
815,"CUSTOM TABLET PACKAGING BOX",http://localhost/hopgiayvpn/product/custom-tablet-packaging-box/,supporting_guide,587,"How to Choose the Right Paper Material for Custom Paper Boxes",http://localhost/hopgiayvpn/paper-materials-for-custom-paper-boxes/,"how to choose the right paper material for custom paper boxes","Existing guide matches the product structure, material, insert or industry-use vocabulary.","Inside the relevant structure/material paragraph.",200,http://localhost/hopgiayvpn/paper-materials-for-custom-paper-boxes/,0,,VALID_EXISTING_URL
821,"CUSTOM THERMOS BOTTLE PACKAGING BOX",http://localhost/hopgiayvpn/product/custom-thermos-bottle-packaging-box/,category_hub,,"Home and Lifestyle Packaging",http://localhost/hopgiayvpn/products/home-lifestyle-packaging/,"home and lifestyle packaging","Connect the product to its most specific existing category hub.","Product introduction or breadcrumb-support paragraph.",200,http://localhost/hopgiayvpn/products/home-lifestyle-packaging/,0,,VALID_EXISTING_URL
821,"CUSTOM THERMOS BOTTLE PACKAGING BOX",http://localhost/hopgiayvpn/product/custom-thermos-bottle-packaging-box/,related_product,782,"CUSTOM KNIFE SET PACKAGING BOX",http://localhost/hopgiayvpn/product/custom-knife-set-packaging-box/,"custom knife set packaging box","Same category with a different packed product, structure or support option.","After the structure/opening section.",200,http://localhost/hopgiayvpn/product/custom-knife-set-packaging-box/,0,,VALID_EXISTING_URL
821,"CUSTOM THERMOS BOTTLE PACKAGING BOX",http://localhost/hopgiayvpn/product/custom-thermos-bottle-packaging-box/,related_product,776,"CUSTOM DINNERWARE PACKAGING BOX",http://localhost/hopgiayvpn/product/custom-dinnerware-packaging-box/,"custom dinnerware packaging box","Same category with a different packed product, structure or support option.","After the insert, material or use-case section.",200,http://localhost/hopgiayvpn/product/custom-dinnerware-packaging-box/,0,,VALID_EXISTING_URL
821,"CUSTOM THERMOS BOTTLE PACKAGING BOX",http://localhost/hopgiayvpn/product/custom-thermos-bottle-packaging-box/,supporting_guide,587,"How to Choose the Right Paper Material for Custom Paper Boxes",http://localhost/hopgiayvpn/paper-materials-for-custom-paper-boxes/,"how to choose the right paper material for custom paper boxes","Existing guide matches the product structure, material, insert or industry-use vocabulary.","Inside the relevant structure/material paragraph.",200,http://localhost/hopgiayvpn/paper-materials-for-custom-paper-boxes/,0,,VALID_EXISTING_URL
821,"CUSTOM THERMOS BOTTLE PACKAGING BOX",http://localhost/hopgiayvpn/product/custom-thermos-bottle-packaging-box/,supporting_guide,7151,"How to Choose Paper Packaging for Home and Lifestyle Products",http://localhost/hopgiayvpn/choose-paper-packaging-home-lifestyle-products/,"how to choose paper packaging for home and lifestyle products","Existing guide matches the product structure, material, insert or industry-use vocabulary.","Near the quote-preparation or sampling checklist.",200,http://localhost/hopgiayvpn/choose-paper-packaging-home-lifestyle-products/,0,,VALID_EXISTING_URL
829,"Custom Vial Boxes for Glass Vials, Ampoules and Lab Samples",http://localhost/hopgiayvpn/product/custom-vial-packaging-box/,category_hub,,"Pharmaceutical Packaging Boxes",http://localhost/hopgiayvpn/products/pharmaceutical-packaging-boxes/,"pharmaceutical packaging boxes","Connect the product to its most specific existing category hub.","Product introduction or breadcrumb-support paragraph.",200,http://localhost/hopgiayvpn/products/pharmaceutical-packaging-boxes/,0,,VALID_EXISTING_URL
829,"Custom Vial Boxes for Glass Vials, Ampoules and Lab Samples",http://localhost/hopgiayvpn/product/custom-vial-packaging-box/,related_product,752,"CUSTOM PILL PACKAGING BOX",http://localhost/hopgiayvpn/product/custom-pill-packaging-box/,"custom pill packaging box","Same category with a different packed product, structure or support option.","After the structure/opening section.",200,http://localhost/hopgiayvpn/product/custom-pill-packaging-box/,0,,VALID_EXISTING_URL
829,"Custom Vial Boxes for Glass Vials, Ampoules and Lab Samples",http://localhost/hopgiayvpn/product/custom-vial-packaging-box/,related_product,426,"CUSTOM MEDICAL KIT PACKAGING BOX",http://localhost/hopgiayvpn/product/custom-medical-kit-packaging-box/,"custom medical kit packaging box","Same category with a different packed product, structure or support option.","After the insert, material or use-case section.",200,http://localhost/hopgiayvpn/product/custom-medical-kit-packaging-box/,0,,VALID_EXISTING_URL
829,"Custom Vial Boxes for Glass Vials, Ampoules and Lab Samples",http://localhost/hopgiayvpn/product/custom-vial-packaging-box/,supporting_guide,587,"How to Choose the Right Paper Material for Custom Paper Boxes",http://localhost/hopgiayvpn/paper-materials-for-custom-paper-boxes/,"how to choose the right paper material for custom paper boxes","Existing guide matches the product structure, material, insert or industry-use vocabulary.","Inside the relevant structure/material paragraph.",200,http://localhost/hopgiayvpn/paper-materials-for-custom-paper-boxes/,0,,VALID_EXISTING_URL
835,"CUSTOM WINE BOTTLE GIFT BOX WITH PAPER BAG",http://localhost/hopgiayvpn/product/custom-wine-bottle-gift-box-with-paper-bag/,category_hub,,"Wine and Premium Drink Packaging",http://localhost/hopgiayvpn/products/wine-premium-drink-packaging/,"wine and premium drink packaging","Connect the product to its most specific existing category hub.","Product introduction or breadcrumb-support paragraph.",200,http://localhost/hopgiayvpn/products/wine-premium-drink-packaging/,0,,VALID_EXISTING_URL
835,"CUSTOM WINE BOTTLE GIFT BOX WITH PAPER BAG",http://localhost/hopgiayvpn/product/custom-wine-bottle-gift-box-with-paper-bag/,related_product,840,"CUSTOM WINE BOTTLE PACKAGING BOX",http://localhost/hopgiayvpn/product/custom-wine-bottle-packaging-box/,"custom wine bottle packaging box","Same category with a different packed product, structure or support option.","After the structure/opening section.",200,http://localhost/hopgiayvpn/product/custom-wine-bottle-packaging-box/,0,,VALID_EXISTING_URL
835,"CUSTOM WINE BOTTLE GIFT BOX WITH PAPER BAG",http://localhost/hopgiayvpn/product/custom-wine-bottle-gift-box-with-paper-bag/,related_product,767,"CUSTOM SINGLE WINE BOTTLE GIFT BOX",http://localhost/hopgiayvpn/product/custom-single-wine-bottle-gift-box/,"custom single wine bottle gift box","Same category with a different packed product, structure or support option.","After the insert, material or use-case section.",200,http://localhost/hopgiayvpn/product/custom-single-wine-bottle-gift-box/,0,,VALID_EXISTING_URL
835,"CUSTOM WINE BOTTLE GIFT BOX WITH PAPER BAG",http://localhost/hopgiayvpn/product/custom-wine-bottle-gift-box-with-paper-bag/,related_product,779,"CUSTOM DOUBLE WINE BOTTLE GIFT BOX",http://localhost/hopgiayvpn/product/custom-double-wine-bottle-gift-box/,"custom double wine bottle gift box","Same category with a different packed product, structure or support option.","After the insert, material or use-case section.",200,http://localhost/hopgiayvpn/product/custom-double-wine-bottle-gift-box/,0,,VALID_EXISTING_URL
835,"CUSTOM WINE BOTTLE GIFT BOX WITH PAPER BAG",http://localhost/hopgiayvpn/product/custom-wine-bottle-gift-box-with-paper-bag/,supporting_guide,587,"How to Choose the Right Paper Material for Custom Paper Boxes",http://localhost/hopgiayvpn/paper-materials-for-custom-paper-boxes/,"how to choose the right paper material for custom paper boxes","Existing guide matches the product structure, material, insert or industry-use vocabulary.","Inside the relevant structure/material paragraph.",200,http://localhost/hopgiayvpn/paper-materials-for-custom-paper-boxes/,0,,VALID_EXISTING_URL
840,"CUSTOM WINE BOTTLE PACKAGING BOX",http://localhost/hopgiayvpn/product/custom-wine-bottle-packaging-box/,category_hub,,"Wine and Premium Drink Packaging",http://localhost/hopgiayvpn/products/wine-premium-drink-packaging/,"wine and premium drink packaging","Connect the product to its most specific existing category hub.","Product introduction or breadcrumb-support paragraph.",200,http://localhost/hopgiayvpn/products/wine-premium-drink-packaging/,0,,VALID_EXISTING_URL
840,"CUSTOM WINE BOTTLE PACKAGING BOX",http://localhost/hopgiayvpn/product/custom-wine-bottle-packaging-box/,related_product,835,"CUSTOM WINE BOTTLE GIFT BOX WITH PAPER BAG",http://localhost/hopgiayvpn/product/custom-wine-bottle-gift-box-with-paper-bag/,"custom wine bottle gift box with paper bag","Same category with a different packed product, structure or support option.","After the structure/opening section.",200,http://localhost/hopgiayvpn/product/custom-wine-bottle-gift-box-with-paper-bag/,0,,VALID_EXISTING_URL
840,"CUSTOM WINE BOTTLE PACKAGING BOX",http://localhost/hopgiayvpn/product/custom-wine-bottle-packaging-box/,related_product,767,"CUSTOM SINGLE WINE BOTTLE GIFT BOX",http://localhost/hopgiayvpn/product/custom-single-wine-bottle-gift-box/,"custom single wine bottle gift box","Same category with a different packed product, structure or support option.","After the insert, material or use-case section.",200,http://localhost/hopgiayvpn/product/custom-single-wine-bottle-gift-box/,0,,VALID_EXISTING_URL
840,"CUSTOM WINE BOTTLE PACKAGING BOX",http://localhost/hopgiayvpn/product/custom-wine-bottle-packaging-box/,related_product,779,"CUSTOM DOUBLE WINE BOTTLE GIFT BOX",http://localhost/hopgiayvpn/product/custom-double-wine-bottle-gift-box/,"custom double wine bottle gift box","Same category with a different packed product, structure or support option.","After the insert, material or use-case section.",200,http://localhost/hopgiayvpn/product/custom-double-wine-bottle-gift-box/,0,,VALID_EXISTING_URL
840,"CUSTOM WINE BOTTLE PACKAGING BOX",http://localhost/hopgiayvpn/product/custom-wine-bottle-packaging-box/,supporting_guide,587,"How to Choose the Right Paper Material for Custom Paper Boxes",http://localhost/hopgiayvpn/paper-materials-for-custom-paper-boxes/,"how to choose the right paper material for custom paper boxes","Existing guide matches the product structure, material, insert or industry-use vocabulary.","Inside the relevant structure/material paragraph.",200,http://localhost/hopgiayvpn/paper-materials-for-custom-paper-boxes/,0,,VALID_EXISTING_URL
860,"CUSTOM SHOE PACKAGING BOX",http://localhost/hopgiayvpn/product/custom-shoe-packaging-box/,category_hub,,"Fashion and Sportswear Packaging",http://localhost/hopgiayvpn/products/fashion-sportswear-packaging/,"fashion and sportswear packaging","Connect the product to its most specific existing category hub.","Product introduction or breadcrumb-support paragraph.",200,http://localhost/hopgiayvpn/products/fashion-sportswear-packaging/,0,,VALID_EXISTING_URL
860,"CUSTOM SHOE PACKAGING BOX",http://localhost/hopgiayvpn/product/custom-shoe-packaging-box/,related_product,1480,"Custom Apparel Magnetic Gift Box",http://localhost/hopgiayvpn/product/custom-apparel-magnetic-gift-box/,"custom apparel magnetic gift box","Same category with a different packed product, structure or support option.","After the structure/opening section.",200,http://localhost/hopgiayvpn/product/custom-apparel-magnetic-gift-box/,0,,VALID_EXISTING_URL
860,"CUSTOM SHOE PACKAGING BOX",http://localhost/hopgiayvpn/product/custom-shoe-packaging-box/,related_product,876,"CUSTOM T-SHIRT PACKAGING BOX",http://localhost/hopgiayvpn/product/custom-t-shirt-packaging-box/,"custom t-shirt packaging box","Same category with a different packed product, structure or support option.","After the insert, material or use-case section.",200,http://localhost/hopgiayvpn/product/custom-t-shirt-packaging-box/,0,,VALID_EXISTING_URL
860,"CUSTOM SHOE PACKAGING BOX",http://localhost/hopgiayvpn/product/custom-shoe-packaging-box/,related_product,881,"CUSTOM WALLET PACKAGING BOX",http://localhost/hopgiayvpn/product/custom-wallet-packaging-box/,"custom wallet packaging box","Same category with a different packed product, structure or support option.","After the insert, material or use-case section.",200,http://localhost/hopgiayvpn/product/custom-wallet-packaging-box/,0,,VALID_EXISTING_URL
860,"CUSTOM SHOE PACKAGING BOX",http://localhost/hopgiayvpn/product/custom-shoe-packaging-box/,supporting_guide,587,"How to Choose the Right Paper Material for Custom Paper Boxes",http://localhost/hopgiayvpn/paper-materials-for-custom-paper-boxes/,"how to choose the right paper material for custom paper boxes","Existing guide matches the product structure, material, insert or industry-use vocabulary.","Inside the relevant structure/material paragraph.",200,http://localhost/hopgiayvpn/paper-materials-for-custom-paper-boxes/,0,,VALID_EXISTING_URL
860,"CUSTOM SHOE PACKAGING BOX",http://localhost/hopgiayvpn/product/custom-shoe-packaging-box/,supporting_guide,7142,"How to Plan Paper Packaging for Fashion and Sportswear Products",http://localhost/hopgiayvpn/how-to-plan-fashion-product-packaging/,"how to plan paper packaging for fashion and sportswear products","Existing guide matches the product structure, material, insert or industry-use vocabulary.","Near the quote-preparation or sampling checklist.",200,http://localhost/hopgiayvpn/how-to-plan-fashion-product-packaging/,0,,VALID_EXISTING_URL
865,"CUSTOM BELT PACKAGING BOX",http://localhost/hopgiayvpn/product/custom-belt-packaging-box/,category_hub,,"Fashion and Sportswear Packaging",http://localhost/hopgiayvpn/products/fashion-sportswear-packaging/,"fashion and sportswear packaging","Connect the product to its most specific existing category hub.","Product introduction or breadcrumb-support paragraph.",200,http://localhost/hopgiayvpn/products/fashion-sportswear-packaging/,0,,VALID_EXISTING_URL
865,"CUSTOM BELT PACKAGING BOX",http://localhost/hopgiayvpn/product/custom-belt-packaging-box/,related_product,881,"CUSTOM WALLET PACKAGING BOX",http://localhost/hopgiayvpn/product/custom-wallet-packaging-box/,"custom wallet packaging box","Same category with a different packed product, structure or support option.","After the structure/opening section.",200,http://localhost/hopgiayvpn/product/custom-wallet-packaging-box/,0,,VALID_EXISTING_URL
865,"CUSTOM BELT PACKAGING BOX",http://localhost/hopgiayvpn/product/custom-belt-packaging-box/,related_product,860,"CUSTOM SHOE PACKAGING BOX",http://localhost/hopgiayvpn/product/custom-shoe-packaging-box/,"custom shoe packaging box","Same category with a different packed product, structure or support option.","After the insert, material or use-case section.",200,http://localhost/hopgiayvpn/product/custom-shoe-packaging-box/,0,,VALID_EXISTING_URL
865,"CUSTOM BELT PACKAGING BOX",http://localhost/hopgiayvpn/product/custom-belt-packaging-box/,related_product,876,"CUSTOM T-SHIRT PACKAGING BOX",http://localhost/hopgiayvpn/product/custom-t-shirt-packaging-box/,"custom t-shirt packaging box","Same category with a different packed product, structure or support option.","After the insert, material or use-case section.",200,http://localhost/hopgiayvpn/product/custom-t-shirt-packaging-box/,0,,VALID_EXISTING_URL
865,"CUSTOM BELT PACKAGING BOX",http://localhost/hopgiayvpn/product/custom-belt-packaging-box/,supporting_guide,587,"How to Choose the Right Paper Material for Custom Paper Boxes",http://localhost/hopgiayvpn/paper-materials-for-custom-paper-boxes/,"how to choose the right paper material for custom paper boxes","Existing guide matches the product structure, material, insert or industry-use vocabulary.","Inside the relevant structure/material paragraph.",200,http://localhost/hopgiayvpn/paper-materials-for-custom-paper-boxes/,0,,VALID_EXISTING_URL
865,"CUSTOM BELT PACKAGING BOX",http://localhost/hopgiayvpn/product/custom-belt-packaging-box/,supporting_guide,7142,"How to Plan Paper Packaging for Fashion and Sportswear Products",http://localhost/hopgiayvpn/how-to-plan-fashion-product-packaging/,"how to plan paper packaging for fashion and sportswear products","Existing guide matches the product structure, material, insert or industry-use vocabulary.","Near the quote-preparation or sampling checklist.",200,http://localhost/hopgiayvpn/how-to-plan-fashion-product-packaging/,0,,VALID_EXISTING_URL
869,"CUSTOM MEN UNDERWEAR PACKAGING BOX",http://localhost/hopgiayvpn/product/custom-men-underwear-packaging-box/,category_hub,,"Fashion and Sportswear Packaging",http://localhost/hopgiayvpn/products/fashion-sportswear-packaging/,"fashion and sportswear packaging","Connect the product to its most specific existing category hub.","Product introduction or breadcrumb-support paragraph.",200,http://localhost/hopgiayvpn/products/fashion-sportswear-packaging/,0,,VALID_EXISTING_URL
869,"CUSTOM MEN UNDERWEAR PACKAGING BOX",http://localhost/hopgiayvpn/product/custom-men-underwear-packaging-box/,related_product,876,"CUSTOM T-SHIRT PACKAGING BOX",http://localhost/hopgiayvpn/product/custom-t-shirt-packaging-box/,"custom t-shirt packaging box","Same category with a different packed product, structure or support option.","After the structure/opening section.",200,http://localhost/hopgiayvpn/product/custom-t-shirt-packaging-box/,0,,VALID_EXISTING_URL
869,"CUSTOM MEN UNDERWEAR PACKAGING BOX",http://localhost/hopgiayvpn/product/custom-men-underwear-packaging-box/,related_product,1480,"Custom Apparel Magnetic Gift Box",http://localhost/hopgiayvpn/product/custom-apparel-magnetic-gift-box/,"custom apparel magnetic gift box","Same category with a different packed product, structure or support option.","After the insert, material or use-case section.",200,http://localhost/hopgiayvpn/product/custom-apparel-magnetic-gift-box/,0,,VALID_EXISTING_URL
869,"CUSTOM MEN UNDERWEAR PACKAGING BOX",http://localhost/hopgiayvpn/product/custom-men-underwear-packaging-box/,related_product,860,"CUSTOM SHOE PACKAGING BOX",http://localhost/hopgiayvpn/product/custom-shoe-packaging-box/,"custom shoe packaging box","Same category with a different packed product, structure or support option.","After the insert, material or use-case section.",200,http://localhost/hopgiayvpn/product/custom-shoe-packaging-box/,0,,VALID_EXISTING_URL
869,"CUSTOM MEN UNDERWEAR PACKAGING BOX",http://localhost/hopgiayvpn/product/custom-men-underwear-packaging-box/,supporting_guide,587,"How to Choose the Right Paper Material for Custom Paper Boxes",http://localhost/hopgiayvpn/paper-materials-for-custom-paper-boxes/,"how to choose the right paper material for custom paper boxes","Existing guide matches the product structure, material, insert or industry-use vocabulary.","Inside the relevant structure/material paragraph.",200,http://localhost/hopgiayvpn/paper-materials-for-custom-paper-boxes/,0,,VALID_EXISTING_URL
869,"CUSTOM MEN UNDERWEAR PACKAGING BOX",http://localhost/hopgiayvpn/product/custom-men-underwear-packaging-box/,supporting_guide,7142,"How to Plan Paper Packaging for Fashion and Sportswear Products",http://localhost/hopgiayvpn/how-to-plan-fashion-product-packaging/,"how to plan paper packaging for fashion and sportswear products","Existing guide matches the product structure, material, insert or industry-use vocabulary.","Near the quote-preparation or sampling checklist.",200,http://localhost/hopgiayvpn/how-to-plan-fashion-product-packaging/,0,,VALID_EXISTING_URL
872,"CUSTOM SPORTSWEAR PACKAGING BOX",http://localhost/hopgiayvpn/product/custom-sportswear-packaging-box/,category_hub,,"Custom Paper Boxes",http://localhost/hopgiayvpn/products/custom-paper-boxes/,"custom paper boxes","Connect the product to its most specific existing category hub.","Product introduction or breadcrumb-support paragraph.",200,http://localhost/hopgiayvpn/products/custom-paper-boxes/,0,,VALID_EXISTING_URL
872,"CUSTOM SPORTSWEAR PACKAGING BOX",http://localhost/hopgiayvpn/product/custom-sportswear-packaging-box/,related_product,323,"Custom Tumbler Packaging Box with Insert",http://localhost/hopgiayvpn/product/custom-tumbler-packaging-box-with-insert/,"custom tumbler packaging box with insert","Same category with a different packed product, structure or support option.","After the structure/opening section.",200,http://localhost/hopgiayvpn/product/custom-tumbler-packaging-box-with-insert/,0,,VALID_EXISTING_URL
872,"CUSTOM SPORTSWEAR PACKAGING BOX",http://localhost/hopgiayvpn/product/custom-sportswear-packaging-box/,related_product,328,"Custom Bottle Carrier Box with Handle",http://localhost/hopgiayvpn/product/custom-bottle-carrier-box-with-handle/,"custom bottle carrier box with handle","Same category with a different packed product, structure or support option.","After the insert, material or use-case section.",200,http://localhost/hopgiayvpn/product/custom-bottle-carrier-box-with-handle/,0,,VALID_EXISTING_URL
872,"CUSTOM SPORTSWEAR PACKAGING BOX",http://localhost/hopgiayvpn/product/custom-sportswear-packaging-box/,related_product,860,"CUSTOM SHOE PACKAGING BOX",http://localhost/hopgiayvpn/product/custom-shoe-packaging-box/,"custom shoe packaging box","Source-backed overlap in packed product/use and box structure.","After the insert, material or use-case section.",200,http://localhost/hopgiayvpn/product/custom-shoe-packaging-box/,0,,VALID_EXISTING_URL
872,"CUSTOM SPORTSWEAR PACKAGING BOX",http://localhost/hopgiayvpn/product/custom-sportswear-packaging-box/,supporting_guide,587,"How to Choose the Right Paper Material for Custom Paper Boxes",http://localhost/hopgiayvpn/paper-materials-for-custom-paper-boxes/,"how to choose the right paper material for custom paper boxes","Existing guide matches the product structure, material, insert or industry-use vocabulary.","Inside the relevant structure/material paragraph.",200,http://localhost/hopgiayvpn/paper-materials-for-custom-paper-boxes/,0,,VALID_EXISTING_URL
872,"CUSTOM SPORTSWEAR PACKAGING BOX",http://localhost/hopgiayvpn/product/custom-sportswear-packaging-box/,supporting_guide,7142,"How to Plan Paper Packaging for Fashion and Sportswear Products",http://localhost/hopgiayvpn/how-to-plan-fashion-product-packaging/,"how to plan paper packaging for fashion and sportswear products","Existing guide matches the product structure, material, insert or industry-use vocabulary.","Near the quote-preparation or sampling checklist.",200,http://localhost/hopgiayvpn/how-to-plan-fashion-product-packaging/,0,,VALID_EXISTING_URL
876,"CUSTOM T-SHIRT PACKAGING BOX",http://localhost/hopgiayvpn/product/custom-t-shirt-packaging-box/,category_hub,,"Fashion and Sportswear Packaging",http://localhost/hopgiayvpn/products/fashion-sportswear-packaging/,"fashion and sportswear packaging","Connect the product to its most specific existing category hub.","Product introduction or breadcrumb-support paragraph.",200,http://localhost/hopgiayvpn/products/fashion-sportswear-packaging/,0,,VALID_EXISTING_URL
876,"CUSTOM T-SHIRT PACKAGING BOX",http://localhost/hopgiayvpn/product/custom-t-shirt-packaging-box/,related_product,1480,"Custom Apparel Magnetic Gift Box",http://localhost/hopgiayvpn/product/custom-apparel-magnetic-gift-box/,"custom apparel magnetic gift box","Same category with a different packed product, structure or support option.","After the structure/opening section.",200,http://localhost/hopgiayvpn/product/custom-apparel-magnetic-gift-box/,0,,VALID_EXISTING_URL
876,"CUSTOM T-SHIRT PACKAGING BOX",http://localhost/hopgiayvpn/product/custom-t-shirt-packaging-box/,related_product,860,"CUSTOM SHOE PACKAGING BOX",http://localhost/hopgiayvpn/product/custom-shoe-packaging-box/,"custom shoe packaging box","Same category with a different packed product, structure or support option.","After the insert, material or use-case section.",200,http://localhost/hopgiayvpn/product/custom-shoe-packaging-box/,0,,VALID_EXISTING_URL
876,"CUSTOM T-SHIRT PACKAGING BOX",http://localhost/hopgiayvpn/product/custom-t-shirt-packaging-box/,related_product,869,"CUSTOM MEN UNDERWEAR PACKAGING BOX",http://localhost/hopgiayvpn/product/custom-men-underwear-packaging-box/,"custom men underwear packaging box","Same category with a different packed product, structure or support option.","After the insert, material or use-case section.",200,http://localhost/hopgiayvpn/product/custom-men-underwear-packaging-box/,0,,VALID_EXISTING_URL
876,"CUSTOM T-SHIRT PACKAGING BOX",http://localhost/hopgiayvpn/product/custom-t-shirt-packaging-box/,supporting_guide,587,"How to Choose the Right Paper Material for Custom Paper Boxes",http://localhost/hopgiayvpn/paper-materials-for-custom-paper-boxes/,"how to choose the right paper material for custom paper boxes","Existing guide matches the product structure, material, insert or industry-use vocabulary.","Inside the relevant structure/material paragraph.",200,http://localhost/hopgiayvpn/paper-materials-for-custom-paper-boxes/,0,,VALID_EXISTING_URL
876,"CUSTOM T-SHIRT PACKAGING BOX",http://localhost/hopgiayvpn/product/custom-t-shirt-packaging-box/,supporting_guide,7142,"How to Plan Paper Packaging for Fashion and Sportswear Products",http://localhost/hopgiayvpn/how-to-plan-fashion-product-packaging/,"how to plan paper packaging for fashion and sportswear products","Existing guide matches the product structure, material, insert or industry-use vocabulary.","Near the quote-preparation or sampling checklist.",200,http://localhost/hopgiayvpn/how-to-plan-fashion-product-packaging/,0,,VALID_EXISTING_URL
881,"CUSTOM WALLET PACKAGING BOX",http://localhost/hopgiayvpn/product/custom-wallet-packaging-box/,category_hub,,"Fashion and Sportswear Packaging",http://localhost/hopgiayvpn/products/fashion-sportswear-packaging/,"fashion and sportswear packaging","Connect the product to its most specific existing category hub.","Product introduction or breadcrumb-support paragraph.",200,http://localhost/hopgiayvpn/products/fashion-sportswear-packaging/,0,,VALID_EXISTING_URL
881,"CUSTOM WALLET PACKAGING BOX",http://localhost/hopgiayvpn/product/custom-wallet-packaging-box/,related_product,865,"CUSTOM BELT PACKAGING BOX",http://localhost/hopgiayvpn/product/custom-belt-packaging-box/,"custom belt packaging box","Same category with a different packed product, structure or support option.","After the structure/opening section.",200,http://localhost/hopgiayvpn/product/custom-belt-packaging-box/,0,,VALID_EXISTING_URL
881,"CUSTOM WALLET PACKAGING BOX",http://localhost/hopgiayvpn/product/custom-wallet-packaging-box/,related_product,860,"CUSTOM SHOE PACKAGING BOX",http://localhost/hopgiayvpn/product/custom-shoe-packaging-box/,"custom shoe packaging box","Same category with a different packed product, structure or support option.","After the insert, material or use-case section.",200,http://localhost/hopgiayvpn/product/custom-shoe-packaging-box/,0,,VALID_EXISTING_URL
881,"CUSTOM WALLET PACKAGING BOX",http://localhost/hopgiayvpn/product/custom-wallet-packaging-box/,related_product,876,"CUSTOM T-SHIRT PACKAGING BOX",http://localhost/hopgiayvpn/product/custom-t-shirt-packaging-box/,"custom t-shirt packaging box","Same category with a different packed product, structure or support option.","After the insert, material or use-case section.",200,http://localhost/hopgiayvpn/product/custom-t-shirt-packaging-box/,0,,VALID_EXISTING_URL
881,"CUSTOM WALLET PACKAGING BOX",http://localhost/hopgiayvpn/product/custom-wallet-packaging-box/,supporting_guide,587,"How to Choose the Right Paper Material for Custom Paper Boxes",http://localhost/hopgiayvpn/paper-materials-for-custom-paper-boxes/,"how to choose the right paper material for custom paper boxes","Existing guide matches the product structure, material, insert or industry-use vocabulary.","Inside the relevant structure/material paragraph.",200,http://localhost/hopgiayvpn/paper-materials-for-custom-paper-boxes/,0,,VALID_EXISTING_URL
881,"CUSTOM WALLET PACKAGING BOX",http://localhost/hopgiayvpn/product/custom-wallet-packaging-box/,supporting_guide,7142,"How to Plan Paper Packaging for Fashion and Sportswear Products",http://localhost/hopgiayvpn/how-to-plan-fashion-product-packaging/,"how to plan paper packaging for fashion and sportswear products","Existing guide matches the product structure, material, insert or industry-use vocabulary.","Near the quote-preparation or sampling checklist.",200,http://localhost/hopgiayvpn/how-to-plan-fashion-product-packaging/,0,,VALID_EXISTING_URL
939,"CUSTOM SPORTS SHOE PACKAGING BOX",http://localhost/hopgiayvpn/product/custom-sports-shoe-packaging-box/,category_hub,,"Lid and Base Boxes",http://localhost/hopgiayvpn/products/lid-and-base-boxes/,"lid and base boxes","Connect the product to its most specific existing category hub.","Product introduction or breadcrumb-support paragraph.",200,http://localhost/hopgiayvpn/products/lid-and-base-boxes/,0,,VALID_EXISTING_URL
939,"CUSTOM SPORTS SHOE PACKAGING BOX",http://localhost/hopgiayvpn/product/custom-sports-shoe-packaging-box/,related_product,860,"CUSTOM SHOE PACKAGING BOX",http://localhost/hopgiayvpn/product/custom-shoe-packaging-box/,"custom shoe packaging box","Source-backed overlap in packed product/use and box structure.","After the structure/opening section.",200,http://localhost/hopgiayvpn/product/custom-shoe-packaging-box/,0,,VALID_EXISTING_URL
939,"CUSTOM SPORTS SHOE PACKAGING BOX",http://localhost/hopgiayvpn/product/custom-sports-shoe-packaging-box/,supporting_guide,587,"How to Choose the Right Paper Material for Custom Paper Boxes",http://localhost/hopgiayvpn/paper-materials-for-custom-paper-boxes/,"how to choose the right paper material for custom paper boxes","Existing guide matches the product structure, material, insert or industry-use vocabulary.","Inside the relevant structure/material paragraph.",200,http://localhost/hopgiayvpn/paper-materials-for-custom-paper-boxes/,0,,VALID_EXISTING_URL
944,"PREMIUM PICKLEBALL SET RIGID PAPER BOX",http://localhost/hopgiayvpn/product/premium-pickleball-set-rigid-paper-box/,category_hub,,"Rigid Boxes",http://localhost/hopgiayvpn/products/rigid-boxes/,"rigid boxes","Connect the product to its most specific existing category hub.","Product introduction or breadcrumb-support paragraph.",200,http://localhost/hopgiayvpn/products/rigid-boxes/,0,,VALID_EXISTING_URL
944,"PREMIUM PICKLEBALL SET RIGID PAPER BOX",http://localhost/hopgiayvpn/product/premium-pickleball-set-rigid-paper-box/,related_product,229,"Custom Flat Rigid Gift Box with Ribbon",http://localhost/hopgiayvpn/product/custom-flat-rigid-gift-box-with-ribbon/,"custom flat rigid gift box with ribbon","Same category with a different packed product, structure or support option.","After the structure/opening section.",200,http://localhost/hopgiayvpn/product/custom-flat-rigid-gift-box-with-ribbon/,0,,VALID_EXISTING_URL
944,"PREMIUM PICKLEBALL SET RIGID PAPER BOX",http://localhost/hopgiayvpn/product/premium-pickleball-set-rigid-paper-box/,related_product,237,"Custom Rigid Gift Box with Ribbon Closure",http://localhost/hopgiayvpn/product/custom-rigid-gift-box-with-ribbon-closure/,"custom rigid gift box with ribbon closure","Same category with a different packed product, structure or support option.","After the insert, material or use-case section.",200,http://localhost/hopgiayvpn/product/custom-rigid-gift-box-with-ribbon-closure/,0,,VALID_EXISTING_URL
944,"PREMIUM PICKLEBALL SET RIGID PAPER BOX",http://localhost/hopgiayvpn/product/premium-pickleball-set-rigid-paper-box/,related_product,346,"Custom Rigid Square Gift Box with Foil Logo",http://localhost/hopgiayvpn/product/custom-rigid-square-gift-box-with-foil-logo/,"custom rigid square gift box with foil logo","Same category with a different packed product, structure or support option.","After the insert, material or use-case section.",200,http://localhost/hopgiayvpn/product/custom-rigid-square-gift-box-with-foil-logo/,0,,VALID_EXISTING_URL
944,"PREMIUM PICKLEBALL SET RIGID PAPER BOX",http://localhost/hopgiayvpn/product/premium-pickleball-set-rigid-paper-box/,supporting_guide,587,"How to Choose the Right Paper Material for Custom Paper Boxes",http://localhost/hopgiayvpn/paper-materials-for-custom-paper-boxes/,"how to choose the right paper material for custom paper boxes","Existing guide matches the product structure, material, insert or industry-use vocabulary.","Inside the relevant structure/material paragraph.",200,http://localhost/hopgiayvpn/paper-materials-for-custom-paper-boxes/,0,,VALID_EXISTING_URL
949,"CUSTOM KNEE SUPPORT PACKAGING BOX",http://localhost/hopgiayvpn/product/custom-knee-support-packaging-box/,category_hub,,"Folding Carton Boxes",http://localhost/hopgiayvpn/products/folding-carton-boxes/,"folding carton boxes","Connect the product to its most specific existing category hub.","Product introduction or breadcrumb-support paragraph.",200,http://localhost/hopgiayvpn/products/folding-carton-boxes/,0,,VALID_EXISTING_URL
949,"CUSTOM KNEE SUPPORT PACKAGING BOX",http://localhost/hopgiayvpn/product/custom-knee-support-packaging-box/,related_product,956,"CUSTOM SPORTS UNDERWEAR PACKAGING BOX",http://localhost/hopgiayvpn/product/custom-sports-underwear-packaging-box/,"custom sports underwear packaging box","Same category with a different packed product, structure or support option.","After the structure/opening section.",200,http://localhost/hopgiayvpn/product/custom-sports-underwear-packaging-box/,0,,VALID_EXISTING_URL
949,"CUSTOM KNEE SUPPORT PACKAGING BOX",http://localhost/hopgiayvpn/product/custom-knee-support-packaging-box/,supporting_guide,587,"How to Choose the Right Paper Material for Custom Paper Boxes",http://localhost/hopgiayvpn/paper-materials-for-custom-paper-boxes/,"how to choose the right paper material for custom paper boxes","Existing guide matches the product structure, material, insert or industry-use vocabulary.","Inside the relevant structure/material paragraph.",200,http://localhost/hopgiayvpn/paper-materials-for-custom-paper-boxes/,0,,VALID_EXISTING_URL
956,"CUSTOM SPORTS UNDERWEAR PACKAGING BOX",http://localhost/hopgiayvpn/product/custom-sports-underwear-packaging-box/,category_hub,,"Folding Carton Boxes",http://localhost/hopgiayvpn/products/folding-carton-boxes/,"folding carton boxes","Connect the product to its most specific existing category hub.","Product introduction or breadcrumb-support paragraph.",200,http://localhost/hopgiayvpn/products/folding-carton-boxes/,0,,VALID_EXISTING_URL
956,"CUSTOM SPORTS UNDERWEAR PACKAGING BOX",http://localhost/hopgiayvpn/product/custom-sports-underwear-packaging-box/,related_product,949,"CUSTOM KNEE SUPPORT PACKAGING BOX",http://localhost/hopgiayvpn/product/custom-knee-support-packaging-box/,"custom knee support packaging box","Same category with a different packed product, structure or support option.","After the structure/opening section.",200,http://localhost/hopgiayvpn/product/custom-knee-support-packaging-box/,0,,VALID_EXISTING_URL
956,"CUSTOM SPORTS UNDERWEAR PACKAGING BOX",http://localhost/hopgiayvpn/product/custom-sports-underwear-packaging-box/,related_product,869,"CUSTOM MEN UNDERWEAR PACKAGING BOX",http://localhost/hopgiayvpn/product/custom-men-underwear-packaging-box/,"custom men underwear packaging box","Source-backed overlap in packed product/use and box structure.","After the insert, material or use-case section.",200,http://localhost/hopgiayvpn/product/custom-men-underwear-packaging-box/,0,,VALID_EXISTING_URL
956,"CUSTOM SPORTS UNDERWEAR PACKAGING BOX",http://localhost/hopgiayvpn/product/custom-sports-underwear-packaging-box/,supporting_guide,587,"How to Choose the Right Paper Material for Custom Paper Boxes",http://localhost/hopgiayvpn/paper-materials-for-custom-paper-boxes/,"how to choose the right paper material for custom paper boxes","Existing guide matches the product structure, material, insert or industry-use vocabulary.","Inside the relevant structure/material paragraph.",200,http://localhost/hopgiayvpn/paper-materials-for-custom-paper-boxes/,0,,VALID_EXISTING_URL
981,"CUSTOM PAPER EGG PACKAGING BOXES",http://localhost/hopgiayvpn/product/custom-paper-egg-packaging-boxes/,category_hub,,"Food Paper Boxes",http://localhost/hopgiayvpn/products/food-paper-boxes/,"food paper boxes","Connect the product to its most specific existing category hub.","Product introduction or breadcrumb-support paragraph.",200,http://localhost/hopgiayvpn/products/food-paper-boxes/,0,,VALID_EXISTING_URL
981,"CUSTOM PAPER EGG PACKAGING BOXES",http://localhost/hopgiayvpn/product/custom-paper-egg-packaging-boxes/,related_product,738,"CUSTOM MUG PACKAGING BOX WITH WINDOW",http://localhost/hopgiayvpn/product/custom-mug-packaging-box-with-window/,"custom mug packaging box with window","Same category with a different packed product, structure or support option.","After the structure/opening section.",200,http://localhost/hopgiayvpn/product/custom-mug-packaging-box-with-window/,0,,VALID_EXISTING_URL
981,"CUSTOM PAPER EGG PACKAGING BOXES",http://localhost/hopgiayvpn/product/custom-paper-egg-packaging-boxes/,related_product,5952,"CUSTOM CORRUGATED FOOD DELIVERY BOX",http://localhost/hopgiayvpn/product/custom-corrugated-food-delivery-box/,"custom corrugated food delivery box","Same category with a different packed product, structure or support option.","After the insert, material or use-case section.",200,http://localhost/hopgiayvpn/product/custom-corrugated-food-delivery-box/,0,,VALID_EXISTING_URL
981,"CUSTOM PAPER EGG PACKAGING BOXES",http://localhost/hopgiayvpn/product/custom-paper-egg-packaging-boxes/,related_product,244,"Custom Tea Gift Box with Window",http://localhost/hopgiayvpn/product/custom-tea-gift-box-with-window/,"custom tea gift box with window","Same category with a different packed product, structure or support option.","After the insert, material or use-case section.",200,http://localhost/hopgiayvpn/product/custom-tea-gift-box-with-window/,0,,VALID_EXISTING_URL
1023,"CUSTOM BLUE BIRD NEST DRAWER GIFT BOX",http://localhost/hopgiayvpn/product/custom-blue-bird-nest-drawer-gift-box/,category_hub,,"Bird Nest Packaging Boxes",http://localhost/hopgiayvpn/products/bird-nest-packaging-boxes/,"bird nest packaging boxes","Connect the product to its most specific existing category hub.","Product introduction or breadcrumb-support paragraph.",200,http://localhost/hopgiayvpn/products/bird-nest-packaging-boxes/,0,,VALID_EXISTING_URL
1023,"CUSTOM BLUE BIRD NEST DRAWER GIFT BOX",http://localhost/hopgiayvpn/product/custom-blue-bird-nest-drawer-gift-box/,related_product,1024,"CUSTOM GREEN BIRD NEST GIFT BOX WITH HANDLE",http://localhost/hopgiayvpn/product/custom-green-bird-nest-gift-box-with-handle/,"custom green bird nest gift box with handle","Same category with a different packed product, structure or support option.","After the structure/opening section.",200,http://localhost/hopgiayvpn/product/custom-green-bird-nest-gift-box-with-handle/,0,,VALID_EXISTING_URL
1023,"CUSTOM BLUE BIRD NEST DRAWER GIFT BOX",http://localhost/hopgiayvpn/product/custom-blue-bird-nest-drawer-gift-box/,related_product,1026,"CUSTOM GREEN BIRD NEST COMPARTMENT GIFT BOX",http://localhost/hopgiayvpn/product/custom-green-bird-nest-compartment-gift-box/,"custom green bird nest compartment gift box","Same category with a different packed product, structure or support option.","After the insert, material or use-case section.",200,http://localhost/hopgiayvpn/product/custom-green-bird-nest-compartment-gift-box/,0,,VALID_EXISTING_URL
1023,"CUSTOM BLUE BIRD NEST DRAWER GIFT BOX",http://localhost/hopgiayvpn/product/custom-blue-bird-nest-drawer-gift-box/,related_product,1025,"CUSTOM GREEN BIRD NEST CABINET GIFT BOX",http://localhost/hopgiayvpn/product/custom-green-bird-nest-cabinet-gift-box/,"custom green bird nest cabinet gift box","Same category with a different packed product, structure or support option.","After the insert, material or use-case section.",200,http://localhost/hopgiayvpn/product/custom-green-bird-nest-cabinet-gift-box/,0,,VALID_EXISTING_URL
1023,"CUSTOM BLUE BIRD NEST DRAWER GIFT BOX",http://localhost/hopgiayvpn/product/custom-blue-bird-nest-drawer-gift-box/,supporting_guide,587,"How to Choose the Right Paper Material for Custom Paper Boxes",http://localhost/hopgiayvpn/paper-materials-for-custom-paper-boxes/,"how to choose the right paper material for custom paper boxes","Existing guide matches the product structure, material, insert or industry-use vocabulary.","Inside the relevant structure/material paragraph.",200,http://localhost/hopgiayvpn/paper-materials-for-custom-paper-boxes/,0,,VALID_EXISTING_URL
1024,"CUSTOM GREEN BIRD NEST GIFT BOX WITH HANDLE",http://localhost/hopgiayvpn/product/custom-green-bird-nest-gift-box-with-handle/,category_hub,,"Bird Nest Packaging Boxes",http://localhost/hopgiayvpn/products/bird-nest-packaging-boxes/,"bird nest packaging boxes","Connect the product to its most specific existing category hub.","Product introduction or breadcrumb-support paragraph.",200,http://localhost/hopgiayvpn/products/bird-nest-packaging-boxes/,0,,VALID_EXISTING_URL
1024,"CUSTOM GREEN BIRD NEST GIFT BOX WITH HANDLE",http://localhost/hopgiayvpn/product/custom-green-bird-nest-gift-box-with-handle/,related_product,1025,"CUSTOM GREEN BIRD NEST CABINET GIFT BOX",http://localhost/hopgiayvpn/product/custom-green-bird-nest-cabinet-gift-box/,"custom green bird nest cabinet gift box","Same category with a different packed product, structure or support option.","After the structure/opening section.",200,http://localhost/hopgiayvpn/product/custom-green-bird-nest-cabinet-gift-box/,0,,VALID_EXISTING_URL
1024,"CUSTOM GREEN BIRD NEST GIFT BOX WITH HANDLE",http://localhost/hopgiayvpn/product/custom-green-bird-nest-gift-box-with-handle/,related_product,1023,"CUSTOM BLUE BIRD NEST DRAWER GIFT BOX",http://localhost/hopgiayvpn/product/custom-blue-bird-nest-drawer-gift-box/,"custom blue bird nest drawer gift box","Same category with a different packed product, structure or support option.","After the insert, material or use-case section.",200,http://localhost/hopgiayvpn/product/custom-blue-bird-nest-drawer-gift-box/,0,,VALID_EXISTING_URL
1024,"CUSTOM GREEN BIRD NEST GIFT BOX WITH HANDLE",http://localhost/hopgiayvpn/product/custom-green-bird-nest-gift-box-with-handle/,related_product,1026,"CUSTOM GREEN BIRD NEST COMPARTMENT GIFT BOX",http://localhost/hopgiayvpn/product/custom-green-bird-nest-compartment-gift-box/,"custom green bird nest compartment gift box","Same category with a different packed product, structure or support option.","After the insert, material or use-case section.",200,http://localhost/hopgiayvpn/product/custom-green-bird-nest-compartment-gift-box/,0,,VALID_EXISTING_URL
1024,"CUSTOM GREEN BIRD NEST GIFT BOX WITH HANDLE",http://localhost/hopgiayvpn/product/custom-green-bird-nest-gift-box-with-handle/,supporting_guide,587,"How to Choose the Right Paper Material for Custom Paper Boxes",http://localhost/hopgiayvpn/paper-materials-for-custom-paper-boxes/,"how to choose the right paper material for custom paper boxes","Existing guide matches the product structure, material, insert or industry-use vocabulary.","Inside the relevant structure/material paragraph.",200,http://localhost/hopgiayvpn/paper-materials-for-custom-paper-boxes/,0,,VALID_EXISTING_URL
1025,"CUSTOM GREEN BIRD NEST CABINET GIFT BOX",http://localhost/hopgiayvpn/product/custom-green-bird-nest-cabinet-gift-box/,category_hub,,"Bird Nest Packaging Boxes",http://localhost/hopgiayvpn/products/bird-nest-packaging-boxes/,"bird nest packaging boxes","Connect the product to its most specific existing category hub.","Product introduction or breadcrumb-support paragraph.",200,http://localhost/hopgiayvpn/products/bird-nest-packaging-boxes/,0,,VALID_EXISTING_URL
1025,"CUSTOM GREEN BIRD NEST CABINET GIFT BOX",http://localhost/hopgiayvpn/product/custom-green-bird-nest-cabinet-gift-box/,related_product,1024,"CUSTOM GREEN BIRD NEST GIFT BOX WITH HANDLE",http://localhost/hopgiayvpn/product/custom-green-bird-nest-gift-box-with-handle/,"custom green bird nest gift box with handle","Same category with a different packed product, structure or support option.","After the structure/opening section.",200,http://localhost/hopgiayvpn/product/custom-green-bird-nest-gift-box-with-handle/,0,,VALID_EXISTING_URL
1025,"CUSTOM GREEN BIRD NEST CABINET GIFT BOX",http://localhost/hopgiayvpn/product/custom-green-bird-nest-cabinet-gift-box/,related_product,1026,"CUSTOM GREEN BIRD NEST COMPARTMENT GIFT BOX",http://localhost/hopgiayvpn/product/custom-green-bird-nest-compartment-gift-box/,"custom green bird nest compartment gift box","Same category with a different packed product, structure or support option.","After the insert, material or use-case section.",200,http://localhost/hopgiayvpn/product/custom-green-bird-nest-compartment-gift-box/,0,,VALID_EXISTING_URL
1025,"CUSTOM GREEN BIRD NEST CABINET GIFT BOX",http://localhost/hopgiayvpn/product/custom-green-bird-nest-cabinet-gift-box/,related_product,1023,"CUSTOM BLUE BIRD NEST DRAWER GIFT BOX",http://localhost/hopgiayvpn/product/custom-blue-bird-nest-drawer-gift-box/,"custom blue bird nest drawer gift box","Same category with a different packed product, structure or support option.","After the insert, material or use-case section.",200,http://localhost/hopgiayvpn/product/custom-blue-bird-nest-drawer-gift-box/,0,,VALID_EXISTING_URL
1025,"CUSTOM GREEN BIRD NEST CABINET GIFT BOX",http://localhost/hopgiayvpn/product/custom-green-bird-nest-cabinet-gift-box/,supporting_guide,587,"How to Choose the Right Paper Material for Custom Paper Boxes",http://localhost/hopgiayvpn/paper-materials-for-custom-paper-boxes/,"how to choose the right paper material for custom paper boxes","Existing guide matches the product structure, material, insert or industry-use vocabulary.","Inside the relevant structure/material paragraph.",200,http://localhost/hopgiayvpn/paper-materials-for-custom-paper-boxes/,0,,VALID_EXISTING_URL
1026,"CUSTOM GREEN BIRD NEST COMPARTMENT GIFT BOX",http://localhost/hopgiayvpn/product/custom-green-bird-nest-compartment-gift-box/,category_hub,,"Bird Nest Packaging Boxes",http://localhost/hopgiayvpn/products/bird-nest-packaging-boxes/,"bird nest packaging boxes","Connect the product to its most specific existing category hub.","Product introduction or breadcrumb-support paragraph.",200,http://localhost/hopgiayvpn/products/bird-nest-packaging-boxes/,0,,VALID_EXISTING_URL
1026,"CUSTOM GREEN BIRD NEST COMPARTMENT GIFT BOX",http://localhost/hopgiayvpn/product/custom-green-bird-nest-compartment-gift-box/,related_product,1025,"CUSTOM GREEN BIRD NEST CABINET GIFT BOX",http://localhost/hopgiayvpn/product/custom-green-bird-nest-cabinet-gift-box/,"custom green bird nest cabinet gift box","Same category with a different packed product, structure or support option.","After the structure/opening section.",200,http://localhost/hopgiayvpn/product/custom-green-bird-nest-cabinet-gift-box/,0,,VALID_EXISTING_URL
1026,"CUSTOM GREEN BIRD NEST COMPARTMENT GIFT BOX",http://localhost/hopgiayvpn/product/custom-green-bird-nest-compartment-gift-box/,related_product,1024,"CUSTOM GREEN BIRD NEST GIFT BOX WITH HANDLE",http://localhost/hopgiayvpn/product/custom-green-bird-nest-gift-box-with-handle/,"custom green bird nest gift box with handle","Same category with a different packed product, structure or support option.","After the insert, material or use-case section.",200,http://localhost/hopgiayvpn/product/custom-green-bird-nest-gift-box-with-handle/,0,,VALID_EXISTING_URL
1026,"CUSTOM GREEN BIRD NEST COMPARTMENT GIFT BOX",http://localhost/hopgiayvpn/product/custom-green-bird-nest-compartment-gift-box/,related_product,1023,"CUSTOM BLUE BIRD NEST DRAWER GIFT BOX",http://localhost/hopgiayvpn/product/custom-blue-bird-nest-drawer-gift-box/,"custom blue bird nest drawer gift box","Same category with a different packed product, structure or support option.","After the insert, material or use-case section.",200,http://localhost/hopgiayvpn/product/custom-blue-bird-nest-drawer-gift-box/,0,,VALID_EXISTING_URL
1026,"CUSTOM GREEN BIRD NEST COMPARTMENT GIFT BOX",http://localhost/hopgiayvpn/product/custom-green-bird-nest-compartment-gift-box/,supporting_guide,587,"How to Choose the Right Paper Material for Custom Paper Boxes",http://localhost/hopgiayvpn/paper-materials-for-custom-paper-boxes/,"how to choose the right paper material for custom paper boxes","Existing guide matches the product structure, material, insert or industry-use vocabulary.","Inside the relevant structure/material paragraph.",200,http://localhost/hopgiayvpn/paper-materials-for-custom-paper-boxes/,0,,VALID_EXISTING_URL
1027,"KRAFT CORRUGATED MAILER BOX",http://localhost/hopgiayvpn/product/kraft-corrugated-mailer-box/,category_hub,,"Corrugated Mailer Boxes",http://localhost/hopgiayvpn/products/corrugated-mailer-boxes/,"corrugated mailer boxes","Connect the product to its most specific existing category hub.","Product introduction or breadcrumb-support paragraph.",200,http://localhost/hopgiayvpn/products/corrugated-mailer-boxes/,0,,VALID_EXISTING_URL
1027,"KRAFT CORRUGATED MAILER BOX",http://localhost/hopgiayvpn/product/kraft-corrugated-mailer-box/,related_product,391,"Custom Corrugated Mailer Box",http://localhost/hopgiayvpn/product/custom-corrugated-mailer-box/,"custom corrugated mailer box","Same category with a different packed product, structure or support option.","After the structure/opening section.",200,http://localhost/hopgiayvpn/product/custom-corrugated-mailer-box/,0,,VALID_EXISTING_URL
1027,"KRAFT CORRUGATED MAILER BOX",http://localhost/hopgiayvpn/product/kraft-corrugated-mailer-box/,related_product,386,"Custom Printed Corrugated Ecommerce Box",http://localhost/hopgiayvpn/product/custom-printed-corrugated-ecommerce-box/,"custom printed corrugated ecommerce box","Same category with a different packed product, structure or support option.","After the insert, material or use-case section.",200,http://localhost/hopgiayvpn/product/custom-printed-corrugated-ecommerce-box/,0,,VALID_EXISTING_URL
1027,"KRAFT CORRUGATED MAILER BOX",http://localhost/hopgiayvpn/product/kraft-corrugated-mailer-box/,related_product,5972,"CUSTOM CORRUGATED GIFT SET MAILER BOX",http://localhost/hopgiayvpn/product/custom-corrugated-gift-set-mailer-box/,"custom corrugated gift set mailer box","Same category with a different packed product, structure or support option.","After the insert, material or use-case section.",200,http://localhost/hopgiayvpn/product/custom-corrugated-gift-set-mailer-box/,0,,VALID_EXISTING_URL
1027,"KRAFT CORRUGATED MAILER BOX",http://localhost/hopgiayvpn/product/kraft-corrugated-mailer-box/,supporting_guide,587,"How to Choose the Right Paper Material for Custom Paper Boxes",http://localhost/hopgiayvpn/paper-materials-for-custom-paper-boxes/,"how to choose the right paper material for custom paper boxes","Existing guide matches the product structure, material, insert or industry-use vocabulary.","Inside the relevant structure/material paragraph.",200,http://localhost/hopgiayvpn/paper-materials-for-custom-paper-boxes/,0,,VALID_EXISTING_URL
1168,"CUSTOM CANDLE SHIPPING MAILER BOX WITH CORRUGATED INSERT",http://localhost/hopgiayvpn/product/custom-candle-shipping-mailer-box-with-corrugated-insert/,category_hub,,"Candle Packaging Boxes",http://localhost/hopgiayvpn/products/candle-packaging-boxes/,"candle packaging boxes","Connect the product to its most specific existing category hub.","Product introduction or breadcrumb-support paragraph.",200,http://localhost/hopgiayvpn/products/candle-packaging-boxes/,0,,VALID_EXISTING_URL
1168,"CUSTOM CANDLE SHIPPING MAILER BOX WITH CORRUGATED INSERT",http://localhost/hopgiayvpn/product/custom-candle-shipping-mailer-box-with-corrugated-insert/,related_product,5873,"CUSTOM CORRUGATED CANDLE SHIPPING BOX",http://localhost/hopgiayvpn/product/custom-corrugated-candle-shipping-box/,"custom corrugated candle shipping box","Same category with a different packed product, structure or support option.","After the structure/opening section.",200,http://localhost/hopgiayvpn/product/custom-corrugated-candle-shipping-box/,0,,VALID_EXISTING_URL
1168,"CUSTOM CANDLE SHIPPING MAILER BOX WITH CORRUGATED INSERT",http://localhost/hopgiayvpn/product/custom-candle-shipping-mailer-box-with-corrugated-insert/,related_product,1169,"CUSTOM TWO-PIECE CANDLE GIFT BOX WITH LID AND BASE",http://localhost/hopgiayvpn/product/custom-two-piece-candle-gift-box-with-lid-and-base/,"custom two-piece candle gift box with lid and base","Same category with a different packed product, structure or support option.","After the insert, material or use-case section.",200,http://localhost/hopgiayvpn/product/custom-two-piece-candle-gift-box-with-lid-and-base/,0,,VALID_EXISTING_URL
1168,"CUSTOM CANDLE SHIPPING MAILER BOX WITH CORRUGATED INSERT",http://localhost/hopgiayvpn/product/custom-candle-shipping-mailer-box-with-corrugated-insert/,related_product,233,"Custom Candle Jar Box with Insert",http://localhost/hopgiayvpn/product/custom-candle-jar-box-with-insert/,"custom candle jar box with insert","Same category with a different packed product, structure or support option.","After the insert, material or use-case section.",200,http://localhost/hopgiayvpn/product/custom-candle-jar-box-with-insert/,0,,VALID_EXISTING_URL
1168,"CUSTOM CANDLE SHIPPING MAILER BOX WITH CORRUGATED INSERT",http://localhost/hopgiayvpn/product/custom-candle-shipping-mailer-box-with-corrugated-insert/,supporting_guide,587,"How to Choose the Right Paper Material for Custom Paper Boxes",http://localhost/hopgiayvpn/paper-materials-for-custom-paper-boxes/,"how to choose the right paper material for custom paper boxes","Existing guide matches the product structure, material, insert or industry-use vocabulary.","Inside the relevant structure/material paragraph.",200,http://localhost/hopgiayvpn/paper-materials-for-custom-paper-boxes/,0,,VALID_EXISTING_URL
1169,"CUSTOM TWO-PIECE CANDLE GIFT BOX WITH LID AND BASE",http://localhost/hopgiayvpn/product/custom-two-piece-candle-gift-box-with-lid-and-base/,category_hub,,"Candle Packaging Boxes",http://localhost/hopgiayvpn/products/candle-packaging-boxes/,"candle packaging boxes","Connect the product to its most specific existing category hub.","Product introduction or breadcrumb-support paragraph.",200,http://localhost/hopgiayvpn/products/candle-packaging-boxes/,0,,VALID_EXISTING_URL
1169,"CUSTOM TWO-PIECE CANDLE GIFT BOX WITH LID AND BASE",http://localhost/hopgiayvpn/product/custom-two-piece-candle-gift-box-with-lid-and-base/,related_product,233,"Custom Candle Jar Box with Insert",http://localhost/hopgiayvpn/product/custom-candle-jar-box-with-insert/,"custom candle jar box with insert","Same category with a different packed product, structure or support option.","After the structure/opening section.",200,http://localhost/hopgiayvpn/product/custom-candle-jar-box-with-insert/,0,,VALID_EXISTING_URL
1169,"CUSTOM TWO-PIECE CANDLE GIFT BOX WITH LID AND BASE",http://localhost/hopgiayvpn/product/custom-two-piece-candle-gift-box-with-lid-and-base/,related_product,1170,"CUSTOM WINDOW CANDLE BOX FOR TUMBLER CANDLES",http://localhost/hopgiayvpn/product/custom-window-candle-box-for-tumbler-candles/,"custom window candle box for tumbler candles","Same category with a different packed product, structure or support option.","After the insert, material or use-case section.",200,http://localhost/hopgiayvpn/product/custom-window-candle-box-for-tumbler-candles/,0,,VALID_EXISTING_URL
1169,"CUSTOM TWO-PIECE CANDLE GIFT BOX WITH LID AND BASE",http://localhost/hopgiayvpn/product/custom-two-piece-candle-gift-box-with-lid-and-base/,related_product,1168,"CUSTOM CANDLE SHIPPING MAILER BOX WITH CORRUGATED INSERT",http://localhost/hopgiayvpn/product/custom-candle-shipping-mailer-box-with-corrugated-insert/,"custom candle shipping mailer box with corrugated insert","Same category with a different packed product, structure or support option.","After the insert, material or use-case section.",200,http://localhost/hopgiayvpn/product/custom-candle-shipping-mailer-box-with-corrugated-insert/,0,,VALID_EXISTING_URL
1169,"CUSTOM TWO-PIECE CANDLE GIFT BOX WITH LID AND BASE",http://localhost/hopgiayvpn/product/custom-two-piece-candle-gift-box-with-lid-and-base/,supporting_guide,587,"How to Choose the Right Paper Material for Custom Paper Boxes",http://localhost/hopgiayvpn/paper-materials-for-custom-paper-boxes/,"how to choose the right paper material for custom paper boxes","Existing guide matches the product structure, material, insert or industry-use vocabulary.","Inside the relevant structure/material paragraph.",200,http://localhost/hopgiayvpn/paper-materials-for-custom-paper-boxes/,0,,VALID_EXISTING_URL
1169,"CUSTOM TWO-PIECE CANDLE GIFT BOX WITH LID AND BASE",http://localhost/hopgiayvpn/product/custom-two-piece-candle-gift-box-with-lid-and-base/,supporting_guide,1148,"Matte vs Gloss Lamination for Paper Packaging: Practical Differences",http://localhost/hopgiayvpn/matte-vs-gloss-lamination-for-packaging/,"matte vs gloss lamination for paper packaging: practical differences","Existing guide matches the product structure, material, insert or industry-use vocabulary.","Near the quote-preparation or sampling checklist.",200,http://localhost/hopgiayvpn/matte-vs-gloss-lamination-for-packaging/,0,,VALID_EXISTING_URL
1170,"CUSTOM WINDOW CANDLE BOX FOR TUMBLER CANDLES",http://localhost/hopgiayvpn/product/custom-window-candle-box-for-tumbler-candles/,category_hub,,"Candle Packaging Boxes",http://localhost/hopgiayvpn/products/candle-packaging-boxes/,"candle packaging boxes","Connect the product to its most specific existing category hub.","Product introduction or breadcrumb-support paragraph.",200,http://localhost/hopgiayvpn/products/candle-packaging-boxes/,0,,VALID_EXISTING_URL
1170,"CUSTOM WINDOW CANDLE BOX FOR TUMBLER CANDLES",http://localhost/hopgiayvpn/product/custom-window-candle-box-for-tumbler-candles/,related_product,1169,"CUSTOM TWO-PIECE CANDLE GIFT BOX WITH LID AND BASE",http://localhost/hopgiayvpn/product/custom-two-piece-candle-gift-box-with-lid-and-base/,"custom two-piece candle gift box with lid and base","Same category with a different packed product, structure or support option.","After the structure/opening section.",200,http://localhost/hopgiayvpn/product/custom-two-piece-candle-gift-box-with-lid-and-base/,0,,VALID_EXISTING_URL
1170,"CUSTOM WINDOW CANDLE BOX FOR TUMBLER CANDLES",http://localhost/hopgiayvpn/product/custom-window-candle-box-for-tumbler-candles/,related_product,1478,"Custom Candle Magnetic Gift Box",http://localhost/hopgiayvpn/product/custom-candle-magnetic-gift-box/,"custom candle magnetic gift box","Same category with a different packed product, structure or support option.","After the insert, material or use-case section.",200,http://localhost/hopgiayvpn/product/custom-candle-magnetic-gift-box/,0,,VALID_EXISTING_URL
1170,"CUSTOM WINDOW CANDLE BOX FOR TUMBLER CANDLES",http://localhost/hopgiayvpn/product/custom-window-candle-box-for-tumbler-candles/,related_product,1168,"CUSTOM CANDLE SHIPPING MAILER BOX WITH CORRUGATED INSERT",http://localhost/hopgiayvpn/product/custom-candle-shipping-mailer-box-with-corrugated-insert/,"custom candle shipping mailer box with corrugated insert","Same category with a different packed product, structure or support option.","After the insert, material or use-case section.",200,http://localhost/hopgiayvpn/product/custom-candle-shipping-mailer-box-with-corrugated-insert/,0,,VALID_EXISTING_URL
1170,"CUSTOM WINDOW CANDLE BOX FOR TUMBLER CANDLES",http://localhost/hopgiayvpn/product/custom-window-candle-box-for-tumbler-candles/,supporting_guide,1148,"Matte vs Gloss Lamination for Paper Packaging: Practical Differences",http://localhost/hopgiayvpn/matte-vs-gloss-lamination-for-packaging/,"matte vs gloss lamination for paper packaging: practical differences","Existing guide matches the product structure, material, insert or industry-use vocabulary.","Inside the relevant structure/material paragraph.",200,http://localhost/hopgiayvpn/matte-vs-gloss-lamination-for-packaging/,0,,VALID_EXISTING_URL
1170,"CUSTOM WINDOW CANDLE BOX FOR TUMBLER CANDLES",http://localhost/hopgiayvpn/product/custom-window-candle-box-for-tumbler-candles/,supporting_guide,587,"How to Choose the Right Paper Material for Custom Paper Boxes",http://localhost/hopgiayvpn/paper-materials-for-custom-paper-boxes/,"how to choose the right paper material for custom paper boxes","Existing guide matches the product structure, material, insert or industry-use vocabulary.","Near the quote-preparation or sampling checklist.",200,http://localhost/hopgiayvpn/paper-materials-for-custom-paper-boxes/,0,,VALID_EXISTING_URL
1215,"CUSTOM CANDLE PAPER TUBE BOX",http://localhost/hopgiayvpn/product/custom-candle-paper-tube-box/,category_hub,,"Paper Tube Packaging",http://localhost/hopgiayvpn/products/paper-tube-packaging/,"paper tube packaging","Connect the product to its most specific existing category hub.","Product introduction or breadcrumb-support paragraph.",200,http://localhost/hopgiayvpn/products/paper-tube-packaging/,0,,VALID_EXISTING_URL
1215,"CUSTOM CANDLE PAPER TUBE BOX",http://localhost/hopgiayvpn/product/custom-candle-paper-tube-box/,related_product,1225,"CUSTOM TEA PAPER TUBE PACKAGING",http://localhost/hopgiayvpn/product/custom-tea-paper-tube-packaging/,"custom tea paper tube packaging","Same category with a different packed product, structure or support option.","After the structure/opening section.",200,http://localhost/hopgiayvpn/product/custom-tea-paper-tube-packaging/,0,,VALID_EXISTING_URL
1215,"CUSTOM CANDLE PAPER TUBE BOX",http://localhost/hopgiayvpn/product/custom-candle-paper-tube-box/,related_product,228,"Custom Cylindrical Paper Tube Box",http://localhost/hopgiayvpn/product/custom-cylindrical-paper-tube-box/,"custom cylindrical paper tube box","Same category with a different packed product, structure or support option.","After the insert, material or use-case section.",200,http://localhost/hopgiayvpn/product/custom-cylindrical-paper-tube-box/,0,,VALID_EXISTING_URL
1215,"CUSTOM CANDLE PAPER TUBE BOX",http://localhost/hopgiayvpn/product/custom-candle-paper-tube-box/,related_product,1220,"CUSTOM COFFEE PAPER TUBE PACKAGING",http://localhost/hopgiayvpn/product/custom-coffee-paper-tube-packaging/,"custom coffee paper tube packaging","Same category with a different packed product, structure or support option.","After the insert, material or use-case section.",200,http://localhost/hopgiayvpn/product/custom-coffee-paper-tube-packaging/,0,,VALID_EXISTING_URL
1215,"CUSTOM CANDLE PAPER TUBE BOX",http://localhost/hopgiayvpn/product/custom-candle-paper-tube-box/,supporting_guide,587,"How to Choose the Right Paper Material for Custom Paper Boxes",http://localhost/hopgiayvpn/paper-materials-for-custom-paper-boxes/,"how to choose the right paper material for custom paper boxes","Existing guide matches the product structure, material, insert or industry-use vocabulary.","Inside the relevant structure/material paragraph.",200,http://localhost/hopgiayvpn/paper-materials-for-custom-paper-boxes/,0,,VALID_EXISTING_URL
1215,"CUSTOM CANDLE PAPER TUBE BOX",http://localhost/hopgiayvpn/product/custom-candle-paper-tube-box/,supporting_guide,1187,"What Is a Dieline in Packaging? Cut, Crease, Bleed and Safe Area",http://localhost/hopgiayvpn/what-is-a-paper-box-dieline/,"what is a dieline in packaging? cut, crease, bleed and safe area","Existing guide matches the product structure, material, insert or industry-use vocabulary.","Near the quote-preparation or sampling checklist.",200,http://localhost/hopgiayvpn/what-is-a-paper-box-dieline/,0,,VALID_EXISTING_URL
1220,"CUSTOM COFFEE PAPER TUBE PACKAGING",http://localhost/hopgiayvpn/product/custom-coffee-paper-tube-packaging/,category_hub,,"Paper Tube Packaging",http://localhost/hopgiayvpn/products/paper-tube-packaging/,"paper tube packaging","Connect the product to its most specific existing category hub.","Product introduction or breadcrumb-support paragraph.",200,http://localhost/hopgiayvpn/products/paper-tube-packaging/,0,,VALID_EXISTING_URL
1220,"CUSTOM COFFEE PAPER TUBE PACKAGING",http://localhost/hopgiayvpn/product/custom-coffee-paper-tube-packaging/,related_product,1225,"CUSTOM TEA PAPER TUBE PACKAGING",http://localhost/hopgiayvpn/product/custom-tea-paper-tube-packaging/,"custom tea paper tube packaging","Same category with a different packed product, structure or support option.","After the structure/opening section.",200,http://localhost/hopgiayvpn/product/custom-tea-paper-tube-packaging/,0,,VALID_EXISTING_URL
1220,"CUSTOM COFFEE PAPER TUBE PACKAGING",http://localhost/hopgiayvpn/product/custom-coffee-paper-tube-packaging/,related_product,228,"Custom Cylindrical Paper Tube Box",http://localhost/hopgiayvpn/product/custom-cylindrical-paper-tube-box/,"custom cylindrical paper tube box","Same category with a different packed product, structure or support option.","After the insert, material or use-case section.",200,http://localhost/hopgiayvpn/product/custom-cylindrical-paper-tube-box/,0,,VALID_EXISTING_URL
1220,"CUSTOM COFFEE PAPER TUBE PACKAGING",http://localhost/hopgiayvpn/product/custom-coffee-paper-tube-packaging/,related_product,1215,"CUSTOM CANDLE PAPER TUBE BOX",http://localhost/hopgiayvpn/product/custom-candle-paper-tube-box/,"custom candle paper tube box","Same category with a different packed product, structure or support option.","After the insert, material or use-case section.",200,http://localhost/hopgiayvpn/product/custom-candle-paper-tube-box/,0,,VALID_EXISTING_URL
1220,"CUSTOM COFFEE PAPER TUBE PACKAGING",http://localhost/hopgiayvpn/product/custom-coffee-paper-tube-packaging/,supporting_guide,587,"How to Choose the Right Paper Material for Custom Paper Boxes",http://localhost/hopgiayvpn/paper-materials-for-custom-paper-boxes/,"how to choose the right paper material for custom paper boxes","Existing guide matches the product structure, material, insert or industry-use vocabulary.","Inside the relevant structure/material paragraph.",200,http://localhost/hopgiayvpn/paper-materials-for-custom-paper-boxes/,0,,VALID_EXISTING_URL
1220,"CUSTOM COFFEE PAPER TUBE PACKAGING",http://localhost/hopgiayvpn/product/custom-coffee-paper-tube-packaging/,supporting_guide,1187,"What Is a Dieline in Packaging? Cut, Crease, Bleed and Safe Area",http://localhost/hopgiayvpn/what-is-a-paper-box-dieline/,"what is a dieline in packaging? cut, crease, bleed and safe area","Existing guide matches the product structure, material, insert or industry-use vocabulary.","Near the quote-preparation or sampling checklist.",200,http://localhost/hopgiayvpn/what-is-a-paper-box-dieline/,0,,VALID_EXISTING_URL
1225,"CUSTOM TEA PAPER TUBE PACKAGING",http://localhost/hopgiayvpn/product/custom-tea-paper-tube-packaging/,category_hub,,"Paper Tube Packaging",http://localhost/hopgiayvpn/products/paper-tube-packaging/,"paper tube packaging","Connect the product to its most specific existing category hub.","Product introduction or breadcrumb-support paragraph.",200,http://localhost/hopgiayvpn/products/paper-tube-packaging/,0,,VALID_EXISTING_URL
1225,"CUSTOM TEA PAPER TUBE PACKAGING",http://localhost/hopgiayvpn/product/custom-tea-paper-tube-packaging/,related_product,1220,"CUSTOM COFFEE PAPER TUBE PACKAGING",http://localhost/hopgiayvpn/product/custom-coffee-paper-tube-packaging/,"custom coffee paper tube packaging","Same category with a different packed product, structure or support option.","After the structure/opening section.",200,http://localhost/hopgiayvpn/product/custom-coffee-paper-tube-packaging/,0,,VALID_EXISTING_URL
1225,"CUSTOM TEA PAPER TUBE PACKAGING",http://localhost/hopgiayvpn/product/custom-tea-paper-tube-packaging/,related_product,228,"Custom Cylindrical Paper Tube Box",http://localhost/hopgiayvpn/product/custom-cylindrical-paper-tube-box/,"custom cylindrical paper tube box","Same category with a different packed product, structure or support option.","After the insert, material or use-case section.",200,http://localhost/hopgiayvpn/product/custom-cylindrical-paper-tube-box/,0,,VALID_EXISTING_URL
1225,"CUSTOM TEA PAPER TUBE PACKAGING",http://localhost/hopgiayvpn/product/custom-tea-paper-tube-packaging/,related_product,1215,"CUSTOM CANDLE PAPER TUBE BOX",http://localhost/hopgiayvpn/product/custom-candle-paper-tube-box/,"custom candle paper tube box","Same category with a different packed product, structure or support option.","After the insert, material or use-case section.",200,http://localhost/hopgiayvpn/product/custom-candle-paper-tube-box/,0,,VALID_EXISTING_URL
1225,"CUSTOM TEA PAPER TUBE PACKAGING",http://localhost/hopgiayvpn/product/custom-tea-paper-tube-packaging/,supporting_guide,587,"How to Choose the Right Paper Material for Custom Paper Boxes",http://localhost/hopgiayvpn/paper-materials-for-custom-paper-boxes/,"how to choose the right paper material for custom paper boxes","Existing guide matches the product structure, material, insert or industry-use vocabulary.","Inside the relevant structure/material paragraph.",200,http://localhost/hopgiayvpn/paper-materials-for-custom-paper-boxes/,0,,VALID_EXISTING_URL
1225,"CUSTOM TEA PAPER TUBE PACKAGING",http://localhost/hopgiayvpn/product/custom-tea-paper-tube-packaging/,supporting_guide,1187,"What Is a Dieline in Packaging? Cut, Crease, Bleed and Safe Area",http://localhost/hopgiayvpn/what-is-a-paper-box-dieline/,"what is a dieline in packaging? cut, crease, bleed and safe area","Existing guide matches the product structure, material, insert or industry-use vocabulary.","Near the quote-preparation or sampling checklist.",200,http://localhost/hopgiayvpn/what-is-a-paper-box-dieline/,0,,VALID_EXISTING_URL
1230,"CUSTOM FITNESS ACCESSORY GIFT BOX",http://localhost/hopgiayvpn/product/custom-fitness-accessory-gift-box/,category_hub,,"Sports Packaging Boxes",http://localhost/hopgiayvpn/products/sports-packaging-boxes/,"sports packaging boxes","Connect the product to its most specific existing category hub.","Product introduction or breadcrumb-support paragraph.",200,http://localhost/hopgiayvpn/products/sports-packaging-boxes/,0,,VALID_EXISTING_URL
1230,"CUSTOM FITNESS ACCESSORY GIFT BOX",http://localhost/hopgiayvpn/product/custom-fitness-accessory-gift-box/,related_product,1240,"CUSTOM RESISTANCE BAND PACKAGING BOX",http://localhost/hopgiayvpn/product/custom-resistance-band-packaging-box/,"custom resistance band packaging box","Same category with a different packed product, structure or support option.","After the structure/opening section.",200,http://localhost/hopgiayvpn/product/custom-resistance-band-packaging-box/,0,,VALID_EXISTING_URL
1230,"CUSTOM FITNESS ACCESSORY GIFT BOX",http://localhost/hopgiayvpn/product/custom-fitness-accessory-gift-box/,related_product,1245,"CUSTOM YOGA MAT PACKAGING BOX",http://localhost/hopgiayvpn/product/custom-yoga-mat-packaging-box/,"custom yoga mat packaging box","Same category with a different packed product, structure or support option.","After the insert, material or use-case section.",200,http://localhost/hopgiayvpn/product/custom-yoga-mat-packaging-box/,0,,VALID_EXISTING_URL
1230,"CUSTOM FITNESS ACCESSORY GIFT BOX",http://localhost/hopgiayvpn/product/custom-fitness-accessory-gift-box/,related_product,1235,"CUSTOM GOLF BALL PACKAGING BOX",http://localhost/hopgiayvpn/product/custom-golf-ball-packaging-box/,"custom golf ball packaging box","Same category with a different packed product, structure or support option.","After the insert, material or use-case section.",200,http://localhost/hopgiayvpn/product/custom-golf-ball-packaging-box/,0,,VALID_EXISTING_URL
1230,"CUSTOM FITNESS ACCESSORY GIFT BOX",http://localhost/hopgiayvpn/product/custom-fitness-accessory-gift-box/,supporting_guide,587,"How to Choose the Right Paper Material for Custom Paper Boxes",http://localhost/hopgiayvpn/paper-materials-for-custom-paper-boxes/,"how to choose the right paper material for custom paper boxes","Existing guide matches the product structure, material, insert or industry-use vocabulary.","Inside the relevant structure/material paragraph.",200,http://localhost/hopgiayvpn/paper-materials-for-custom-paper-boxes/,0,,VALID_EXISTING_URL
1230,"CUSTOM FITNESS ACCESSORY GIFT BOX",http://localhost/hopgiayvpn/product/custom-fitness-accessory-gift-box/,supporting_guide,1187,"What Is a Dieline in Packaging? Cut, Crease, Bleed and Safe Area",http://localhost/hopgiayvpn/what-is-a-paper-box-dieline/,"what is a dieline in packaging? cut, crease, bleed and safe area","Existing guide matches the product structure, material, insert or industry-use vocabulary.","Near the quote-preparation or sampling checklist.",200,http://localhost/hopgiayvpn/what-is-a-paper-box-dieline/,0,,VALID_EXISTING_URL
1235,"CUSTOM GOLF BALL PACKAGING BOX",http://localhost/hopgiayvpn/product/custom-golf-ball-packaging-box/,category_hub,,"Sports Packaging Boxes",http://localhost/hopgiayvpn/products/sports-packaging-boxes/,"sports packaging boxes","Connect the product to its most specific existing category hub.","Product introduction or breadcrumb-support paragraph.",200,http://localhost/hopgiayvpn/products/sports-packaging-boxes/,0,,VALID_EXISTING_URL
1235,"CUSTOM GOLF BALL PACKAGING BOX",http://localhost/hopgiayvpn/product/custom-golf-ball-packaging-box/,related_product,1230,"CUSTOM FITNESS ACCESSORY GIFT BOX",http://localhost/hopgiayvpn/product/custom-fitness-accessory-gift-box/,"custom fitness accessory gift box","Same category with a different packed product, structure or support option.","After the structure/opening section.",200,http://localhost/hopgiayvpn/product/custom-fitness-accessory-gift-box/,0,,VALID_EXISTING_URL
1235,"CUSTOM GOLF BALL PACKAGING BOX",http://localhost/hopgiayvpn/product/custom-golf-ball-packaging-box/,related_product,1240,"CUSTOM RESISTANCE BAND PACKAGING BOX",http://localhost/hopgiayvpn/product/custom-resistance-band-packaging-box/,"custom resistance band packaging box","Same category with a different packed product, structure or support option.","After the insert, material or use-case section.",200,http://localhost/hopgiayvpn/product/custom-resistance-band-packaging-box/,0,,VALID_EXISTING_URL
1235,"CUSTOM GOLF BALL PACKAGING BOX",http://localhost/hopgiayvpn/product/custom-golf-ball-packaging-box/,related_product,1245,"CUSTOM YOGA MAT PACKAGING BOX",http://localhost/hopgiayvpn/product/custom-yoga-mat-packaging-box/,"custom yoga mat packaging box","Same category with a different packed product, structure or support option.","After the insert, material or use-case section.",200,http://localhost/hopgiayvpn/product/custom-yoga-mat-packaging-box/,0,,VALID_EXISTING_URL
1235,"CUSTOM GOLF BALL PACKAGING BOX",http://localhost/hopgiayvpn/product/custom-golf-ball-packaging-box/,supporting_guide,1187,"What Is a Dieline in Packaging? Cut, Crease, Bleed and Safe Area",http://localhost/hopgiayvpn/what-is-a-paper-box-dieline/,"what is a dieline in packaging? cut, crease, bleed and safe area","Existing guide matches the product structure, material, insert or industry-use vocabulary.","Inside the relevant structure/material paragraph.",200,http://localhost/hopgiayvpn/what-is-a-paper-box-dieline/,0,,VALID_EXISTING_URL
1235,"CUSTOM GOLF BALL PACKAGING BOX",http://localhost/hopgiayvpn/product/custom-golf-ball-packaging-box/,supporting_guide,587,"How to Choose the Right Paper Material for Custom Paper Boxes",http://localhost/hopgiayvpn/paper-materials-for-custom-paper-boxes/,"how to choose the right paper material for custom paper boxes","Existing guide matches the product structure, material, insert or industry-use vocabulary.","Near the quote-preparation or sampling checklist.",200,http://localhost/hopgiayvpn/paper-materials-for-custom-paper-boxes/,0,,VALID_EXISTING_URL
1240,"CUSTOM RESISTANCE BAND PACKAGING BOX",http://localhost/hopgiayvpn/product/custom-resistance-band-packaging-box/,category_hub,,"Sports Packaging Boxes",http://localhost/hopgiayvpn/products/sports-packaging-boxes/,"sports packaging boxes","Connect the product to its most specific existing category hub.","Product introduction or breadcrumb-support paragraph.",200,http://localhost/hopgiayvpn/products/sports-packaging-boxes/,0,,VALID_EXISTING_URL
1240,"CUSTOM RESISTANCE BAND PACKAGING BOX",http://localhost/hopgiayvpn/product/custom-resistance-band-packaging-box/,related_product,1230,"CUSTOM FITNESS ACCESSORY GIFT BOX",http://localhost/hopgiayvpn/product/custom-fitness-accessory-gift-box/,"custom fitness accessory gift box","Same category with a different packed product, structure or support option.","After the structure/opening section.",200,http://localhost/hopgiayvpn/product/custom-fitness-accessory-gift-box/,0,,VALID_EXISTING_URL
1240,"CUSTOM RESISTANCE BAND PACKAGING BOX",http://localhost/hopgiayvpn/product/custom-resistance-band-packaging-box/,related_product,1235,"CUSTOM GOLF BALL PACKAGING BOX",http://localhost/hopgiayvpn/product/custom-golf-ball-packaging-box/,"custom golf ball packaging box","Same category with a different packed product, structure or support option.","After the insert, material or use-case section.",200,http://localhost/hopgiayvpn/product/custom-golf-ball-packaging-box/,0,,VALID_EXISTING_URL
1240,"CUSTOM RESISTANCE BAND PACKAGING BOX",http://localhost/hopgiayvpn/product/custom-resistance-band-packaging-box/,related_product,1245,"CUSTOM YOGA MAT PACKAGING BOX",http://localhost/hopgiayvpn/product/custom-yoga-mat-packaging-box/,"custom yoga mat packaging box","Same category with a different packed product, structure or support option.","After the insert, material or use-case section.",200,http://localhost/hopgiayvpn/product/custom-yoga-mat-packaging-box/,0,,VALID_EXISTING_URL
1240,"CUSTOM RESISTANCE BAND PACKAGING BOX",http://localhost/hopgiayvpn/product/custom-resistance-band-packaging-box/,supporting_guide,587,"How to Choose the Right Paper Material for Custom Paper Boxes",http://localhost/hopgiayvpn/paper-materials-for-custom-paper-boxes/,"how to choose the right paper material for custom paper boxes","Existing guide matches the product structure, material, insert or industry-use vocabulary.","Inside the relevant structure/material paragraph.",200,http://localhost/hopgiayvpn/paper-materials-for-custom-paper-boxes/,0,,VALID_EXISTING_URL
1240,"CUSTOM RESISTANCE BAND PACKAGING BOX",http://localhost/hopgiayvpn/product/custom-resistance-band-packaging-box/,supporting_guide,1187,"What Is a Dieline in Packaging? Cut, Crease, Bleed and Safe Area",http://localhost/hopgiayvpn/what-is-a-paper-box-dieline/,"what is a dieline in packaging? cut, crease, bleed and safe area","Existing guide matches the product structure, material, insert or industry-use vocabulary.","Near the quote-preparation or sampling checklist.",200,http://localhost/hopgiayvpn/what-is-a-paper-box-dieline/,0,,VALID_EXISTING_URL
1245,"CUSTOM YOGA MAT PACKAGING BOX",http://localhost/hopgiayvpn/product/custom-yoga-mat-packaging-box/,category_hub,,"Sports Packaging Boxes",http://localhost/hopgiayvpn/products/sports-packaging-boxes/,"sports packaging boxes","Connect the product to its most specific existing category hub.","Product introduction or breadcrumb-support paragraph.",200,http://localhost/hopgiayvpn/products/sports-packaging-boxes/,0,,VALID_EXISTING_URL
1245,"CUSTOM YOGA MAT PACKAGING BOX",http://localhost/hopgiayvpn/product/custom-yoga-mat-packaging-box/,related_product,1230,"CUSTOM FITNESS ACCESSORY GIFT BOX",http://localhost/hopgiayvpn/product/custom-fitness-accessory-gift-box/,"custom fitness accessory gift box","Same category with a different packed product, structure or support option.","After the structure/opening section.",200,http://localhost/hopgiayvpn/product/custom-fitness-accessory-gift-box/,0,,VALID_EXISTING_URL
1245,"CUSTOM YOGA MAT PACKAGING BOX",http://localhost/hopgiayvpn/product/custom-yoga-mat-packaging-box/,related_product,1240,"CUSTOM RESISTANCE BAND PACKAGING BOX",http://localhost/hopgiayvpn/product/custom-resistance-band-packaging-box/,"custom resistance band packaging box","Same category with a different packed product, structure or support option.","After the insert, material or use-case section.",200,http://localhost/hopgiayvpn/product/custom-resistance-band-packaging-box/,0,,VALID_EXISTING_URL
1245,"CUSTOM YOGA MAT PACKAGING BOX",http://localhost/hopgiayvpn/product/custom-yoga-mat-packaging-box/,related_product,1235,"CUSTOM GOLF BALL PACKAGING BOX",http://localhost/hopgiayvpn/product/custom-golf-ball-packaging-box/,"custom golf ball packaging box","Same category with a different packed product, structure or support option.","After the insert, material or use-case section.",200,http://localhost/hopgiayvpn/product/custom-golf-ball-packaging-box/,0,,VALID_EXISTING_URL
1245,"CUSTOM YOGA MAT PACKAGING BOX",http://localhost/hopgiayvpn/product/custom-yoga-mat-packaging-box/,supporting_guide,1187,"What Is a Dieline in Packaging? Cut, Crease, Bleed and Safe Area",http://localhost/hopgiayvpn/what-is-a-paper-box-dieline/,"what is a dieline in packaging? cut, crease, bleed and safe area","Existing guide matches the product structure, material, insert or industry-use vocabulary.","Inside the relevant structure/material paragraph.",200,http://localhost/hopgiayvpn/what-is-a-paper-box-dieline/,0,,VALID_EXISTING_URL
1245,"CUSTOM YOGA MAT PACKAGING BOX",http://localhost/hopgiayvpn/product/custom-yoga-mat-packaging-box/,supporting_guide,587,"How to Choose the Right Paper Material for Custom Paper Boxes",http://localhost/hopgiayvpn/paper-materials-for-custom-paper-boxes/,"how to choose the right paper material for custom paper boxes","Existing guide matches the product structure, material, insert or industry-use vocabulary.","Near the quote-preparation or sampling checklist.",200,http://localhost/hopgiayvpn/paper-materials-for-custom-paper-boxes/,0,,VALID_EXISTING_URL
1276,"CUSTOM BRACELET PACKAGING BOX WITH PILLOW INSERT",http://localhost/hopgiayvpn/product/custom-bracelet-packaging-box-with-pillow-insert/,category_hub,,"Jewelry Paper Boxes",http://localhost/hopgiayvpn/products/jewelry-paper-boxes/,"jewelry paper boxes","Connect the product to its most specific existing category hub.","Product introduction or breadcrumb-support paragraph.",200,http://localhost/hopgiayvpn/products/jewelry-paper-boxes/,0,,VALID_EXISTING_URL
1276,"CUSTOM BRACELET PACKAGING BOX WITH PILLOW INSERT",http://localhost/hopgiayvpn/product/custom-bracelet-packaging-box-with-pillow-insert/,related_product,1281,"CUSTOM EARRING BOX WITH FOAM INSERT",http://localhost/hopgiayvpn/product/custom-earring-box-with-foam-insert/,"custom earring box with foam insert","Same category with a different packed product, structure or support option.","After the structure/opening section.",200,http://localhost/hopgiayvpn/product/custom-earring-box-with-foam-insert/,0,,VALID_EXISTING_URL
1276,"CUSTOM BRACELET PACKAGING BOX WITH PILLOW INSERT",http://localhost/hopgiayvpn/product/custom-bracelet-packaging-box-with-pillow-insert/,related_product,257,"Custom Watch Box with Pillow Insert",http://localhost/hopgiayvpn/product/custom-watch-box-with-pillow-insert/,"custom watch box with pillow insert","Same category with a different packed product, structure or support option.","After the insert, material or use-case section.",200,http://localhost/hopgiayvpn/product/custom-watch-box-with-pillow-insert/,0,,VALID_EXISTING_URL
1276,"CUSTOM BRACELET PACKAGING BOX WITH PILLOW INSERT",http://localhost/hopgiayvpn/product/custom-bracelet-packaging-box-with-pillow-insert/,related_product,431,"Custom Watch Box with Drawer",http://localhost/hopgiayvpn/product/custom-watch-box-with-drawer/,"custom watch box with drawer","Same category with a different packed product, structure or support option.","After the insert, material or use-case section.",200,http://localhost/hopgiayvpn/product/custom-watch-box-with-drawer/,0,,VALID_EXISTING_URL
1276,"CUSTOM BRACELET PACKAGING BOX WITH PILLOW INSERT",http://localhost/hopgiayvpn/product/custom-bracelet-packaging-box-with-pillow-insert/,supporting_guide,587,"How to Choose the Right Paper Material for Custom Paper Boxes",http://localhost/hopgiayvpn/paper-materials-for-custom-paper-boxes/,"how to choose the right paper material for custom paper boxes","Existing guide matches the product structure, material, insert or industry-use vocabulary.","Inside the relevant structure/material paragraph.",200,http://localhost/hopgiayvpn/paper-materials-for-custom-paper-boxes/,0,,VALID_EXISTING_URL
1281,"CUSTOM EARRING BOX WITH FOAM INSERT",http://localhost/hopgiayvpn/product/custom-earring-box-with-foam-insert/,category_hub,,"Jewelry Paper Boxes",http://localhost/hopgiayvpn/products/jewelry-paper-boxes/,"jewelry paper boxes","Connect the product to its most specific existing category hub.","Product introduction or breadcrumb-support paragraph.",200,http://localhost/hopgiayvpn/products/jewelry-paper-boxes/,0,,VALID_EXISTING_URL
1281,"CUSTOM EARRING BOX WITH FOAM INSERT",http://localhost/hopgiayvpn/product/custom-earring-box-with-foam-insert/,related_product,1276,"CUSTOM BRACELET PACKAGING BOX WITH PILLOW INSERT",http://localhost/hopgiayvpn/product/custom-bracelet-packaging-box-with-pillow-insert/,"custom bracelet packaging box with pillow insert","Same category with a different packed product, structure or support option.","After the structure/opening section.",200,http://localhost/hopgiayvpn/product/custom-bracelet-packaging-box-with-pillow-insert/,0,,VALID_EXISTING_URL
1281,"CUSTOM EARRING BOX WITH FOAM INSERT",http://localhost/hopgiayvpn/product/custom-earring-box-with-foam-insert/,related_product,431,"Custom Watch Box with Drawer",http://localhost/hopgiayvpn/product/custom-watch-box-with-drawer/,"custom watch box with drawer","Same category with a different packed product, structure or support option.","After the insert, material or use-case section.",200,http://localhost/hopgiayvpn/product/custom-watch-box-with-drawer/,0,,VALID_EXISTING_URL
1281,"CUSTOM EARRING BOX WITH FOAM INSERT",http://localhost/hopgiayvpn/product/custom-earring-box-with-foam-insert/,related_product,257,"Custom Watch Box with Pillow Insert",http://localhost/hopgiayvpn/product/custom-watch-box-with-pillow-insert/,"custom watch box with pillow insert","Same category with a different packed product, structure or support option.","After the insert, material or use-case section.",200,http://localhost/hopgiayvpn/product/custom-watch-box-with-pillow-insert/,0,,VALID_EXISTING_URL
1281,"CUSTOM EARRING BOX WITH FOAM INSERT",http://localhost/hopgiayvpn/product/custom-earring-box-with-foam-insert/,supporting_guide,587,"How to Choose the Right Paper Material for Custom Paper Boxes",http://localhost/hopgiayvpn/paper-materials-for-custom-paper-boxes/,"how to choose the right paper material for custom paper boxes","Existing guide matches the product structure, material, insert or industry-use vocabulary.","Inside the relevant structure/material paragraph.",200,http://localhost/hopgiayvpn/paper-materials-for-custom-paper-boxes/,0,,VALID_EXISTING_URL
1286,"CUSTOM NECKLACE PAPER BOX WITH LOGO",http://localhost/hopgiayvpn/product/custom-necklace-paper-box-with-logo/,category_hub,,"Jewelry Paper Boxes",http://localhost/hopgiayvpn/products/jewelry-paper-boxes/,"jewelry paper boxes","Connect the product to its most specific existing category hub.","Product introduction or breadcrumb-support paragraph.",200,http://localhost/hopgiayvpn/products/jewelry-paper-boxes/,0,,VALID_EXISTING_URL
1286,"CUSTOM NECKLACE PAPER BOX WITH LOGO",http://localhost/hopgiayvpn/product/custom-necklace-paper-box-with-logo/,related_product,1276,"CUSTOM BRACELET PACKAGING BOX WITH PILLOW INSERT",http://localhost/hopgiayvpn/product/custom-bracelet-packaging-box-with-pillow-insert/,"custom bracelet packaging box with pillow insert","Same category with a different packed product, structure or support option.","After the structure/opening section.",200,http://localhost/hopgiayvpn/product/custom-bracelet-packaging-box-with-pillow-insert/,0,,VALID_EXISTING_URL
1286,"CUSTOM NECKLACE PAPER BOX WITH LOGO",http://localhost/hopgiayvpn/product/custom-necklace-paper-box-with-logo/,related_product,1291,"CUSTOM RING BOX WITH VELVET INSERT",http://localhost/hopgiayvpn/product/custom-ring-box-with-velvet-insert/,"custom ring box with velvet insert","Same category with a different packed product, structure or support option.","After the insert, material or use-case section.",200,http://localhost/hopgiayvpn/product/custom-ring-box-with-velvet-insert/,0,,VALID_EXISTING_URL
1286,"CUSTOM NECKLACE PAPER BOX WITH LOGO",http://localhost/hopgiayvpn/product/custom-necklace-paper-box-with-logo/,related_product,1281,"CUSTOM EARRING BOX WITH FOAM INSERT",http://localhost/hopgiayvpn/product/custom-earring-box-with-foam-insert/,"custom earring box with foam insert","Same category with a different packed product, structure or support option.","After the insert, material or use-case section.",200,http://localhost/hopgiayvpn/product/custom-earring-box-with-foam-insert/,0,,VALID_EXISTING_URL
1286,"CUSTOM NECKLACE PAPER BOX WITH LOGO",http://localhost/hopgiayvpn/product/custom-necklace-paper-box-with-logo/,supporting_guide,587,"How to Choose the Right Paper Material for Custom Paper Boxes",http://localhost/hopgiayvpn/paper-materials-for-custom-paper-boxes/,"how to choose the right paper material for custom paper boxes","Existing guide matches the product structure, material, insert or industry-use vocabulary.","Inside the relevant structure/material paragraph.",200,http://localhost/hopgiayvpn/paper-materials-for-custom-paper-boxes/,0,,VALID_EXISTING_URL
1291,"CUSTOM RING BOX WITH VELVET INSERT",http://localhost/hopgiayvpn/product/custom-ring-box-with-velvet-insert/,category_hub,,"Jewelry Paper Boxes",http://localhost/hopgiayvpn/products/jewelry-paper-boxes/,"jewelry paper boxes","Connect the product to its most specific existing category hub.","Product introduction or breadcrumb-support paragraph.",200,http://localhost/hopgiayvpn/products/jewelry-paper-boxes/,0,,VALID_EXISTING_URL
1291,"CUSTOM RING BOX WITH VELVET INSERT",http://localhost/hopgiayvpn/product/custom-ring-box-with-velvet-insert/,related_product,1281,"CUSTOM EARRING BOX WITH FOAM INSERT",http://localhost/hopgiayvpn/product/custom-earring-box-with-foam-insert/,"custom earring box with foam insert","Same category with a different packed product, structure or support option.","After the structure/opening section.",200,http://localhost/hopgiayvpn/product/custom-earring-box-with-foam-insert/,0,,VALID_EXISTING_URL
1291,"CUSTOM RING BOX WITH VELVET INSERT",http://localhost/hopgiayvpn/product/custom-ring-box-with-velvet-insert/,related_product,1286,"CUSTOM NECKLACE PAPER BOX WITH LOGO",http://localhost/hopgiayvpn/product/custom-necklace-paper-box-with-logo/,"custom necklace paper box with logo","Same category with a different packed product, structure or support option.","After the insert, material or use-case section.",200,http://localhost/hopgiayvpn/product/custom-necklace-paper-box-with-logo/,0,,VALID_EXISTING_URL
1291,"CUSTOM RING BOX WITH VELVET INSERT",http://localhost/hopgiayvpn/product/custom-ring-box-with-velvet-insert/,related_product,1276,"CUSTOM BRACELET PACKAGING BOX WITH PILLOW INSERT",http://localhost/hopgiayvpn/product/custom-bracelet-packaging-box-with-pillow-insert/,"custom bracelet packaging box with pillow insert","Same category with a different packed product, structure or support option.","After the insert, material or use-case section.",200,http://localhost/hopgiayvpn/product/custom-bracelet-packaging-box-with-pillow-insert/,0,,VALID_EXISTING_URL
1291,"CUSTOM RING BOX WITH VELVET INSERT",http://localhost/hopgiayvpn/product/custom-ring-box-with-velvet-insert/,supporting_guide,587,"How to Choose the Right Paper Material for Custom Paper Boxes",http://localhost/hopgiayvpn/paper-materials-for-custom-paper-boxes/,"how to choose the right paper material for custom paper boxes","Existing guide matches the product structure, material, insert or industry-use vocabulary.","Inside the relevant structure/material paragraph.",200,http://localhost/hopgiayvpn/paper-materials-for-custom-paper-boxes/,0,,VALID_EXISTING_URL
1412,"CUSTOM SERUM PACKAGING BOX",http://localhost/hopgiayvpn/product/custom-serum-packaging-box/,category_hub,,"Beauty and Skincare Packaging",http://localhost/hopgiayvpn/products/beauty-skincare-packaging/,"beauty and skincare packaging","Connect the product to its most specific existing category hub.","Product introduction or breadcrumb-support paragraph.",200,http://localhost/hopgiayvpn/products/beauty-skincare-packaging/,0,,VALID_EXISTING_URL
1412,"CUSTOM SERUM PACKAGING BOX",http://localhost/hopgiayvpn/product/custom-serum-packaging-box/,related_product,1419,"CUSTOM EYE CREAM PACKAGING BOX",http://localhost/hopgiayvpn/product/custom-eye-cream-packaging-box/,"custom eye cream packaging box","Same category with a different packed product, structure or support option.","After the structure/opening section.",200,http://localhost/hopgiayvpn/product/custom-eye-cream-packaging-box/,0,,VALID_EXISTING_URL
1412,"CUSTOM SERUM PACKAGING BOX",http://localhost/hopgiayvpn/product/custom-serum-packaging-box/,related_product,1474,"Custom Skincare Magnetic Closure Box",http://localhost/hopgiayvpn/product/custom-skincare-magnetic-closure-box/,"custom skincare magnetic closure box","Same category with a different packed product, structure or support option.","After the insert, material or use-case section.",200,http://localhost/hopgiayvpn/product/custom-skincare-magnetic-closure-box/,0,,VALID_EXISTING_URL
1412,"CUSTOM SERUM PACKAGING BOX",http://localhost/hopgiayvpn/product/custom-serum-packaging-box/,related_product,1420,"CUSTOM SKINCARE SET PACKAGING BOX",http://localhost/hopgiayvpn/product/custom-skincare-set-packaging-box/,"custom skincare set packaging box","Same category with a different packed product, structure or support option.","After the insert, material or use-case section.",200,http://localhost/hopgiayvpn/product/custom-skincare-set-packaging-box/,0,,VALID_EXISTING_URL
1412,"CUSTOM SERUM PACKAGING BOX",http://localhost/hopgiayvpn/product/custom-serum-packaging-box/,supporting_guide,1148,"Matte vs Gloss Lamination for Paper Packaging: Practical Differences",http://localhost/hopgiayvpn/matte-vs-gloss-lamination-for-packaging/,"matte vs gloss lamination for paper packaging: practical differences","Existing guide matches the product structure, material, insert or industry-use vocabulary.","Inside the relevant structure/material paragraph.",200,http://localhost/hopgiayvpn/matte-vs-gloss-lamination-for-packaging/,0,,VALID_EXISTING_URL
1412,"CUSTOM SERUM PACKAGING BOX",http://localhost/hopgiayvpn/product/custom-serum-packaging-box/,supporting_guide,928,"How to Choose Paper Material for Product Packaging",http://localhost/hopgiayvpn/how-to-choose-paper-material-for-product-packaging/,"how to choose paper material for product packaging","Existing guide matches the product structure, material, insert or industry-use vocabulary.","Near the quote-preparation or sampling checklist.",200,http://localhost/hopgiayvpn/how-to-choose-paper-material-for-product-packaging/,0,,VALID_EXISTING_URL
1413,"CUSTOM CREAM JAR PACKAGING BOX",http://localhost/hopgiayvpn/product/custom-cream-jar-packaging-box/,category_hub,,"Beauty and Skincare Packaging",http://localhost/hopgiayvpn/products/beauty-skincare-packaging/,"beauty and skincare packaging","Connect the product to its most specific existing category hub.","Product introduction or breadcrumb-support paragraph.",200,http://localhost/hopgiayvpn/products/beauty-skincare-packaging/,0,,VALID_EXISTING_URL
1413,"CUSTOM CREAM JAR PACKAGING BOX",http://localhost/hopgiayvpn/product/custom-cream-jar-packaging-box/,related_product,1419,"CUSTOM EYE CREAM PACKAGING BOX",http://localhost/hopgiayvpn/product/custom-eye-cream-packaging-box/,"custom eye cream packaging box","Same category with a different packed product, structure or support option.","After the structure/opening section.",200,http://localhost/hopgiayvpn/product/custom-eye-cream-packaging-box/,0,,VALID_EXISTING_URL
1413,"CUSTOM CREAM JAR PACKAGING BOX",http://localhost/hopgiayvpn/product/custom-cream-jar-packaging-box/,related_product,1474,"Custom Skincare Magnetic Closure Box",http://localhost/hopgiayvpn/product/custom-skincare-magnetic-closure-box/,"custom skincare magnetic closure box","Same category with a different packed product, structure or support option.","After the insert, material or use-case section.",200,http://localhost/hopgiayvpn/product/custom-skincare-magnetic-closure-box/,0,,VALID_EXISTING_URL
1413,"CUSTOM CREAM JAR PACKAGING BOX",http://localhost/hopgiayvpn/product/custom-cream-jar-packaging-box/,related_product,1420,"CUSTOM SKINCARE SET PACKAGING BOX",http://localhost/hopgiayvpn/product/custom-skincare-set-packaging-box/,"custom skincare set packaging box","Same category with a different packed product, structure or support option.","After the insert, material or use-case section.",200,http://localhost/hopgiayvpn/product/custom-skincare-set-packaging-box/,0,,VALID_EXISTING_URL
1413,"CUSTOM CREAM JAR PACKAGING BOX",http://localhost/hopgiayvpn/product/custom-cream-jar-packaging-box/,supporting_guide,1148,"Matte vs Gloss Lamination for Paper Packaging: Practical Differences",http://localhost/hopgiayvpn/matte-vs-gloss-lamination-for-packaging/,"matte vs gloss lamination for paper packaging: practical differences","Existing guide matches the product structure, material, insert or industry-use vocabulary.","Inside the relevant structure/material paragraph.",200,http://localhost/hopgiayvpn/matte-vs-gloss-lamination-for-packaging/,0,,VALID_EXISTING_URL
1413,"CUSTOM CREAM JAR PACKAGING BOX",http://localhost/hopgiayvpn/product/custom-cream-jar-packaging-box/,supporting_guide,928,"How to Choose Paper Material for Product Packaging",http://localhost/hopgiayvpn/how-to-choose-paper-material-for-product-packaging/,"how to choose paper material for product packaging","Existing guide matches the product structure, material, insert or industry-use vocabulary.","Near the quote-preparation or sampling checklist.",200,http://localhost/hopgiayvpn/how-to-choose-paper-material-for-product-packaging/,0,,VALID_EXISTING_URL
1414,"CUSTOM LOTION BOTTLE PACKAGING BOX",http://localhost/hopgiayvpn/product/custom-lotion-bottle-packaging-box/,category_hub,,"Beauty and Skincare Packaging",http://localhost/hopgiayvpn/products/beauty-skincare-packaging/,"beauty and skincare packaging","Connect the product to its most specific existing category hub.","Product introduction or breadcrumb-support paragraph.",200,http://localhost/hopgiayvpn/products/beauty-skincare-packaging/,0,,VALID_EXISTING_URL
1414,"CUSTOM LOTION BOTTLE PACKAGING BOX",http://localhost/hopgiayvpn/product/custom-lotion-bottle-packaging-box/,related_product,1418,"CUSTOM CLEANSER PACKAGING BOX",http://localhost/hopgiayvpn/product/custom-cleanser-packaging-box/,"custom cleanser packaging box","Same category with a different packed product, structure or support option.","After the structure/opening section.",200,http://localhost/hopgiayvpn/product/custom-cleanser-packaging-box/,0,,VALID_EXISTING_URL
1414,"CUSTOM LOTION BOTTLE PACKAGING BOX",http://localhost/hopgiayvpn/product/custom-lotion-bottle-packaging-box/,related_product,240,"Custom Cosmetic Tube Packaging Box with Insert",http://localhost/hopgiayvpn/product/custom-cosmetic-tube-packaging-box-with-insert/,"custom cosmetic tube packaging box with insert","Same category with a different packed product, structure or support option.","After the insert, material or use-case section.",200,http://localhost/hopgiayvpn/product/custom-cosmetic-tube-packaging-box-with-insert/,0,,VALID_EXISTING_URL
1414,"CUSTOM LOTION BOTTLE PACKAGING BOX",http://localhost/hopgiayvpn/product/custom-lotion-bottle-packaging-box/,related_product,1416,"CUSTOM SUNSCREEN PACKAGING BOX",http://localhost/hopgiayvpn/product/custom-sunscreen-packaging-box/,"custom sunscreen packaging box","Same category with a different packed product, structure or support option.","After the insert, material or use-case section.",200,http://localhost/hopgiayvpn/product/custom-sunscreen-packaging-box/,0,,VALID_EXISTING_URL
1414,"CUSTOM LOTION BOTTLE PACKAGING BOX",http://localhost/hopgiayvpn/product/custom-lotion-bottle-packaging-box/,supporting_guide,928,"How to Choose Paper Material for Product Packaging",http://localhost/hopgiayvpn/how-to-choose-paper-material-for-product-packaging/,"how to choose paper material for product packaging","Existing guide matches the product structure, material, insert or industry-use vocabulary.","Inside the relevant structure/material paragraph.",200,http://localhost/hopgiayvpn/how-to-choose-paper-material-for-product-packaging/,0,,VALID_EXISTING_URL
1414,"CUSTOM LOTION BOTTLE PACKAGING BOX",http://localhost/hopgiayvpn/product/custom-lotion-bottle-packaging-box/,supporting_guide,1148,"Matte vs Gloss Lamination for Paper Packaging: Practical Differences",http://localhost/hopgiayvpn/matte-vs-gloss-lamination-for-packaging/,"matte vs gloss lamination for paper packaging: practical differences","Existing guide matches the product structure, material, insert or industry-use vocabulary.","Near the quote-preparation or sampling checklist.",200,http://localhost/hopgiayvpn/matte-vs-gloss-lamination-for-packaging/,0,,VALID_EXISTING_URL
1415,"CUSTOM FACIAL MASK PACKAGING BOX",http://localhost/hopgiayvpn/product/custom-facial-mask-packaging-box/,category_hub,,"Beauty and Skincare Packaging",http://localhost/hopgiayvpn/products/beauty-skincare-packaging/,"beauty and skincare packaging","Connect the product to its most specific existing category hub.","Product introduction or breadcrumb-support paragraph.",200,http://localhost/hopgiayvpn/products/beauty-skincare-packaging/,0,,VALID_EXISTING_URL
1415,"CUSTOM FACIAL MASK PACKAGING BOX",http://localhost/hopgiayvpn/product/custom-facial-mask-packaging-box/,related_product,1418,"CUSTOM CLEANSER PACKAGING BOX",http://localhost/hopgiayvpn/product/custom-cleanser-packaging-box/,"custom cleanser packaging box","Same category with a different packed product, structure or support option.","After the structure/opening section.",200,http://localhost/hopgiayvpn/product/custom-cleanser-packaging-box/,0,,VALID_EXISTING_URL
1415,"CUSTOM FACIAL MASK PACKAGING BOX",http://localhost/hopgiayvpn/product/custom-facial-mask-packaging-box/,related_product,1412,"CUSTOM SERUM PACKAGING BOX",http://localhost/hopgiayvpn/product/custom-serum-packaging-box/,"custom serum packaging box","Same category with a different packed product, structure or support option.","After the insert, material or use-case section.",200,http://localhost/hopgiayvpn/product/custom-serum-packaging-box/,0,,VALID_EXISTING_URL
1415,"CUSTOM FACIAL MASK PACKAGING BOX",http://localhost/hopgiayvpn/product/custom-facial-mask-packaging-box/,related_product,1417,"CUSTOM TONER PACKAGING BOX",http://localhost/hopgiayvpn/product/custom-toner-packaging-box/,"custom toner packaging box","Same category with a different packed product, structure or support option.","After the insert, material or use-case section.",200,http://localhost/hopgiayvpn/product/custom-toner-packaging-box/,0,,VALID_EXISTING_URL
1415,"CUSTOM FACIAL MASK PACKAGING BOX",http://localhost/hopgiayvpn/product/custom-facial-mask-packaging-box/,supporting_guide,1148,"Matte vs Gloss Lamination for Paper Packaging: Practical Differences",http://localhost/hopgiayvpn/matte-vs-gloss-lamination-for-packaging/,"matte vs gloss lamination for paper packaging: practical differences","Existing guide matches the product structure, material, insert or industry-use vocabulary.","Inside the relevant structure/material paragraph.",200,http://localhost/hopgiayvpn/matte-vs-gloss-lamination-for-packaging/,0,,VALID_EXISTING_URL
1415,"CUSTOM FACIAL MASK PACKAGING BOX",http://localhost/hopgiayvpn/product/custom-facial-mask-packaging-box/,supporting_guide,928,"How to Choose Paper Material for Product Packaging",http://localhost/hopgiayvpn/how-to-choose-paper-material-for-product-packaging/,"how to choose paper material for product packaging","Existing guide matches the product structure, material, insert or industry-use vocabulary.","Near the quote-preparation or sampling checklist.",200,http://localhost/hopgiayvpn/how-to-choose-paper-material-for-product-packaging/,0,,VALID_EXISTING_URL
1416,"CUSTOM SUNSCREEN PACKAGING BOX",http://localhost/hopgiayvpn/product/custom-sunscreen-packaging-box/,category_hub,,"Beauty and Skincare Packaging",http://localhost/hopgiayvpn/products/beauty-skincare-packaging/,"beauty and skincare packaging","Connect the product to its most specific existing category hub.","Product introduction or breadcrumb-support paragraph.",200,http://localhost/hopgiayvpn/products/beauty-skincare-packaging/,0,,VALID_EXISTING_URL
1416,"CUSTOM SUNSCREEN PACKAGING BOX",http://localhost/hopgiayvpn/product/custom-sunscreen-packaging-box/,related_product,1418,"CUSTOM CLEANSER PACKAGING BOX",http://localhost/hopgiayvpn/product/custom-cleanser-packaging-box/,"custom cleanser packaging box","Same category with a different packed product, structure or support option.","After the structure/opening section.",200,http://localhost/hopgiayvpn/product/custom-cleanser-packaging-box/,0,,VALID_EXISTING_URL
1416,"CUSTOM SUNSCREEN PACKAGING BOX",http://localhost/hopgiayvpn/product/custom-sunscreen-packaging-box/,related_product,1421,"CUSTOM LIP BALM PACKAGING BOX",http://localhost/hopgiayvpn/product/custom-lip-balm-packaging-box/,"custom lip balm packaging box","Same category with a different packed product, structure or support option.","After the insert, material or use-case section.",200,http://localhost/hopgiayvpn/product/custom-lip-balm-packaging-box/,0,,VALID_EXISTING_URL
1416,"CUSTOM SUNSCREEN PACKAGING BOX",http://localhost/hopgiayvpn/product/custom-sunscreen-packaging-box/,related_product,1417,"CUSTOM TONER PACKAGING BOX",http://localhost/hopgiayvpn/product/custom-toner-packaging-box/,"custom toner packaging box","Same category with a different packed product, structure or support option.","After the insert, material or use-case section.",200,http://localhost/hopgiayvpn/product/custom-toner-packaging-box/,0,,VALID_EXISTING_URL
1416,"CUSTOM SUNSCREEN PACKAGING BOX",http://localhost/hopgiayvpn/product/custom-sunscreen-packaging-box/,supporting_guide,1148,"Matte vs Gloss Lamination for Paper Packaging: Practical Differences",http://localhost/hopgiayvpn/matte-vs-gloss-lamination-for-packaging/,"matte vs gloss lamination for paper packaging: practical differences","Existing guide matches the product structure, material, insert or industry-use vocabulary.","Inside the relevant structure/material paragraph.",200,http://localhost/hopgiayvpn/matte-vs-gloss-lamination-for-packaging/,0,,VALID_EXISTING_URL
1416,"CUSTOM SUNSCREEN PACKAGING BOX",http://localhost/hopgiayvpn/product/custom-sunscreen-packaging-box/,supporting_guide,928,"How to Choose Paper Material for Product Packaging",http://localhost/hopgiayvpn/how-to-choose-paper-material-for-product-packaging/,"how to choose paper material for product packaging","Existing guide matches the product structure, material, insert or industry-use vocabulary.","Near the quote-preparation or sampling checklist.",200,http://localhost/hopgiayvpn/how-to-choose-paper-material-for-product-packaging/,0,,VALID_EXISTING_URL
1417,"CUSTOM TONER PACKAGING BOX",http://localhost/hopgiayvpn/product/custom-toner-packaging-box/,category_hub,,"Beauty and Skincare Packaging",http://localhost/hopgiayvpn/products/beauty-skincare-packaging/,"beauty and skincare packaging","Connect the product to its most specific existing category hub.","Product introduction or breadcrumb-support paragraph.",200,http://localhost/hopgiayvpn/products/beauty-skincare-packaging/,0,,VALID_EXISTING_URL
1417,"CUSTOM TONER PACKAGING BOX",http://localhost/hopgiayvpn/product/custom-toner-packaging-box/,related_product,1412,"CUSTOM SERUM PACKAGING BOX",http://localhost/hopgiayvpn/product/custom-serum-packaging-box/,"custom serum packaging box","Same category with a different packed product, structure or support option.","After the structure/opening section.",200,http://localhost/hopgiayvpn/product/custom-serum-packaging-box/,0,,VALID_EXISTING_URL
1417,"CUSTOM TONER PACKAGING BOX",http://localhost/hopgiayvpn/product/custom-toner-packaging-box/,related_product,1418,"CUSTOM CLEANSER PACKAGING BOX",http://localhost/hopgiayvpn/product/custom-cleanser-packaging-box/,"custom cleanser packaging box","Same category with a different packed product, structure or support option.","After the insert, material or use-case section.",200,http://localhost/hopgiayvpn/product/custom-cleanser-packaging-box/,0,,VALID_EXISTING_URL
1417,"CUSTOM TONER PACKAGING BOX",http://localhost/hopgiayvpn/product/custom-toner-packaging-box/,related_product,1420,"CUSTOM SKINCARE SET PACKAGING BOX",http://localhost/hopgiayvpn/product/custom-skincare-set-packaging-box/,"custom skincare set packaging box","Same category with a different packed product, structure or support option.","After the insert, material or use-case section.",200,http://localhost/hopgiayvpn/product/custom-skincare-set-packaging-box/,0,,VALID_EXISTING_URL
1417,"CUSTOM TONER PACKAGING BOX",http://localhost/hopgiayvpn/product/custom-toner-packaging-box/,supporting_guide,1148,"Matte vs Gloss Lamination for Paper Packaging: Practical Differences",http://localhost/hopgiayvpn/matte-vs-gloss-lamination-for-packaging/,"matte vs gloss lamination for paper packaging: practical differences","Existing guide matches the product structure, material, insert or industry-use vocabulary.","Inside the relevant structure/material paragraph.",200,http://localhost/hopgiayvpn/matte-vs-gloss-lamination-for-packaging/,0,,VALID_EXISTING_URL
1417,"CUSTOM TONER PACKAGING BOX",http://localhost/hopgiayvpn/product/custom-toner-packaging-box/,supporting_guide,928,"How to Choose Paper Material for Product Packaging",http://localhost/hopgiayvpn/how-to-choose-paper-material-for-product-packaging/,"how to choose paper material for product packaging","Existing guide matches the product structure, material, insert or industry-use vocabulary.","Near the quote-preparation or sampling checklist.",200,http://localhost/hopgiayvpn/how-to-choose-paper-material-for-product-packaging/,0,,VALID_EXISTING_URL
1418,"CUSTOM CLEANSER PACKAGING BOX",http://localhost/hopgiayvpn/product/custom-cleanser-packaging-box/,category_hub,,"Beauty and Skincare Packaging",http://localhost/hopgiayvpn/products/beauty-skincare-packaging/,"beauty and skincare packaging","Connect the product to its most specific existing category hub.","Product introduction or breadcrumb-support paragraph.",200,http://localhost/hopgiayvpn/products/beauty-skincare-packaging/,0,,VALID_EXISTING_URL
1418,"CUSTOM CLEANSER PACKAGING BOX",http://localhost/hopgiayvpn/product/custom-cleanser-packaging-box/,related_product,240,"Custom Cosmetic Tube Packaging Box with Insert",http://localhost/hopgiayvpn/product/custom-cosmetic-tube-packaging-box-with-insert/,"custom cosmetic tube packaging box with insert","Same category with a different packed product, structure or support option.","After the structure/opening section.",200,http://localhost/hopgiayvpn/product/custom-cosmetic-tube-packaging-box-with-insert/,0,,VALID_EXISTING_URL
1418,"CUSTOM CLEANSER PACKAGING BOX",http://localhost/hopgiayvpn/product/custom-cleanser-packaging-box/,related_product,1415,"CUSTOM FACIAL MASK PACKAGING BOX",http://localhost/hopgiayvpn/product/custom-facial-mask-packaging-box/,"custom facial mask packaging box","Same category with a different packed product, structure or support option.","After the insert, material or use-case section.",200,http://localhost/hopgiayvpn/product/custom-facial-mask-packaging-box/,0,,VALID_EXISTING_URL
1418,"CUSTOM CLEANSER PACKAGING BOX",http://localhost/hopgiayvpn/product/custom-cleanser-packaging-box/,related_product,1416,"CUSTOM SUNSCREEN PACKAGING BOX",http://localhost/hopgiayvpn/product/custom-sunscreen-packaging-box/,"custom sunscreen packaging box","Same category with a different packed product, structure or support option.","After the insert, material or use-case section.",200,http://localhost/hopgiayvpn/product/custom-sunscreen-packaging-box/,0,,VALID_EXISTING_URL
1418,"CUSTOM CLEANSER PACKAGING BOX",http://localhost/hopgiayvpn/product/custom-cleanser-packaging-box/,supporting_guide,1148,"Matte vs Gloss Lamination for Paper Packaging: Practical Differences",http://localhost/hopgiayvpn/matte-vs-gloss-lamination-for-packaging/,"matte vs gloss lamination for paper packaging: practical differences","Existing guide matches the product structure, material, insert or industry-use vocabulary.","Inside the relevant structure/material paragraph.",200,http://localhost/hopgiayvpn/matte-vs-gloss-lamination-for-packaging/,0,,VALID_EXISTING_URL
1418,"CUSTOM CLEANSER PACKAGING BOX",http://localhost/hopgiayvpn/product/custom-cleanser-packaging-box/,supporting_guide,928,"How to Choose Paper Material for Product Packaging",http://localhost/hopgiayvpn/how-to-choose-paper-material-for-product-packaging/,"how to choose paper material for product packaging","Existing guide matches the product structure, material, insert or industry-use vocabulary.","Near the quote-preparation or sampling checklist.",200,http://localhost/hopgiayvpn/how-to-choose-paper-material-for-product-packaging/,0,,VALID_EXISTING_URL
1419,"CUSTOM EYE CREAM PACKAGING BOX",http://localhost/hopgiayvpn/product/custom-eye-cream-packaging-box/,category_hub,,"Beauty and Skincare Packaging",http://localhost/hopgiayvpn/products/beauty-skincare-packaging/,"beauty and skincare packaging","Connect the product to its most specific existing category hub.","Product introduction or breadcrumb-support paragraph.",200,http://localhost/hopgiayvpn/products/beauty-skincare-packaging/,0,,VALID_EXISTING_URL
1419,"CUSTOM EYE CREAM PACKAGING BOX",http://localhost/hopgiayvpn/product/custom-eye-cream-packaging-box/,related_product,1412,"CUSTOM SERUM PACKAGING BOX",http://localhost/hopgiayvpn/product/custom-serum-packaging-box/,"custom serum packaging box","Same category with a different packed product, structure or support option.","After the structure/opening section.",200,http://localhost/hopgiayvpn/product/custom-serum-packaging-box/,0,,VALID_EXISTING_URL
1419,"CUSTOM EYE CREAM PACKAGING BOX",http://localhost/hopgiayvpn/product/custom-eye-cream-packaging-box/,related_product,1413,"CUSTOM CREAM JAR PACKAGING BOX",http://localhost/hopgiayvpn/product/custom-cream-jar-packaging-box/,"custom cream jar packaging box","Same category with a different packed product, structure or support option.","After the insert, material or use-case section.",200,http://localhost/hopgiayvpn/product/custom-cream-jar-packaging-box/,0,,VALID_EXISTING_URL
1419,"CUSTOM EYE CREAM PACKAGING BOX",http://localhost/hopgiayvpn/product/custom-eye-cream-packaging-box/,related_product,1420,"CUSTOM SKINCARE SET PACKAGING BOX",http://localhost/hopgiayvpn/product/custom-skincare-set-packaging-box/,"custom skincare set packaging box","Same category with a different packed product, structure or support option.","After the insert, material or use-case section.",200,http://localhost/hopgiayvpn/product/custom-skincare-set-packaging-box/,0,,VALID_EXISTING_URL
1419,"CUSTOM EYE CREAM PACKAGING BOX",http://localhost/hopgiayvpn/product/custom-eye-cream-packaging-box/,supporting_guide,1148,"Matte vs Gloss Lamination for Paper Packaging: Practical Differences",http://localhost/hopgiayvpn/matte-vs-gloss-lamination-for-packaging/,"matte vs gloss lamination for paper packaging: practical differences","Existing guide matches the product structure, material, insert or industry-use vocabulary.","Inside the relevant structure/material paragraph.",200,http://localhost/hopgiayvpn/matte-vs-gloss-lamination-for-packaging/,0,,VALID_EXISTING_URL
1419,"CUSTOM EYE CREAM PACKAGING BOX",http://localhost/hopgiayvpn/product/custom-eye-cream-packaging-box/,supporting_guide,928,"How to Choose Paper Material for Product Packaging",http://localhost/hopgiayvpn/how-to-choose-paper-material-for-product-packaging/,"how to choose paper material for product packaging","Existing guide matches the product structure, material, insert or industry-use vocabulary.","Near the quote-preparation or sampling checklist.",200,http://localhost/hopgiayvpn/how-to-choose-paper-material-for-product-packaging/,0,,VALID_EXISTING_URL
1420,"CUSTOM SKINCARE SET PACKAGING BOX",http://localhost/hopgiayvpn/product/custom-skincare-set-packaging-box/,category_hub,,"Beauty and Skincare Packaging",http://localhost/hopgiayvpn/products/beauty-skincare-packaging/,"beauty and skincare packaging","Connect the product to its most specific existing category hub.","Product introduction or breadcrumb-support paragraph.",200,http://localhost/hopgiayvpn/products/beauty-skincare-packaging/,0,,VALID_EXISTING_URL
1420,"CUSTOM SKINCARE SET PACKAGING BOX",http://localhost/hopgiayvpn/product/custom-skincare-set-packaging-box/,related_product,1474,"Custom Skincare Magnetic Closure Box",http://localhost/hopgiayvpn/product/custom-skincare-magnetic-closure-box/,"custom skincare magnetic closure box","Same category with a different packed product, structure or support option.","After the structure/opening section.",200,http://localhost/hopgiayvpn/product/custom-skincare-magnetic-closure-box/,0,,VALID_EXISTING_URL
1420,"CUSTOM SKINCARE SET PACKAGING BOX",http://localhost/hopgiayvpn/product/custom-skincare-set-packaging-box/,related_product,1419,"CUSTOM EYE CREAM PACKAGING BOX",http://localhost/hopgiayvpn/product/custom-eye-cream-packaging-box/,"custom eye cream packaging box","Same category with a different packed product, structure or support option.","After the insert, material or use-case section.",200,http://localhost/hopgiayvpn/product/custom-eye-cream-packaging-box/,0,,VALID_EXISTING_URL
1420,"CUSTOM SKINCARE SET PACKAGING BOX",http://localhost/hopgiayvpn/product/custom-skincare-set-packaging-box/,related_product,1412,"CUSTOM SERUM PACKAGING BOX",http://localhost/hopgiayvpn/product/custom-serum-packaging-box/,"custom serum packaging box","Same category with a different packed product, structure or support option.","After the insert, material or use-case section.",200,http://localhost/hopgiayvpn/product/custom-serum-packaging-box/,0,,VALID_EXISTING_URL
1420,"CUSTOM SKINCARE SET PACKAGING BOX",http://localhost/hopgiayvpn/product/custom-skincare-set-packaging-box/,supporting_guide,1148,"Matte vs Gloss Lamination for Paper Packaging: Practical Differences",http://localhost/hopgiayvpn/matte-vs-gloss-lamination-for-packaging/,"matte vs gloss lamination for paper packaging: practical differences","Existing guide matches the product structure, material, insert or industry-use vocabulary.","Inside the relevant structure/material paragraph.",200,http://localhost/hopgiayvpn/matte-vs-gloss-lamination-for-packaging/,0,,VALID_EXISTING_URL
1420,"CUSTOM SKINCARE SET PACKAGING BOX",http://localhost/hopgiayvpn/product/custom-skincare-set-packaging-box/,supporting_guide,928,"How to Choose Paper Material for Product Packaging",http://localhost/hopgiayvpn/how-to-choose-paper-material-for-product-packaging/,"how to choose paper material for product packaging","Existing guide matches the product structure, material, insert or industry-use vocabulary.","Near the quote-preparation or sampling checklist.",200,http://localhost/hopgiayvpn/how-to-choose-paper-material-for-product-packaging/,0,,VALID_EXISTING_URL
1421,"CUSTOM LIP BALM PACKAGING BOX",http://localhost/hopgiayvpn/product/custom-lip-balm-packaging-box/,category_hub,,"Beauty and Skincare Packaging",http://localhost/hopgiayvpn/products/beauty-skincare-packaging/,"beauty and skincare packaging","Connect the product to its most specific existing category hub.","Product introduction or breadcrumb-support paragraph.",200,http://localhost/hopgiayvpn/products/beauty-skincare-packaging/,0,,VALID_EXISTING_URL
1421,"CUSTOM LIP BALM PACKAGING BOX",http://localhost/hopgiayvpn/product/custom-lip-balm-packaging-box/,related_product,1416,"CUSTOM SUNSCREEN PACKAGING BOX",http://localhost/hopgiayvpn/product/custom-sunscreen-packaging-box/,"custom sunscreen packaging box","Same category with a different packed product, structure or support option.","After the structure/opening section.",200,http://localhost/hopgiayvpn/product/custom-sunscreen-packaging-box/,0,,VALID_EXISTING_URL
1421,"CUSTOM LIP BALM PACKAGING BOX",http://localhost/hopgiayvpn/product/custom-lip-balm-packaging-box/,related_product,1418,"CUSTOM CLEANSER PACKAGING BOX",http://localhost/hopgiayvpn/product/custom-cleanser-packaging-box/,"custom cleanser packaging box","Same category with a different packed product, structure or support option.","After the insert, material or use-case section.",200,http://localhost/hopgiayvpn/product/custom-cleanser-packaging-box/,0,,VALID_EXISTING_URL
1421,"CUSTOM LIP BALM PACKAGING BOX",http://localhost/hopgiayvpn/product/custom-lip-balm-packaging-box/,related_product,1412,"CUSTOM SERUM PACKAGING BOX",http://localhost/hopgiayvpn/product/custom-serum-packaging-box/,"custom serum packaging box","Same category with a different packed product, structure or support option.","After the insert, material or use-case section.",200,http://localhost/hopgiayvpn/product/custom-serum-packaging-box/,0,,VALID_EXISTING_URL
1421,"CUSTOM LIP BALM PACKAGING BOX",http://localhost/hopgiayvpn/product/custom-lip-balm-packaging-box/,supporting_guide,1148,"Matte vs Gloss Lamination for Paper Packaging: Practical Differences",http://localhost/hopgiayvpn/matte-vs-gloss-lamination-for-packaging/,"matte vs gloss lamination for paper packaging: practical differences","Existing guide matches the product structure, material, insert or industry-use vocabulary.","Inside the relevant structure/material paragraph.",200,http://localhost/hopgiayvpn/matte-vs-gloss-lamination-for-packaging/,0,,VALID_EXISTING_URL
1421,"CUSTOM LIP BALM PACKAGING BOX",http://localhost/hopgiayvpn/product/custom-lip-balm-packaging-box/,supporting_guide,928,"How to Choose Paper Material for Product Packaging",http://localhost/hopgiayvpn/how-to-choose-paper-material-for-product-packaging/,"how to choose paper material for product packaging","Existing guide matches the product structure, material, insert or industry-use vocabulary.","Near the quote-preparation or sampling checklist.",200,http://localhost/hopgiayvpn/how-to-choose-paper-material-for-product-packaging/,0,,VALID_EXISTING_URL
1473,"Custom Perfume Magnetic Closure Box",http://localhost/hopgiayvpn/product/custom-perfume-magnetic-closure-box/,category_hub,,"Cosmetic Paper Boxes",http://localhost/hopgiayvpn/products/cosmetic-paper-boxes/,"cosmetic paper boxes","Connect the product to its most specific existing category hub.","Product introduction or breadcrumb-support paragraph.",200,http://localhost/hopgiayvpn/products/cosmetic-paper-boxes/,0,,VALID_EXISTING_URL
1473,"Custom Perfume Magnetic Closure Box",http://localhost/hopgiayvpn/product/custom-perfume-magnetic-closure-box/,related_product,773,"CUSTOM COSMETIC PACKAGING BOX",http://localhost/hopgiayvpn/product/custom-cosmetic-packaging-box/,"custom cosmetic packaging box","Same category with a different packed product, structure or support option.","After the structure/opening section.",200,http://localhost/hopgiayvpn/product/custom-cosmetic-packaging-box/,0,,VALID_EXISTING_URL
1473,"Custom Perfume Magnetic Closure Box",http://localhost/hopgiayvpn/product/custom-perfume-magnetic-closure-box/,related_product,774,"CUSTOM COSMETIC PAPER BAG",http://localhost/hopgiayvpn/product/custom-cosmetic-paper-bag/,"custom cosmetic paper bag","Same category with a different packed product, structure or support option.","After the insert, material or use-case section.",200,http://localhost/hopgiayvpn/product/custom-cosmetic-paper-bag/,0,,VALID_EXISTING_URL
1473,"Custom Perfume Magnetic Closure Box",http://localhost/hopgiayvpn/product/custom-perfume-magnetic-closure-box/,related_product,235,"Custom Essential Oil Packaging Box with Insert",http://localhost/hopgiayvpn/product/custom-essential-oil-packaging-box-with-insert/,"custom essential oil packaging box with insert","Same category with a different packed product, structure or support option.","After the insert, material or use-case section.",200,http://localhost/hopgiayvpn/product/custom-essential-oil-packaging-box-with-insert/,0,,VALID_EXISTING_URL
1473,"Custom Perfume Magnetic Closure Box",http://localhost/hopgiayvpn/product/custom-perfume-magnetic-closure-box/,supporting_guide,928,"How to Choose Paper Material for Product Packaging",http://localhost/hopgiayvpn/how-to-choose-paper-material-for-product-packaging/,"how to choose paper material for product packaging","Existing guide matches the product structure, material, insert or industry-use vocabulary.","Inside the relevant structure/material paragraph.",200,http://localhost/hopgiayvpn/how-to-choose-paper-material-for-product-packaging/,0,,VALID_EXISTING_URL
1473,"Custom Perfume Magnetic Closure Box",http://localhost/hopgiayvpn/product/custom-perfume-magnetic-closure-box/,supporting_guide,1148,"Matte vs Gloss Lamination for Paper Packaging: Practical Differences",http://localhost/hopgiayvpn/matte-vs-gloss-lamination-for-packaging/,"matte vs gloss lamination for paper packaging: practical differences","Existing guide matches the product structure, material, insert or industry-use vocabulary.","Near the quote-preparation or sampling checklist.",200,http://localhost/hopgiayvpn/matte-vs-gloss-lamination-for-packaging/,0,,VALID_EXISTING_URL
1474,"Custom Skincare Magnetic Closure Box",http://localhost/hopgiayvpn/product/custom-skincare-magnetic-closure-box/,category_hub,,"Beauty and Skincare Packaging",http://localhost/hopgiayvpn/products/beauty-skincare-packaging/,"beauty and skincare packaging","Connect the product to its most specific existing category hub.","Product introduction or breadcrumb-support paragraph.",200,http://localhost/hopgiayvpn/products/beauty-skincare-packaging/,0,,VALID_EXISTING_URL
1474,"Custom Skincare Magnetic Closure Box",http://localhost/hopgiayvpn/product/custom-skincare-magnetic-closure-box/,related_product,1420,"CUSTOM SKINCARE SET PACKAGING BOX",http://localhost/hopgiayvpn/product/custom-skincare-set-packaging-box/,"custom skincare set packaging box","Same category with a different packed product, structure or support option.","After the structure/opening section.",200,http://localhost/hopgiayvpn/product/custom-skincare-set-packaging-box/,0,,VALID_EXISTING_URL
1474,"Custom Skincare Magnetic Closure Box",http://localhost/hopgiayvpn/product/custom-skincare-magnetic-closure-box/,related_product,1412,"CUSTOM SERUM PACKAGING BOX",http://localhost/hopgiayvpn/product/custom-serum-packaging-box/,"custom serum packaging box","Same category with a different packed product, structure or support option.","After the insert, material or use-case section.",200,http://localhost/hopgiayvpn/product/custom-serum-packaging-box/,0,,VALID_EXISTING_URL
1474,"Custom Skincare Magnetic Closure Box",http://localhost/hopgiayvpn/product/custom-skincare-magnetic-closure-box/,related_product,1419,"CUSTOM EYE CREAM PACKAGING BOX",http://localhost/hopgiayvpn/product/custom-eye-cream-packaging-box/,"custom eye cream packaging box","Same category with a different packed product, structure or support option.","After the insert, material or use-case section.",200,http://localhost/hopgiayvpn/product/custom-eye-cream-packaging-box/,0,,VALID_EXISTING_URL
1474,"Custom Skincare Magnetic Closure Box",http://localhost/hopgiayvpn/product/custom-skincare-magnetic-closure-box/,supporting_guide,1148,"Matte vs Gloss Lamination for Paper Packaging: Practical Differences",http://localhost/hopgiayvpn/matte-vs-gloss-lamination-for-packaging/,"matte vs gloss lamination for paper packaging: practical differences","Existing guide matches the product structure, material, insert or industry-use vocabulary.","Inside the relevant structure/material paragraph.",200,http://localhost/hopgiayvpn/matte-vs-gloss-lamination-for-packaging/,0,,VALID_EXISTING_URL
1474,"Custom Skincare Magnetic Closure Box",http://localhost/hopgiayvpn/product/custom-skincare-magnetic-closure-box/,supporting_guide,928,"How to Choose Paper Material for Product Packaging",http://localhost/hopgiayvpn/how-to-choose-paper-material-for-product-packaging/,"how to choose paper material for product packaging","Existing guide matches the product structure, material, insert or industry-use vocabulary.","Near the quote-preparation or sampling checklist.",200,http://localhost/hopgiayvpn/how-to-choose-paper-material-for-product-packaging/,0,,VALID_EXISTING_URL
1475,"Custom Jewelry Magnetic Closure Box",http://localhost/hopgiayvpn/product/custom-jewelry-magnetic-closure-box/,category_hub,,"Gift Paper Boxes",http://localhost/hopgiayvpn/products/gift-paper-boxes/,"gift paper boxes","Connect the product to its most specific existing category hub.","Product introduction or breadcrumb-support paragraph.",200,http://localhost/hopgiayvpn/products/gift-paper-boxes/,0,,VALID_EXISTING_URL
1475,"Custom Jewelry Magnetic Closure Box",http://localhost/hopgiayvpn/product/custom-jewelry-magnetic-closure-box/,related_product,242,"Custom Gift Box with Ribbon Bow",http://localhost/hopgiayvpn/product/custom-gift-box-with-ribbon-bow/,"custom gift box with ribbon bow","Same category with a different packed product, structure or support option.","After the structure/opening section.",200,http://localhost/hopgiayvpn/product/custom-gift-box-with-ribbon-bow/,0,,VALID_EXISTING_URL
1475,"Custom Jewelry Magnetic Closure Box",http://localhost/hopgiayvpn/product/custom-jewelry-magnetic-closure-box/,related_product,1476,"Custom Watch Magnetic Presentation Box",http://localhost/hopgiayvpn/product/custom-watch-magnetic-presentation-box/,"custom watch magnetic presentation box","Same category with a different packed product, structure or support option.","After the insert, material or use-case section.",200,http://localhost/hopgiayvpn/product/custom-watch-magnetic-presentation-box/,0,,VALID_EXISTING_URL
1475,"Custom Jewelry Magnetic Closure Box",http://localhost/hopgiayvpn/product/custom-jewelry-magnetic-closure-box/,related_product,246,"Custom Gift Box with Shredded Paper Filler",http://localhost/hopgiayvpn/product/custom-gift-box-with-shredded-paper-filler/,"custom gift box with shredded paper filler","Same category with a different packed product, structure or support option.","After the insert, material or use-case section.",200,http://localhost/hopgiayvpn/product/custom-gift-box-with-shredded-paper-filler/,0,,VALID_EXISTING_URL
1475,"Custom Jewelry Magnetic Closure Box",http://localhost/hopgiayvpn/product/custom-jewelry-magnetic-closure-box/,supporting_guide,928,"How to Choose Paper Material for Product Packaging",http://localhost/hopgiayvpn/how-to-choose-paper-material-for-product-packaging/,"how to choose paper material for product packaging","Existing guide matches the product structure, material, insert or industry-use vocabulary.","Inside the relevant structure/material paragraph.",200,http://localhost/hopgiayvpn/how-to-choose-paper-material-for-product-packaging/,0,,VALID_EXISTING_URL
1475,"Custom Jewelry Magnetic Closure Box",http://localhost/hopgiayvpn/product/custom-jewelry-magnetic-closure-box/,supporting_guide,1148,"Matte vs Gloss Lamination for Paper Packaging: Practical Differences",http://localhost/hopgiayvpn/matte-vs-gloss-lamination-for-packaging/,"matte vs gloss lamination for paper packaging: practical differences","Existing guide matches the product structure, material, insert or industry-use vocabulary.","Near the quote-preparation or sampling checklist.",200,http://localhost/hopgiayvpn/matte-vs-gloss-lamination-for-packaging/,0,,VALID_EXISTING_URL
1476,"Custom Watch Magnetic Presentation Box",http://localhost/hopgiayvpn/product/custom-watch-magnetic-presentation-box/,category_hub,,"Gift Paper Boxes",http://localhost/hopgiayvpn/products/gift-paper-boxes/,"gift paper boxes","Connect the product to its most specific existing category hub.","Product introduction or breadcrumb-support paragraph.",200,http://localhost/hopgiayvpn/products/gift-paper-boxes/,0,,VALID_EXISTING_URL
1476,"Custom Watch Magnetic Presentation Box",http://localhost/hopgiayvpn/product/custom-watch-magnetic-presentation-box/,related_product,1475,"Custom Jewelry Magnetic Closure Box",http://localhost/hopgiayvpn/product/custom-jewelry-magnetic-closure-box/,"custom jewelry magnetic closure box","Same category with a different packed product, structure or support option.","After the structure/opening section.",200,http://localhost/hopgiayvpn/product/custom-jewelry-magnetic-closure-box/,0,,VALID_EXISTING_URL
1476,"Custom Watch Magnetic Presentation Box",http://localhost/hopgiayvpn/product/custom-watch-magnetic-presentation-box/,related_product,242,"Custom Gift Box with Ribbon Bow",http://localhost/hopgiayvpn/product/custom-gift-box-with-ribbon-bow/,"custom gift box with ribbon bow","Same category with a different packed product, structure or support option.","After the insert, material or use-case section.",200,http://localhost/hopgiayvpn/product/custom-gift-box-with-ribbon-bow/,0,,VALID_EXISTING_URL
1476,"Custom Watch Magnetic Presentation Box",http://localhost/hopgiayvpn/product/custom-watch-magnetic-presentation-box/,related_product,243,"Custom Nested Kraft Gift Boxes with Ribbon",http://localhost/hopgiayvpn/product/custom-nested-kraft-gift-boxes-with-ribbon/,"custom nested kraft gift boxes with ribbon","Same category with a different packed product, structure or support option.","After the insert, material or use-case section.",200,http://localhost/hopgiayvpn/product/custom-nested-kraft-gift-boxes-with-ribbon/,0,,VALID_EXISTING_URL
1476,"Custom Watch Magnetic Presentation Box",http://localhost/hopgiayvpn/product/custom-watch-magnetic-presentation-box/,supporting_guide,928,"How to Choose Paper Material for Product Packaging",http://localhost/hopgiayvpn/how-to-choose-paper-material-for-product-packaging/,"how to choose paper material for product packaging","Existing guide matches the product structure, material, insert or industry-use vocabulary.","Inside the relevant structure/material paragraph.",200,http://localhost/hopgiayvpn/how-to-choose-paper-material-for-product-packaging/,0,,VALID_EXISTING_URL
1476,"Custom Watch Magnetic Presentation Box",http://localhost/hopgiayvpn/product/custom-watch-magnetic-presentation-box/,supporting_guide,1148,"Matte vs Gloss Lamination for Paper Packaging: Practical Differences",http://localhost/hopgiayvpn/matte-vs-gloss-lamination-for-packaging/,"matte vs gloss lamination for paper packaging: practical differences","Existing guide matches the product structure, material, insert or industry-use vocabulary.","Near the quote-preparation or sampling checklist.",200,http://localhost/hopgiayvpn/matte-vs-gloss-lamination-for-packaging/,0,,VALID_EXISTING_URL
1477,"Custom Electronics Magnetic Closure Box",http://localhost/hopgiayvpn/product/custom-electronics-magnetic-closure-box/,category_hub,,"Electronics Accessories Packaging",http://localhost/hopgiayvpn/products/electronics-accessories-packaging/,"electronics accessories packaging","Connect the product to its most specific existing category hub.","Product introduction or breadcrumb-support paragraph.",200,http://localhost/hopgiayvpn/products/electronics-accessories-packaging/,0,,VALID_EXISTING_URL
1477,"Custom Electronics Magnetic Closure Box",http://localhost/hopgiayvpn/product/custom-electronics-magnetic-closure-box/,related_product,744,"CUSTOM PHONE PACKAGING BOX",http://localhost/hopgiayvpn/product/custom-phone-packaging-box/,"custom phone packaging box","Same category with a different packed product, structure or support option.","After the structure/opening section.",200,http://localhost/hopgiayvpn/product/custom-phone-packaging-box/,0,,VALID_EXISTING_URL
1477,"Custom Electronics Magnetic Closure Box",http://localhost/hopgiayvpn/product/custom-electronics-magnetic-closure-box/,related_product,777,"CUSTOM PHONE CASE PACKAGING BOX",http://localhost/hopgiayvpn/product/custom-phone-case-packaging-box/,"custom phone case packaging box","Same category with a different packed product, structure or support option.","After the insert, material or use-case section.",200,http://localhost/hopgiayvpn/product/custom-phone-case-packaging-box/,0,,VALID_EXISTING_URL
1477,"Custom Electronics Magnetic Closure Box",http://localhost/hopgiayvpn/product/custom-electronics-magnetic-closure-box/,related_product,770,"CUSTOM CHARGING CABLE PACKAGING BOX",http://localhost/hopgiayvpn/product/custom-charging-cable-packaging-box/,"custom charging cable packaging box","Same category with a different packed product, structure or support option.","After the insert, material or use-case section.",200,http://localhost/hopgiayvpn/product/custom-charging-cable-packaging-box/,0,,VALID_EXISTING_URL
1477,"Custom Electronics Magnetic Closure Box",http://localhost/hopgiayvpn/product/custom-electronics-magnetic-closure-box/,supporting_guide,928,"How to Choose Paper Material for Product Packaging",http://localhost/hopgiayvpn/how-to-choose-paper-material-for-product-packaging/,"how to choose paper material for product packaging","Existing guide matches the product structure, material, insert or industry-use vocabulary.","Inside the relevant structure/material paragraph.",200,http://localhost/hopgiayvpn/how-to-choose-paper-material-for-product-packaging/,0,,VALID_EXISTING_URL
1477,"Custom Electronics Magnetic Closure Box",http://localhost/hopgiayvpn/product/custom-electronics-magnetic-closure-box/,supporting_guide,1148,"Matte vs Gloss Lamination for Paper Packaging: Practical Differences",http://localhost/hopgiayvpn/matte-vs-gloss-lamination-for-packaging/,"matte vs gloss lamination for paper packaging: practical differences","Existing guide matches the product structure, material, insert or industry-use vocabulary.","Near the quote-preparation or sampling checklist.",200,http://localhost/hopgiayvpn/matte-vs-gloss-lamination-for-packaging/,0,,VALID_EXISTING_URL
1478,"Custom Candle Magnetic Gift Box",http://localhost/hopgiayvpn/product/custom-candle-magnetic-gift-box/,category_hub,,"Candle Packaging Boxes",http://localhost/hopgiayvpn/products/candle-packaging-boxes/,"candle packaging boxes","Connect the product to its most specific existing category hub.","Product introduction or breadcrumb-support paragraph.",200,http://localhost/hopgiayvpn/products/candle-packaging-boxes/,0,,VALID_EXISTING_URL
1478,"Custom Candle Magnetic Gift Box",http://localhost/hopgiayvpn/product/custom-candle-magnetic-gift-box/,related_product,233,"Custom Candle Jar Box with Insert",http://localhost/hopgiayvpn/product/custom-candle-jar-box-with-insert/,"custom candle jar box with insert","Same category with a different packed product, structure or support option.","After the structure/opening section.",200,http://localhost/hopgiayvpn/product/custom-candle-jar-box-with-insert/,0,,VALID_EXISTING_URL
1478,"Custom Candle Magnetic Gift Box",http://localhost/hopgiayvpn/product/custom-candle-magnetic-gift-box/,related_product,1169,"CUSTOM TWO-PIECE CANDLE GIFT BOX WITH LID AND BASE",http://localhost/hopgiayvpn/product/custom-two-piece-candle-gift-box-with-lid-and-base/,"custom two-piece candle gift box with lid and base","Same category with a different packed product, structure or support option.","After the insert, material or use-case section.",200,http://localhost/hopgiayvpn/product/custom-two-piece-candle-gift-box-with-lid-and-base/,0,,VALID_EXISTING_URL
1478,"Custom Candle Magnetic Gift Box",http://localhost/hopgiayvpn/product/custom-candle-magnetic-gift-box/,related_product,1170,"CUSTOM WINDOW CANDLE BOX FOR TUMBLER CANDLES",http://localhost/hopgiayvpn/product/custom-window-candle-box-for-tumbler-candles/,"custom window candle box for tumbler candles","Same category with a different packed product, structure or support option.","After the insert, material or use-case section.",200,http://localhost/hopgiayvpn/product/custom-window-candle-box-for-tumbler-candles/,0,,VALID_EXISTING_URL
1478,"Custom Candle Magnetic Gift Box",http://localhost/hopgiayvpn/product/custom-candle-magnetic-gift-box/,supporting_guide,928,"How to Choose Paper Material for Product Packaging",http://localhost/hopgiayvpn/how-to-choose-paper-material-for-product-packaging/,"how to choose paper material for product packaging","Existing guide matches the product structure, material, insert or industry-use vocabulary.","Inside the relevant structure/material paragraph.",200,http://localhost/hopgiayvpn/how-to-choose-paper-material-for-product-packaging/,0,,VALID_EXISTING_URL
1478,"Custom Candle Magnetic Gift Box",http://localhost/hopgiayvpn/product/custom-candle-magnetic-gift-box/,supporting_guide,1148,"Matte vs Gloss Lamination for Paper Packaging: Practical Differences",http://localhost/hopgiayvpn/matte-vs-gloss-lamination-for-packaging/,"matte vs gloss lamination for paper packaging: practical differences","Existing guide matches the product structure, material, insert or industry-use vocabulary.","Near the quote-preparation or sampling checklist.",200,http://localhost/hopgiayvpn/matte-vs-gloss-lamination-for-packaging/,0,,VALID_EXISTING_URL
1479,"Custom Chocolate Magnetic Closure Box",http://localhost/hopgiayvpn/product/custom-chocolate-magnetic-closure-box/,category_hub,,"Chocolate Gift Boxes",http://localhost/hopgiayvpn/products/chocolate-gift-boxes/,"chocolate gift boxes","Connect the product to its most specific existing category hub.","Product introduction or breadcrumb-support paragraph.",200,http://localhost/hopgiayvpn/products/chocolate-gift-boxes/,0,,VALID_EXISTING_URL
1479,"Custom Chocolate Magnetic Closure Box",http://localhost/hopgiayvpn/product/custom-chocolate-magnetic-closure-box/,supporting_guide,928,"How to Choose Paper Material for Product Packaging",http://localhost/hopgiayvpn/how-to-choose-paper-material-for-product-packaging/,"how to choose paper material for product packaging","Existing guide matches the product structure, material, insert or industry-use vocabulary.","Inside the relevant structure/material paragraph.",200,http://localhost/hopgiayvpn/how-to-choose-paper-material-for-product-packaging/,0,,VALID_EXISTING_URL
1479,"Custom Chocolate Magnetic Closure Box",http://localhost/hopgiayvpn/product/custom-chocolate-magnetic-closure-box/,supporting_guide,1148,"Matte vs Gloss Lamination for Paper Packaging: Practical Differences",http://localhost/hopgiayvpn/matte-vs-gloss-lamination-for-packaging/,"matte vs gloss lamination for paper packaging: practical differences","Existing guide matches the product structure, material, insert or industry-use vocabulary.","Near the quote-preparation or sampling checklist.",200,http://localhost/hopgiayvpn/matte-vs-gloss-lamination-for-packaging/,0,,VALID_EXISTING_URL
1480,"Custom Apparel Magnetic Gift Box",http://localhost/hopgiayvpn/product/custom-apparel-magnetic-gift-box/,category_hub,,"Fashion and Sportswear Packaging",http://localhost/hopgiayvpn/products/fashion-sportswear-packaging/,"fashion and sportswear packaging","Connect the product to its most specific existing category hub.","Product introduction or breadcrumb-support paragraph.",200,http://localhost/hopgiayvpn/products/fashion-sportswear-packaging/,0,,VALID_EXISTING_URL
1480,"Custom Apparel Magnetic Gift Box",http://localhost/hopgiayvpn/product/custom-apparel-magnetic-gift-box/,related_product,860,"CUSTOM SHOE PACKAGING BOX",http://localhost/hopgiayvpn/product/custom-shoe-packaging-box/,"custom shoe packaging box","Same category with a different packed product, structure or support option.","After the structure/opening section.",200,http://localhost/hopgiayvpn/product/custom-shoe-packaging-box/,0,,VALID_EXISTING_URL
1480,"Custom Apparel Magnetic Gift Box",http://localhost/hopgiayvpn/product/custom-apparel-magnetic-gift-box/,related_product,876,"CUSTOM T-SHIRT PACKAGING BOX",http://localhost/hopgiayvpn/product/custom-t-shirt-packaging-box/,"custom t-shirt packaging box","Same category with a different packed product, structure or support option.","After the insert, material or use-case section.",200,http://localhost/hopgiayvpn/product/custom-t-shirt-packaging-box/,0,,VALID_EXISTING_URL
1480,"Custom Apparel Magnetic Gift Box",http://localhost/hopgiayvpn/product/custom-apparel-magnetic-gift-box/,related_product,869,"CUSTOM MEN UNDERWEAR PACKAGING BOX",http://localhost/hopgiayvpn/product/custom-men-underwear-packaging-box/,"custom men underwear packaging box","Same category with a different packed product, structure or support option.","After the insert, material or use-case section.",200,http://localhost/hopgiayvpn/product/custom-men-underwear-packaging-box/,0,,VALID_EXISTING_URL
1480,"Custom Apparel Magnetic Gift Box",http://localhost/hopgiayvpn/product/custom-apparel-magnetic-gift-box/,supporting_guide,928,"How to Choose Paper Material for Product Packaging",http://localhost/hopgiayvpn/how-to-choose-paper-material-for-product-packaging/,"how to choose paper material for product packaging","Existing guide matches the product structure, material, insert or industry-use vocabulary.","Inside the relevant structure/material paragraph.",200,http://localhost/hopgiayvpn/how-to-choose-paper-material-for-product-packaging/,0,,VALID_EXISTING_URL
1480,"Custom Apparel Magnetic Gift Box",http://localhost/hopgiayvpn/product/custom-apparel-magnetic-gift-box/,supporting_guide,1148,"Matte vs Gloss Lamination for Paper Packaging: Practical Differences",http://localhost/hopgiayvpn/matte-vs-gloss-lamination-for-packaging/,"matte vs gloss lamination for paper packaging: practical differences","Existing guide matches the product structure, material, insert or industry-use vocabulary.","Near the quote-preparation or sampling checklist.",200,http://localhost/hopgiayvpn/matte-vs-gloss-lamination-for-packaging/,0,,VALID_EXISTING_URL
1481,"Custom Corporate PR Kit Magnetic Box",http://localhost/hopgiayvpn/product/custom-corporate-pr-kit-magnetic-box/,category_hub,,"Corporate Gift Packaging",http://localhost/hopgiayvpn/products/corporate-gift-packaging/,"corporate gift packaging","Connect the product to its most specific existing category hub.","Product introduction or breadcrumb-support paragraph.",200,http://localhost/hopgiayvpn/products/corporate-gift-packaging/,0,,VALID_EXISTING_URL
1481,"Custom Corporate PR Kit Magnetic Box",http://localhost/hopgiayvpn/product/custom-corporate-pr-kit-magnetic-box/,supporting_guide,1148,"Matte vs Gloss Lamination for Paper Packaging: Practical Differences",http://localhost/hopgiayvpn/matte-vs-gloss-lamination-for-packaging/,"matte vs gloss lamination for paper packaging: practical differences","Existing guide matches the product structure, material, insert or industry-use vocabulary.","Inside the relevant structure/material paragraph.",200,http://localhost/hopgiayvpn/matte-vs-gloss-lamination-for-packaging/,0,,VALID_EXISTING_URL
1481,"Custom Corporate PR Kit Magnetic Box",http://localhost/hopgiayvpn/product/custom-corporate-pr-kit-magnetic-box/,supporting_guide,928,"How to Choose Paper Material for Product Packaging",http://localhost/hopgiayvpn/how-to-choose-paper-material-for-product-packaging/,"how to choose paper material for product packaging","Existing guide matches the product structure, material, insert or industry-use vocabulary.","Near the quote-preparation or sampling checklist.",200,http://localhost/hopgiayvpn/how-to-choose-paper-material-for-product-packaging/,0,,VALID_EXISTING_URL
1482,"Custom Wine Magnetic Gift Box",http://localhost/hopgiayvpn/product/custom-wine-magnetic-gift-box/,category_hub,,"Gift Paper Boxes",http://localhost/hopgiayvpn/products/gift-paper-boxes/,"gift paper boxes","Connect the product to its most specific existing category hub.","Product introduction or breadcrumb-support paragraph.",200,http://localhost/hopgiayvpn/products/gift-paper-boxes/,0,,VALID_EXISTING_URL
1482,"Custom Wine Magnetic Gift Box",http://localhost/hopgiayvpn/product/custom-wine-magnetic-gift-box/,related_product,603,"Custom Luxury Wine Bottle Gift Box with Logo",http://localhost/hopgiayvpn/product/custom-luxury-wine-bottle-packaging-box/,"custom luxury wine bottle gift box with logo","Same category with a different packed product, structure or support option.","After the structure/opening section.",200,http://localhost/hopgiayvpn/product/custom-luxury-wine-bottle-packaging-box/,0,,VALID_EXISTING_URL
1482,"Custom Wine Magnetic Gift Box",http://localhost/hopgiayvpn/product/custom-wine-magnetic-gift-box/,related_product,1476,"Custom Watch Magnetic Presentation Box",http://localhost/hopgiayvpn/product/custom-watch-magnetic-presentation-box/,"custom watch magnetic presentation box","Same category with a different packed product, structure or support option.","After the insert, material or use-case section.",200,http://localhost/hopgiayvpn/product/custom-watch-magnetic-presentation-box/,0,,VALID_EXISTING_URL
1482,"Custom Wine Magnetic Gift Box",http://localhost/hopgiayvpn/product/custom-wine-magnetic-gift-box/,related_product,1475,"Custom Jewelry Magnetic Closure Box",http://localhost/hopgiayvpn/product/custom-jewelry-magnetic-closure-box/,"custom jewelry magnetic closure box","Same category with a different packed product, structure or support option.","After the insert, material or use-case section.",200,http://localhost/hopgiayvpn/product/custom-jewelry-magnetic-closure-box/,0,,VALID_EXISTING_URL
1482,"Custom Wine Magnetic Gift Box",http://localhost/hopgiayvpn/product/custom-wine-magnetic-gift-box/,supporting_guide,928,"How to Choose Paper Material for Product Packaging",http://localhost/hopgiayvpn/how-to-choose-paper-material-for-product-packaging/,"how to choose paper material for product packaging","Existing guide matches the product structure, material, insert or industry-use vocabulary.","Inside the relevant structure/material paragraph.",200,http://localhost/hopgiayvpn/how-to-choose-paper-material-for-product-packaging/,0,,VALID_EXISTING_URL
1482,"Custom Wine Magnetic Gift Box",http://localhost/hopgiayvpn/product/custom-wine-magnetic-gift-box/,supporting_guide,1148,"Matte vs Gloss Lamination for Paper Packaging: Practical Differences",http://localhost/hopgiayvpn/matte-vs-gloss-lamination-for-packaging/,"matte vs gloss lamination for paper packaging: practical differences","Existing guide matches the product structure, material, insert or industry-use vocabulary.","Near the quote-preparation or sampling checklist.",200,http://localhost/hopgiayvpn/matte-vs-gloss-lamination-for-packaging/,0,,VALID_EXISTING_URL
5557,"CUSTOM PERFUME AND LOTION GIFT SET BOX",http://localhost/hopgiayvpn/product/custom-perfume-and-lotion-gift-set-box/,category_hub,,"Perfume Packaging Boxes",http://localhost/hopgiayvpn/products/perfume-packaging-boxes/,"perfume packaging boxes","Connect the product to its most specific existing category hub.","Product introduction or breadcrumb-support paragraph.",200,http://localhost/hopgiayvpn/products/perfume-packaging-boxes/,0,,VALID_EXISTING_URL
5557,"CUSTOM PERFUME AND LOTION GIFT SET BOX",http://localhost/hopgiayvpn/product/custom-perfume-and-lotion-gift-set-box/,related_product,5685,"CUSTOM FOLDING CARTON PERFUME BOX",http://localhost/hopgiayvpn/product/custom-folding-carton-perfume-box/,"custom folding carton perfume box","Same category with a different packed product, structure or support option.","After the structure/opening section.",200,http://localhost/hopgiayvpn/product/custom-folding-carton-perfume-box/,0,,VALID_EXISTING_URL
5557,"CUSTOM PERFUME AND LOTION GIFT SET BOX",http://localhost/hopgiayvpn/product/custom-perfume-and-lotion-gift-set-box/,related_product,5635,"CUSTOM PERFUME SAMPLE SET BOX",http://localhost/hopgiayvpn/product/custom-perfume-sample-set-box/,"custom perfume sample set box","Same category with a different packed product, structure or support option.","After the insert, material or use-case section.",200,http://localhost/hopgiayvpn/product/custom-perfume-sample-set-box/,0,,VALID_EXISTING_URL
5557,"CUSTOM PERFUME AND LOTION GIFT SET BOX",http://localhost/hopgiayvpn/product/custom-perfume-and-lotion-gift-set-box/,related_product,5581,"CUSTOM PERFUME BOX WITH PAPER INSERT",http://localhost/hopgiayvpn/product/custom-perfume-box-with-paper-insert/,"custom perfume box with paper insert","Same category with a different packed product, structure or support option.","After the insert, material or use-case section.",200,http://localhost/hopgiayvpn/product/custom-perfume-box-with-paper-insert/,0,,VALID_EXISTING_URL
5557,"CUSTOM PERFUME AND LOTION GIFT SET BOX",http://localhost/hopgiayvpn/product/custom-perfume-and-lotion-gift-set-box/,supporting_guide,2367,"How to Choose Paper Box Structure for Perfume Packaging",http://localhost/hopgiayvpn/how-to-choose-paper-box-structure-for-perfume-packaging/,"how to choose paper box structure for perfume packaging","Existing guide matches the product structure, material, insert or industry-use vocabulary.","Inside the relevant structure/material paragraph.",200,http://localhost/hopgiayvpn/how-to-choose-paper-box-structure-for-perfume-packaging/,0,,VALID_EXISTING_URL
5557,"CUSTOM PERFUME AND LOTION GIFT SET BOX",http://localhost/hopgiayvpn/product/custom-perfume-and-lotion-gift-set-box/,supporting_guide,1148,"Matte vs Gloss Lamination for Paper Packaging: Practical Differences",http://localhost/hopgiayvpn/matte-vs-gloss-lamination-for-packaging/,"matte vs gloss lamination for paper packaging: practical differences","Existing guide matches the product structure, material, insert or industry-use vocabulary.","Near the quote-preparation or sampling checklist.",200,http://localhost/hopgiayvpn/matte-vs-gloss-lamination-for-packaging/,0,,VALID_EXISTING_URL
5581,"CUSTOM PERFUME BOX WITH PAPER INSERT",http://localhost/hopgiayvpn/product/custom-perfume-box-with-paper-insert/,category_hub,,"Perfume Packaging Boxes",http://localhost/hopgiayvpn/products/perfume-packaging-boxes/,"perfume packaging boxes","Connect the product to its most specific existing category hub.","Product introduction or breadcrumb-support paragraph.",200,http://localhost/hopgiayvpn/products/perfume-packaging-boxes/,0,,VALID_EXISTING_URL
5581,"CUSTOM PERFUME BOX WITH PAPER INSERT",http://localhost/hopgiayvpn/product/custom-perfume-box-with-paper-insert/,related_product,5685,"CUSTOM FOLDING CARTON PERFUME BOX",http://localhost/hopgiayvpn/product/custom-folding-carton-perfume-box/,"custom folding carton perfume box","Same category with a different packed product, structure or support option.","After the structure/opening section.",200,http://localhost/hopgiayvpn/product/custom-folding-carton-perfume-box/,0,,VALID_EXISTING_URL
5581,"CUSTOM PERFUME BOX WITH PAPER INSERT",http://localhost/hopgiayvpn/product/custom-perfume-box-with-paper-insert/,related_product,5661,"CUSTOM REFILLABLE PERFUME PACKAGING BOX",http://localhost/hopgiayvpn/product/custom-refillable-perfume-packaging-box/,"custom refillable perfume packaging box","Same category with a different packed product, structure or support option.","After the insert, material or use-case section.",200,http://localhost/hopgiayvpn/product/custom-refillable-perfume-packaging-box/,0,,VALID_EXISTING_URL
5581,"CUSTOM PERFUME BOX WITH PAPER INSERT",http://localhost/hopgiayvpn/product/custom-perfume-box-with-paper-insert/,related_product,241,"Custom Perfume Box with Insert",http://localhost/hopgiayvpn/product/custom-perfume-box-with-insert/,"custom perfume box with insert","Same category with a different packed product, structure or support option.","After the insert, material or use-case section.",200,http://localhost/hopgiayvpn/product/custom-perfume-box-with-insert/,0,,VALID_EXISTING_URL
5581,"CUSTOM PERFUME BOX WITH PAPER INSERT",http://localhost/hopgiayvpn/product/custom-perfume-box-with-paper-insert/,supporting_guide,2367,"How to Choose Paper Box Structure for Perfume Packaging",http://localhost/hopgiayvpn/how-to-choose-paper-box-structure-for-perfume-packaging/,"how to choose paper box structure for perfume packaging","Existing guide matches the product structure, material, insert or industry-use vocabulary.","Inside the relevant structure/material paragraph.",200,http://localhost/hopgiayvpn/how-to-choose-paper-box-structure-for-perfume-packaging/,0,,VALID_EXISTING_URL
5581,"CUSTOM PERFUME BOX WITH PAPER INSERT",http://localhost/hopgiayvpn/product/custom-perfume-box-with-paper-insert/,supporting_guide,1148,"Matte vs Gloss Lamination for Paper Packaging: Practical Differences",http://localhost/hopgiayvpn/matte-vs-gloss-lamination-for-packaging/,"matte vs gloss lamination for paper packaging: practical differences","Existing guide matches the product structure, material, insert or industry-use vocabulary.","Near the quote-preparation or sampling checklist.",200,http://localhost/hopgiayvpn/matte-vs-gloss-lamination-for-packaging/,0,,VALID_EXISTING_URL
5609,"CUSTOM PERFUME DRAWER BOX WITH INSERT",http://localhost/hopgiayvpn/product/custom-perfume-drawer-box-with-insert/,category_hub,,"Perfume Packaging Boxes",http://localhost/hopgiayvpn/products/perfume-packaging-boxes/,"perfume packaging boxes","Connect the product to its most specific existing category hub.","Product introduction or breadcrumb-support paragraph.",200,http://localhost/hopgiayvpn/products/perfume-packaging-boxes/,0,,VALID_EXISTING_URL
5609,"CUSTOM PERFUME DRAWER BOX WITH INSERT",http://localhost/hopgiayvpn/product/custom-perfume-drawer-box-with-insert/,related_product,5635,"CUSTOM PERFUME SAMPLE SET BOX",http://localhost/hopgiayvpn/product/custom-perfume-sample-set-box/,"custom perfume sample set box","Same category with a different packed product, structure or support option.","After the structure/opening section.",200,http://localhost/hopgiayvpn/product/custom-perfume-sample-set-box/,0,,VALID_EXISTING_URL
5609,"CUSTOM PERFUME DRAWER BOX WITH INSERT",http://localhost/hopgiayvpn/product/custom-perfume-drawer-box-with-insert/,related_product,5779,"CUSTOM PERFUME BOX WITH LID AND BASE",http://localhost/hopgiayvpn/product/custom-perfume-box-with-lid-and-base/,"custom perfume box with lid and base","Same category with a different packed product, structure or support option.","After the insert, material or use-case section.",200,http://localhost/hopgiayvpn/product/custom-perfume-box-with-lid-and-base/,0,,VALID_EXISTING_URL
5609,"CUSTOM PERFUME DRAWER BOX WITH INSERT",http://localhost/hopgiayvpn/product/custom-perfume-drawer-box-with-insert/,related_product,241,"Custom Perfume Box with Insert",http://localhost/hopgiayvpn/product/custom-perfume-box-with-insert/,"custom perfume box with insert","Same category with a different packed product, structure or support option.","After the insert, material or use-case section.",200,http://localhost/hopgiayvpn/product/custom-perfume-box-with-insert/,0,,VALID_EXISTING_URL
5609,"CUSTOM PERFUME DRAWER BOX WITH INSERT",http://localhost/hopgiayvpn/product/custom-perfume-drawer-box-with-insert/,supporting_guide,2367,"How to Choose Paper Box Structure for Perfume Packaging",http://localhost/hopgiayvpn/how-to-choose-paper-box-structure-for-perfume-packaging/,"how to choose paper box structure for perfume packaging","Existing guide matches the product structure, material, insert or industry-use vocabulary.","Inside the relevant structure/material paragraph.",200,http://localhost/hopgiayvpn/how-to-choose-paper-box-structure-for-perfume-packaging/,0,,VALID_EXISTING_URL
5609,"CUSTOM PERFUME DRAWER BOX WITH INSERT",http://localhost/hopgiayvpn/product/custom-perfume-drawer-box-with-insert/,supporting_guide,928,"How to Choose Paper Material for Product Packaging",http://localhost/hopgiayvpn/how-to-choose-paper-material-for-product-packaging/,"how to choose paper material for product packaging","Existing guide matches the product structure, material, insert or industry-use vocabulary.","Near the quote-preparation or sampling checklist.",200,http://localhost/hopgiayvpn/how-to-choose-paper-material-for-product-packaging/,0,,VALID_EXISTING_URL
5635,"CUSTOM PERFUME SAMPLE SET BOX",http://localhost/hopgiayvpn/product/custom-perfume-sample-set-box/,category_hub,,"Perfume Packaging Boxes",http://localhost/hopgiayvpn/products/perfume-packaging-boxes/,"perfume packaging boxes","Connect the product to its most specific existing category hub.","Product introduction or breadcrumb-support paragraph.",200,http://localhost/hopgiayvpn/products/perfume-packaging-boxes/,0,,VALID_EXISTING_URL
5635,"CUSTOM PERFUME SAMPLE SET BOX",http://localhost/hopgiayvpn/product/custom-perfume-sample-set-box/,related_product,5609,"CUSTOM PERFUME DRAWER BOX WITH INSERT",http://localhost/hopgiayvpn/product/custom-perfume-drawer-box-with-insert/,"custom perfume drawer box with insert","Same category with a different packed product, structure or support option.","After the structure/opening section.",200,http://localhost/hopgiayvpn/product/custom-perfume-drawer-box-with-insert/,0,,VALID_EXISTING_URL
5635,"CUSTOM PERFUME SAMPLE SET BOX",http://localhost/hopgiayvpn/product/custom-perfume-sample-set-box/,related_product,5557,"CUSTOM PERFUME AND LOTION GIFT SET BOX",http://localhost/hopgiayvpn/product/custom-perfume-and-lotion-gift-set-box/,"custom perfume and lotion gift set box","Same category with a different packed product, structure or support option.","After the insert, material or use-case section.",200,http://localhost/hopgiayvpn/product/custom-perfume-and-lotion-gift-set-box/,0,,VALID_EXISTING_URL
5635,"CUSTOM PERFUME SAMPLE SET BOX",http://localhost/hopgiayvpn/product/custom-perfume-sample-set-box/,related_product,5735,"CUSTOM MINI PERFUME BOTTLE PACKAGING BOX",http://localhost/hopgiayvpn/product/custom-mini-perfume-bottle-packaging-box/,"custom mini perfume bottle packaging box","Same category with a different packed product, structure or support option.","After the insert, material or use-case section.",200,http://localhost/hopgiayvpn/product/custom-mini-perfume-bottle-packaging-box/,0,,VALID_EXISTING_URL
5635,"CUSTOM PERFUME SAMPLE SET BOX",http://localhost/hopgiayvpn/product/custom-perfume-sample-set-box/,supporting_guide,2367,"How to Choose Paper Box Structure for Perfume Packaging",http://localhost/hopgiayvpn/how-to-choose-paper-box-structure-for-perfume-packaging/,"how to choose paper box structure for perfume packaging","Existing guide matches the product structure, material, insert or industry-use vocabulary.","Inside the relevant structure/material paragraph.",200,http://localhost/hopgiayvpn/how-to-choose-paper-box-structure-for-perfume-packaging/,0,,VALID_EXISTING_URL
5635,"CUSTOM PERFUME SAMPLE SET BOX",http://localhost/hopgiayvpn/product/custom-perfume-sample-set-box/,supporting_guide,1148,"Matte vs Gloss Lamination for Paper Packaging: Practical Differences",http://localhost/hopgiayvpn/matte-vs-gloss-lamination-for-packaging/,"matte vs gloss lamination for paper packaging: practical differences","Existing guide matches the product structure, material, insert or industry-use vocabulary.","Near the quote-preparation or sampling checklist.",200,http://localhost/hopgiayvpn/matte-vs-gloss-lamination-for-packaging/,0,,VALID_EXISTING_URL
5661,"CUSTOM REFILLABLE PERFUME PACKAGING BOX",http://localhost/hopgiayvpn/product/custom-refillable-perfume-packaging-box/,category_hub,,"Perfume Packaging Boxes",http://localhost/hopgiayvpn/products/perfume-packaging-boxes/,"perfume packaging boxes","Connect the product to its most specific existing category hub.","Product introduction or breadcrumb-support paragraph.",200,http://localhost/hopgiayvpn/products/perfume-packaging-boxes/,0,,VALID_EXISTING_URL
5661,"CUSTOM REFILLABLE PERFUME PACKAGING BOX",http://localhost/hopgiayvpn/product/custom-refillable-perfume-packaging-box/,related_product,5581,"CUSTOM PERFUME BOX WITH PAPER INSERT",http://localhost/hopgiayvpn/product/custom-perfume-box-with-paper-insert/,"custom perfume box with paper insert","Same category with a different packed product, structure or support option.","After the structure/opening section.",200,http://localhost/hopgiayvpn/product/custom-perfume-box-with-paper-insert/,0,,VALID_EXISTING_URL
5661,"CUSTOM REFILLABLE PERFUME PACKAGING BOX",http://localhost/hopgiayvpn/product/custom-refillable-perfume-packaging-box/,related_product,5685,"CUSTOM FOLDING CARTON PERFUME BOX",http://localhost/hopgiayvpn/product/custom-folding-carton-perfume-box/,"custom folding carton perfume box","Same category with a different packed product, structure or support option.","After the insert, material or use-case section.",200,http://localhost/hopgiayvpn/product/custom-folding-carton-perfume-box/,0,,VALID_EXISTING_URL
5661,"CUSTOM REFILLABLE PERFUME PACKAGING BOX",http://localhost/hopgiayvpn/product/custom-refillable-perfume-packaging-box/,related_product,241,"Custom Perfume Box with Insert",http://localhost/hopgiayvpn/product/custom-perfume-box-with-insert/,"custom perfume box with insert","Same category with a different packed product, structure or support option.","After the insert, material or use-case section.",200,http://localhost/hopgiayvpn/product/custom-perfume-box-with-insert/,0,,VALID_EXISTING_URL
5661,"CUSTOM REFILLABLE PERFUME PACKAGING BOX",http://localhost/hopgiayvpn/product/custom-refillable-perfume-packaging-box/,supporting_guide,2367,"How to Choose Paper Box Structure for Perfume Packaging",http://localhost/hopgiayvpn/how-to-choose-paper-box-structure-for-perfume-packaging/,"how to choose paper box structure for perfume packaging","Existing guide matches the product structure, material, insert or industry-use vocabulary.","Inside the relevant structure/material paragraph.",200,http://localhost/hopgiayvpn/how-to-choose-paper-box-structure-for-perfume-packaging/,0,,VALID_EXISTING_URL
5661,"CUSTOM REFILLABLE PERFUME PACKAGING BOX",http://localhost/hopgiayvpn/product/custom-refillable-perfume-packaging-box/,supporting_guide,928,"How to Choose Paper Material for Product Packaging",http://localhost/hopgiayvpn/how-to-choose-paper-material-for-product-packaging/,"how to choose paper material for product packaging","Existing guide matches the product structure, material, insert or industry-use vocabulary.","Near the quote-preparation or sampling checklist.",200,http://localhost/hopgiayvpn/how-to-choose-paper-material-for-product-packaging/,0,,VALID_EXISTING_URL
5685,"CUSTOM FOLDING CARTON PERFUME BOX",http://localhost/hopgiayvpn/product/custom-folding-carton-perfume-box/,category_hub,,"Perfume Packaging Boxes",http://localhost/hopgiayvpn/products/perfume-packaging-boxes/,"perfume packaging boxes","Connect the product to its most specific existing category hub.","Product introduction or breadcrumb-support paragraph.",200,http://localhost/hopgiayvpn/products/perfume-packaging-boxes/,0,,VALID_EXISTING_URL
5685,"CUSTOM FOLDING CARTON PERFUME BOX",http://localhost/hopgiayvpn/product/custom-folding-carton-perfume-box/,related_product,5581,"CUSTOM PERFUME BOX WITH PAPER INSERT",http://localhost/hopgiayvpn/product/custom-perfume-box-with-paper-insert/,"custom perfume box with paper insert","Same category with a different packed product, structure or support option.","After the structure/opening section.",200,http://localhost/hopgiayvpn/product/custom-perfume-box-with-paper-insert/,0,,VALID_EXISTING_URL
5685,"CUSTOM FOLDING CARTON PERFUME BOX",http://localhost/hopgiayvpn/product/custom-folding-carton-perfume-box/,related_product,241,"Custom Perfume Box with Insert",http://localhost/hopgiayvpn/product/custom-perfume-box-with-insert/,"custom perfume box with insert","Same category with a different packed product, structure or support option.","After the insert, material or use-case section.",200,http://localhost/hopgiayvpn/product/custom-perfume-box-with-insert/,0,,VALID_EXISTING_URL
5685,"CUSTOM FOLDING CARTON PERFUME BOX",http://localhost/hopgiayvpn/product/custom-folding-carton-perfume-box/,related_product,334,"Custom Perfume Gift Set Box with Insert",http://localhost/hopgiayvpn/product/custom-perfume-gift-set-box-with-insert/,"custom perfume gift set box with insert","Same category with a different packed product, structure or support option.","After the insert, material or use-case section.",200,http://localhost/hopgiayvpn/product/custom-perfume-gift-set-box-with-insert/,0,,VALID_EXISTING_URL
5685,"CUSTOM FOLDING CARTON PERFUME BOX",http://localhost/hopgiayvpn/product/custom-folding-carton-perfume-box/,supporting_guide,2367,"How to Choose Paper Box Structure for Perfume Packaging",http://localhost/hopgiayvpn/how-to-choose-paper-box-structure-for-perfume-packaging/,"how to choose paper box structure for perfume packaging","Existing guide matches the product structure, material, insert or industry-use vocabulary.","Inside the relevant structure/material paragraph.",200,http://localhost/hopgiayvpn/how-to-choose-paper-box-structure-for-perfume-packaging/,0,,VALID_EXISTING_URL
5685,"CUSTOM FOLDING CARTON PERFUME BOX",http://localhost/hopgiayvpn/product/custom-folding-carton-perfume-box/,supporting_guide,1148,"Matte vs Gloss Lamination for Paper Packaging: Practical Differences",http://localhost/hopgiayvpn/matte-vs-gloss-lamination-for-packaging/,"matte vs gloss lamination for paper packaging: practical differences","Existing guide matches the product structure, material, insert or industry-use vocabulary.","Near the quote-preparation or sampling checklist.",200,http://localhost/hopgiayvpn/matte-vs-gloss-lamination-for-packaging/,0,,VALID_EXISTING_URL
5709,"CUSTOM LUXURY PERFUME BOX WITH MAGNETIC CLOSURE",http://localhost/hopgiayvpn/product/custom-luxury-perfume-box-with-magnetic-closure/,category_hub,,"Magnetic Closure Boxes",http://localhost/hopgiayvpn/products/magnetic-closure-boxes/,"magnetic closure boxes","Connect the product to its most specific existing category hub.","Product introduction or breadcrumb-support paragraph.",200,http://localhost/hopgiayvpn/products/magnetic-closure-boxes/,0,,VALID_EXISTING_URL
5709,"CUSTOM LUXURY PERFUME BOX WITH MAGNETIC CLOSURE",http://localhost/hopgiayvpn/product/custom-luxury-perfume-box-with-magnetic-closure/,related_product,422,"CUSTOM MAGNETIC GIFT BOX",http://localhost/hopgiayvpn/product/custom-magnetic-gift-box/,"custom magnetic gift box","Same category with a different packed product, structure or support option.","After the structure/opening section.",200,http://localhost/hopgiayvpn/product/custom-magnetic-gift-box/,0,,VALID_EXISTING_URL
5709,"CUSTOM LUXURY PERFUME BOX WITH MAGNETIC CLOSURE",http://localhost/hopgiayvpn/product/custom-luxury-perfume-box-with-magnetic-closure/,related_product,397,"Custom Magnetic Gift Box with Insert Tray",http://localhost/hopgiayvpn/product/custom-magnetic-gift-box-with-insert-tray/,"custom magnetic gift box with insert tray","Same category with a different packed product, structure or support option.","After the insert, material or use-case section.",200,http://localhost/hopgiayvpn/product/custom-magnetic-gift-box-with-insert-tray/,0,,VALID_EXISTING_URL
5709,"CUSTOM LUXURY PERFUME BOX WITH MAGNETIC CLOSURE",http://localhost/hopgiayvpn/product/custom-luxury-perfume-box-with-magnetic-closure/,related_product,401,"Custom Magnetic Closure Gift Box",http://localhost/hopgiayvpn/product/custom-magnetic-closure-gift-box/,"custom magnetic closure gift box","Same category with a different packed product, structure or support option.","After the insert, material or use-case section.",200,http://localhost/hopgiayvpn/product/custom-magnetic-closure-gift-box/,0,,VALID_EXISTING_URL
5709,"CUSTOM LUXURY PERFUME BOX WITH MAGNETIC CLOSURE",http://localhost/hopgiayvpn/product/custom-luxury-perfume-box-with-magnetic-closure/,supporting_guide,2367,"How to Choose Paper Box Structure for Perfume Packaging",http://localhost/hopgiayvpn/how-to-choose-paper-box-structure-for-perfume-packaging/,"how to choose paper box structure for perfume packaging","Existing guide matches the product structure, material, insert or industry-use vocabulary.","Inside the relevant structure/material paragraph.",200,http://localhost/hopgiayvpn/how-to-choose-paper-box-structure-for-perfume-packaging/,0,,VALID_EXISTING_URL
5709,"CUSTOM LUXURY PERFUME BOX WITH MAGNETIC CLOSURE",http://localhost/hopgiayvpn/product/custom-luxury-perfume-box-with-magnetic-closure/,supporting_guide,928,"How to Choose Paper Material for Product Packaging",http://localhost/hopgiayvpn/how-to-choose-paper-material-for-product-packaging/,"how to choose paper material for product packaging","Existing guide matches the product structure, material, insert or industry-use vocabulary.","Near the quote-preparation or sampling checklist.",200,http://localhost/hopgiayvpn/how-to-choose-paper-material-for-product-packaging/,0,,VALID_EXISTING_URL
5735,"CUSTOM MINI PERFUME BOTTLE PACKAGING BOX",http://localhost/hopgiayvpn/product/custom-mini-perfume-bottle-packaging-box/,category_hub,,"Perfume Packaging Boxes",http://localhost/hopgiayvpn/products/perfume-packaging-boxes/,"perfume packaging boxes","Connect the product to its most specific existing category hub.","Product introduction or breadcrumb-support paragraph.",200,http://localhost/hopgiayvpn/products/perfume-packaging-boxes/,0,,VALID_EXISTING_URL
5735,"CUSTOM MINI PERFUME BOTTLE PACKAGING BOX",http://localhost/hopgiayvpn/product/custom-mini-perfume-bottle-packaging-box/,related_product,5635,"CUSTOM PERFUME SAMPLE SET BOX",http://localhost/hopgiayvpn/product/custom-perfume-sample-set-box/,"custom perfume sample set box","Same category with a different packed product, structure or support option.","After the structure/opening section.",200,http://localhost/hopgiayvpn/product/custom-perfume-sample-set-box/,0,,VALID_EXISTING_URL
5735,"CUSTOM MINI PERFUME BOTTLE PACKAGING BOX",http://localhost/hopgiayvpn/product/custom-mini-perfume-bottle-packaging-box/,related_product,5779,"CUSTOM PERFUME BOX WITH LID AND BASE",http://localhost/hopgiayvpn/product/custom-perfume-box-with-lid-and-base/,"custom perfume box with lid and base","Same category with a different packed product, structure or support option.","After the insert, material or use-case section.",200,http://localhost/hopgiayvpn/product/custom-perfume-box-with-lid-and-base/,0,,VALID_EXISTING_URL
5735,"CUSTOM MINI PERFUME BOTTLE PACKAGING BOX",http://localhost/hopgiayvpn/product/custom-mini-perfume-bottle-packaging-box/,related_product,241,"Custom Perfume Box with Insert",http://localhost/hopgiayvpn/product/custom-perfume-box-with-insert/,"custom perfume box with insert","Same category with a different packed product, structure or support option.","After the insert, material or use-case section.",200,http://localhost/hopgiayvpn/product/custom-perfume-box-with-insert/,0,,VALID_EXISTING_URL
5735,"CUSTOM MINI PERFUME BOTTLE PACKAGING BOX",http://localhost/hopgiayvpn/product/custom-mini-perfume-bottle-packaging-box/,supporting_guide,2367,"How to Choose Paper Box Structure for Perfume Packaging",http://localhost/hopgiayvpn/how-to-choose-paper-box-structure-for-perfume-packaging/,"how to choose paper box structure for perfume packaging","Existing guide matches the product structure, material, insert or industry-use vocabulary.","Inside the relevant structure/material paragraph.",200,http://localhost/hopgiayvpn/how-to-choose-paper-box-structure-for-perfume-packaging/,0,,VALID_EXISTING_URL
5735,"CUSTOM MINI PERFUME BOTTLE PACKAGING BOX",http://localhost/hopgiayvpn/product/custom-mini-perfume-bottle-packaging-box/,supporting_guide,928,"How to Choose Paper Material for Product Packaging",http://localhost/hopgiayvpn/how-to-choose-paper-material-for-product-packaging/,"how to choose paper material for product packaging","Existing guide matches the product structure, material, insert or industry-use vocabulary.","Near the quote-preparation or sampling checklist.",200,http://localhost/hopgiayvpn/how-to-choose-paper-material-for-product-packaging/,0,,VALID_EXISTING_URL
5757,"CUSTOM PERFUME BOX WITH EVA FOAM INSERT",http://localhost/hopgiayvpn/product/custom-perfume-box-with-eva-foam-insert/,category_hub,,"Perfume Packaging Boxes",http://localhost/hopgiayvpn/products/perfume-packaging-boxes/,"perfume packaging boxes","Connect the product to its most specific existing category hub.","Product introduction or breadcrumb-support paragraph.",200,http://localhost/hopgiayvpn/products/perfume-packaging-boxes/,0,,VALID_EXISTING_URL
5757,"CUSTOM PERFUME BOX WITH EVA FOAM INSERT",http://localhost/hopgiayvpn/product/custom-perfume-box-with-eva-foam-insert/,related_product,5779,"CUSTOM PERFUME BOX WITH LID AND BASE",http://localhost/hopgiayvpn/product/custom-perfume-box-with-lid-and-base/,"custom perfume box with lid and base","Same category with a different packed product, structure or support option.","After the structure/opening section.",200,http://localhost/hopgiayvpn/product/custom-perfume-box-with-lid-and-base/,0,,VALID_EXISTING_URL
5757,"CUSTOM PERFUME BOX WITH EVA FOAM INSERT",http://localhost/hopgiayvpn/product/custom-perfume-box-with-eva-foam-insert/,related_product,241,"Custom Perfume Box with Insert",http://localhost/hopgiayvpn/product/custom-perfume-box-with-insert/,"custom perfume box with insert","Same category with a different packed product, structure or support option.","After the insert, material or use-case section.",200,http://localhost/hopgiayvpn/product/custom-perfume-box-with-insert/,0,,VALID_EXISTING_URL
5757,"CUSTOM PERFUME BOX WITH EVA FOAM INSERT",http://localhost/hopgiayvpn/product/custom-perfume-box-with-eva-foam-insert/,related_product,334,"Custom Perfume Gift Set Box with Insert",http://localhost/hopgiayvpn/product/custom-perfume-gift-set-box-with-insert/,"custom perfume gift set box with insert","Same category with a different packed product, structure or support option.","After the insert, material or use-case section.",200,http://localhost/hopgiayvpn/product/custom-perfume-gift-set-box-with-insert/,0,,VALID_EXISTING_URL
5757,"CUSTOM PERFUME BOX WITH EVA FOAM INSERT",http://localhost/hopgiayvpn/product/custom-perfume-box-with-eva-foam-insert/,supporting_guide,2367,"How to Choose Paper Box Structure for Perfume Packaging",http://localhost/hopgiayvpn/how-to-choose-paper-box-structure-for-perfume-packaging/,"how to choose paper box structure for perfume packaging","Existing guide matches the product structure, material, insert or industry-use vocabulary.","Inside the relevant structure/material paragraph.",200,http://localhost/hopgiayvpn/how-to-choose-paper-box-structure-for-perfume-packaging/,0,,VALID_EXISTING_URL
5757,"CUSTOM PERFUME BOX WITH EVA FOAM INSERT",http://localhost/hopgiayvpn/product/custom-perfume-box-with-eva-foam-insert/,supporting_guide,928,"How to Choose Paper Material for Product Packaging",http://localhost/hopgiayvpn/how-to-choose-paper-material-for-product-packaging/,"how to choose paper material for product packaging","Existing guide matches the product structure, material, insert or industry-use vocabulary.","Near the quote-preparation or sampling checklist.",200,http://localhost/hopgiayvpn/how-to-choose-paper-material-for-product-packaging/,0,,VALID_EXISTING_URL
5779,"CUSTOM PERFUME BOX WITH LID AND BASE",http://localhost/hopgiayvpn/product/custom-perfume-box-with-lid-and-base/,category_hub,,"Perfume Packaging Boxes",http://localhost/hopgiayvpn/products/perfume-packaging-boxes/,"perfume packaging boxes","Connect the product to its most specific existing category hub.","Product introduction or breadcrumb-support paragraph.",200,http://localhost/hopgiayvpn/products/perfume-packaging-boxes/,0,,VALID_EXISTING_URL
5779,"CUSTOM PERFUME BOX WITH LID AND BASE",http://localhost/hopgiayvpn/product/custom-perfume-box-with-lid-and-base/,related_product,241,"Custom Perfume Box with Insert",http://localhost/hopgiayvpn/product/custom-perfume-box-with-insert/,"custom perfume box with insert","Same category with a different packed product, structure or support option.","After the structure/opening section.",200,http://localhost/hopgiayvpn/product/custom-perfume-box-with-insert/,0,,VALID_EXISTING_URL
5779,"CUSTOM PERFUME BOX WITH LID AND BASE",http://localhost/hopgiayvpn/product/custom-perfume-box-with-lid-and-base/,related_product,334,"Custom Perfume Gift Set Box with Insert",http://localhost/hopgiayvpn/product/custom-perfume-gift-set-box-with-insert/,"custom perfume gift set box with insert","Same category with a different packed product, structure or support option.","After the insert, material or use-case section.",200,http://localhost/hopgiayvpn/product/custom-perfume-gift-set-box-with-insert/,0,,VALID_EXISTING_URL
5779,"CUSTOM PERFUME BOX WITH LID AND BASE",http://localhost/hopgiayvpn/product/custom-perfume-box-with-lid-and-base/,related_product,405,"Custom Perfume Display Box with Sleeve",http://localhost/hopgiayvpn/product/custom-perfume-display-box-with-sleeve/,"custom perfume display box with sleeve","Same category with a different packed product, structure or support option.","After the insert, material or use-case section.",200,http://localhost/hopgiayvpn/product/custom-perfume-display-box-with-sleeve/,0,,VALID_EXISTING_URL
5779,"CUSTOM PERFUME BOX WITH LID AND BASE",http://localhost/hopgiayvpn/product/custom-perfume-box-with-lid-and-base/,supporting_guide,2367,"How to Choose Paper Box Structure for Perfume Packaging",http://localhost/hopgiayvpn/how-to-choose-paper-box-structure-for-perfume-packaging/,"how to choose paper box structure for perfume packaging","Existing guide matches the product structure, material, insert or industry-use vocabulary.","Inside the relevant structure/material paragraph.",200,http://localhost/hopgiayvpn/how-to-choose-paper-box-structure-for-perfume-packaging/,0,,VALID_EXISTING_URL
5779,"CUSTOM PERFUME BOX WITH LID AND BASE",http://localhost/hopgiayvpn/product/custom-perfume-box-with-lid-and-base/,supporting_guide,1148,"Matte vs Gloss Lamination for Paper Packaging: Practical Differences",http://localhost/hopgiayvpn/matte-vs-gloss-lamination-for-packaging/,"matte vs gloss lamination for paper packaging: practical differences","Existing guide matches the product structure, material, insert or industry-use vocabulary.","Near the quote-preparation or sampling checklist.",200,http://localhost/hopgiayvpn/matte-vs-gloss-lamination-for-packaging/,0,,VALID_EXISTING_URL
5803,"CUSTOM CORRUGATED APPAREL MAILER BOX",http://localhost/hopgiayvpn/product/custom-corrugated-apparel-mailer-box/,category_hub,,"Corrugated Mailer Boxes",http://localhost/hopgiayvpn/products/corrugated-mailer-boxes/,"corrugated mailer boxes","Connect the product to its most specific existing category hub.","Product introduction or breadcrumb-support paragraph.",200,http://localhost/hopgiayvpn/products/corrugated-mailer-boxes/,0,,VALID_EXISTING_URL
5803,"CUSTOM CORRUGATED APPAREL MAILER BOX",http://localhost/hopgiayvpn/product/custom-corrugated-apparel-mailer-box/,related_product,391,"Custom Corrugated Mailer Box",http://localhost/hopgiayvpn/product/custom-corrugated-mailer-box/,"custom corrugated mailer box","Same category with a different packed product, structure or support option.","After the structure/opening section.",200,http://localhost/hopgiayvpn/product/custom-corrugated-mailer-box/,0,,VALID_EXISTING_URL
5803,"CUSTOM CORRUGATED APPAREL MAILER BOX",http://localhost/hopgiayvpn/product/custom-corrugated-apparel-mailer-box/,related_product,6000,"CUSTOM CORRUGATED SHOE MAILER BOX",http://localhost/hopgiayvpn/product/custom-corrugated-shoe-mailer-box/,"custom corrugated shoe mailer box","Same category with a different packed product, structure or support option.","After the insert, material or use-case section.",200,http://localhost/hopgiayvpn/product/custom-corrugated-shoe-mailer-box/,0,,VALID_EXISTING_URL
5803,"CUSTOM CORRUGATED APPAREL MAILER BOX",http://localhost/hopgiayvpn/product/custom-corrugated-apparel-mailer-box/,related_product,386,"Custom Printed Corrugated Ecommerce Box",http://localhost/hopgiayvpn/product/custom-printed-corrugated-ecommerce-box/,"custom printed corrugated ecommerce box","Same category with a different packed product, structure or support option.","After the insert, material or use-case section.",200,http://localhost/hopgiayvpn/product/custom-printed-corrugated-ecommerce-box/,0,,VALID_EXISTING_URL
5803,"CUSTOM CORRUGATED APPAREL MAILER BOX",http://localhost/hopgiayvpn/product/custom-corrugated-apparel-mailer-box/,supporting_guide,928,"How to Choose Paper Material for Product Packaging",http://localhost/hopgiayvpn/how-to-choose-paper-material-for-product-packaging/,"how to choose paper material for product packaging","Existing guide matches the product structure, material, insert or industry-use vocabulary.","Inside the relevant structure/material paragraph.",200,http://localhost/hopgiayvpn/how-to-choose-paper-material-for-product-packaging/,0,,VALID_EXISTING_URL
5803,"CUSTOM CORRUGATED APPAREL MAILER BOX",http://localhost/hopgiayvpn/product/custom-corrugated-apparel-mailer-box/,supporting_guide,1148,"Matte vs Gloss Lamination for Paper Packaging: Practical Differences",http://localhost/hopgiayvpn/matte-vs-gloss-lamination-for-packaging/,"matte vs gloss lamination for paper packaging: practical differences","Existing guide matches the product structure, material, insert or industry-use vocabulary.","Near the quote-preparation or sampling checklist.",200,http://localhost/hopgiayvpn/matte-vs-gloss-lamination-for-packaging/,0,,VALID_EXISTING_URL
5824,"CUSTOM CORRUGATED BOOK MAILER BOX",http://localhost/hopgiayvpn/product/custom-corrugated-book-mailer-box/,category_hub,,"Corrugated Mailer Boxes",http://localhost/hopgiayvpn/products/corrugated-mailer-boxes/,"corrugated mailer boxes","Connect the product to its most specific existing category hub.","Product introduction or breadcrumb-support paragraph.",200,http://localhost/hopgiayvpn/products/corrugated-mailer-boxes/,0,,VALID_EXISTING_URL
5824,"CUSTOM CORRUGATED BOOK MAILER BOX",http://localhost/hopgiayvpn/product/custom-corrugated-book-mailer-box/,related_product,5803,"CUSTOM CORRUGATED APPAREL MAILER BOX",http://localhost/hopgiayvpn/product/custom-corrugated-apparel-mailer-box/,"custom corrugated apparel mailer box","Same category with a different packed product, structure or support option.","After the structure/opening section.",200,http://localhost/hopgiayvpn/product/custom-corrugated-apparel-mailer-box/,0,,VALID_EXISTING_URL
5824,"CUSTOM CORRUGATED BOOK MAILER BOX",http://localhost/hopgiayvpn/product/custom-corrugated-book-mailer-box/,related_product,391,"Custom Corrugated Mailer Box",http://localhost/hopgiayvpn/product/custom-corrugated-mailer-box/,"custom corrugated mailer box","Same category with a different packed product, structure or support option.","After the insert, material or use-case section.",200,http://localhost/hopgiayvpn/product/custom-corrugated-mailer-box/,0,,VALID_EXISTING_URL
5824,"CUSTOM CORRUGATED BOOK MAILER BOX",http://localhost/hopgiayvpn/product/custom-corrugated-book-mailer-box/,related_product,6000,"CUSTOM CORRUGATED SHOE MAILER BOX",http://localhost/hopgiayvpn/product/custom-corrugated-shoe-mailer-box/,"custom corrugated shoe mailer box","Same category with a different packed product, structure or support option.","After the insert, material or use-case section.",200,http://localhost/hopgiayvpn/product/custom-corrugated-shoe-mailer-box/,0,,VALID_EXISTING_URL
5824,"CUSTOM CORRUGATED BOOK MAILER BOX",http://localhost/hopgiayvpn/product/custom-corrugated-book-mailer-box/,supporting_guide,1148,"Matte vs Gloss Lamination for Paper Packaging: Practical Differences",http://localhost/hopgiayvpn/matte-vs-gloss-lamination-for-packaging/,"matte vs gloss lamination for paper packaging: practical differences","Existing guide matches the product structure, material, insert or industry-use vocabulary.","Inside the relevant structure/material paragraph.",200,http://localhost/hopgiayvpn/matte-vs-gloss-lamination-for-packaging/,0,,VALID_EXISTING_URL
5824,"CUSTOM CORRUGATED BOOK MAILER BOX",http://localhost/hopgiayvpn/product/custom-corrugated-book-mailer-box/,supporting_guide,928,"How to Choose Paper Material for Product Packaging",http://localhost/hopgiayvpn/how-to-choose-paper-material-for-product-packaging/,"how to choose paper material for product packaging","Existing guide matches the product structure, material, insert or industry-use vocabulary.","Near the quote-preparation or sampling checklist.",200,http://localhost/hopgiayvpn/how-to-choose-paper-material-for-product-packaging/,0,,VALID_EXISTING_URL
5849,"CUSTOM CORRUGATED BOTTLE SHIPPING BOX WITH DIVIDERS",http://localhost/hopgiayvpn/product/custom-corrugated-bottle-shipping-box-with-dividers/,category_hub,,"Corrugated Mailer Boxes",http://localhost/hopgiayvpn/products/corrugated-mailer-boxes/,"corrugated mailer boxes","Connect the product to its most specific existing category hub.","Product introduction or breadcrumb-support paragraph.",200,http://localhost/hopgiayvpn/products/corrugated-mailer-boxes/,0,,VALID_EXISTING_URL
5849,"CUSTOM CORRUGATED BOTTLE SHIPPING BOX WITH DIVIDERS",http://localhost/hopgiayvpn/product/custom-corrugated-bottle-shipping-box-with-dividers/,related_product,1027,"KRAFT CORRUGATED MAILER BOX",http://localhost/hopgiayvpn/product/kraft-corrugated-mailer-box/,"kraft corrugated mailer box","Same category with a different packed product, structure or support option.","After the structure/opening section.",200,http://localhost/hopgiayvpn/product/kraft-corrugated-mailer-box/,0,,VALID_EXISTING_URL
5849,"CUSTOM CORRUGATED BOTTLE SHIPPING BOX WITH DIVIDERS",http://localhost/hopgiayvpn/product/custom-corrugated-bottle-shipping-box-with-dividers/,related_product,5824,"CUSTOM CORRUGATED BOOK MAILER BOX",http://localhost/hopgiayvpn/product/custom-corrugated-book-mailer-box/,"custom corrugated book mailer box","Same category with a different packed product, structure or support option.","After the insert, material or use-case section.",200,http://localhost/hopgiayvpn/product/custom-corrugated-book-mailer-box/,0,,VALID_EXISTING_URL
5849,"CUSTOM CORRUGATED BOTTLE SHIPPING BOX WITH DIVIDERS",http://localhost/hopgiayvpn/product/custom-corrugated-bottle-shipping-box-with-dividers/,related_product,391,"Custom Corrugated Mailer Box",http://localhost/hopgiayvpn/product/custom-corrugated-mailer-box/,"custom corrugated mailer box","Same category with a different packed product, structure or support option.","After the insert, material or use-case section.",200,http://localhost/hopgiayvpn/product/custom-corrugated-mailer-box/,0,,VALID_EXISTING_URL
5849,"CUSTOM CORRUGATED BOTTLE SHIPPING BOX WITH DIVIDERS",http://localhost/hopgiayvpn/product/custom-corrugated-bottle-shipping-box-with-dividers/,supporting_guide,928,"How to Choose Paper Material for Product Packaging",http://localhost/hopgiayvpn/how-to-choose-paper-material-for-product-packaging/,"how to choose paper material for product packaging","Existing guide matches the product structure, material, insert or industry-use vocabulary.","Inside the relevant structure/material paragraph.",200,http://localhost/hopgiayvpn/how-to-choose-paper-material-for-product-packaging/,0,,VALID_EXISTING_URL
5849,"CUSTOM CORRUGATED BOTTLE SHIPPING BOX WITH DIVIDERS",http://localhost/hopgiayvpn/product/custom-corrugated-bottle-shipping-box-with-dividers/,supporting_guide,1148,"Matte vs Gloss Lamination for Paper Packaging: Practical Differences",http://localhost/hopgiayvpn/matte-vs-gloss-lamination-for-packaging/,"matte vs gloss lamination for paper packaging: practical differences","Existing guide matches the product structure, material, insert or industry-use vocabulary.","Near the quote-preparation or sampling checklist.",200,http://localhost/hopgiayvpn/matte-vs-gloss-lamination-for-packaging/,0,,VALID_EXISTING_URL
5873,"CUSTOM CORRUGATED CANDLE SHIPPING BOX",http://localhost/hopgiayvpn/product/custom-corrugated-candle-shipping-box/,category_hub,,"Candle Packaging Boxes",http://localhost/hopgiayvpn/products/candle-packaging-boxes/,"candle packaging boxes","Connect the product to its most specific existing category hub.","Product introduction or breadcrumb-support paragraph.",200,http://localhost/hopgiayvpn/products/candle-packaging-boxes/,0,,VALID_EXISTING_URL
5873,"CUSTOM CORRUGATED CANDLE SHIPPING BOX",http://localhost/hopgiayvpn/product/custom-corrugated-candle-shipping-box/,related_product,1168,"CUSTOM CANDLE SHIPPING MAILER BOX WITH CORRUGATED INSERT",http://localhost/hopgiayvpn/product/custom-candle-shipping-mailer-box-with-corrugated-insert/,"custom candle shipping mailer box with corrugated insert","Same category with a different packed product, structure or support option.","After the structure/opening section.",200,http://localhost/hopgiayvpn/product/custom-candle-shipping-mailer-box-with-corrugated-insert/,0,,VALID_EXISTING_URL
5873,"CUSTOM CORRUGATED CANDLE SHIPPING BOX",http://localhost/hopgiayvpn/product/custom-corrugated-candle-shipping-box/,related_product,1169,"CUSTOM TWO-PIECE CANDLE GIFT BOX WITH LID AND BASE",http://localhost/hopgiayvpn/product/custom-two-piece-candle-gift-box-with-lid-and-base/,"custom two-piece candle gift box with lid and base","Same category with a different packed product, structure or support option.","After the insert, material or use-case section.",200,http://localhost/hopgiayvpn/product/custom-two-piece-candle-gift-box-with-lid-and-base/,0,,VALID_EXISTING_URL
5873,"CUSTOM CORRUGATED CANDLE SHIPPING BOX",http://localhost/hopgiayvpn/product/custom-corrugated-candle-shipping-box/,related_product,1478,"Custom Candle Magnetic Gift Box",http://localhost/hopgiayvpn/product/custom-candle-magnetic-gift-box/,"custom candle magnetic gift box","Same category with a different packed product, structure or support option.","After the insert, material or use-case section.",200,http://localhost/hopgiayvpn/product/custom-candle-magnetic-gift-box/,0,,VALID_EXISTING_URL
5873,"CUSTOM CORRUGATED CANDLE SHIPPING BOX",http://localhost/hopgiayvpn/product/custom-corrugated-candle-shipping-box/,supporting_guide,1148,"Matte vs Gloss Lamination for Paper Packaging: Practical Differences",http://localhost/hopgiayvpn/matte-vs-gloss-lamination-for-packaging/,"matte vs gloss lamination for paper packaging: practical differences","Existing guide matches the product structure, material, insert or industry-use vocabulary.","Inside the relevant structure/material paragraph.",200,http://localhost/hopgiayvpn/matte-vs-gloss-lamination-for-packaging/,0,,VALID_EXISTING_URL
5873,"CUSTOM CORRUGATED CANDLE SHIPPING BOX",http://localhost/hopgiayvpn/product/custom-corrugated-candle-shipping-box/,supporting_guide,928,"How to Choose Paper Material for Product Packaging",http://localhost/hopgiayvpn/how-to-choose-paper-material-for-product-packaging/,"how to choose paper material for product packaging","Existing guide matches the product structure, material, insert or industry-use vocabulary.","Near the quote-preparation or sampling checklist.",200,http://localhost/hopgiayvpn/how-to-choose-paper-material-for-product-packaging/,0,,VALID_EXISTING_URL
5897,"CUSTOM CORRUGATED COSMETIC MAILER BOX",http://localhost/hopgiayvpn/product/custom-corrugated-cosmetic-mailer-box/,category_hub,,"Corrugated Mailer Boxes",http://localhost/hopgiayvpn/products/corrugated-mailer-boxes/,"corrugated mailer boxes","Connect the product to its most specific existing category hub.","Product introduction or breadcrumb-support paragraph.",200,http://localhost/hopgiayvpn/products/corrugated-mailer-boxes/,0,,VALID_EXISTING_URL
5897,"CUSTOM CORRUGATED COSMETIC MAILER BOX",http://localhost/hopgiayvpn/product/custom-corrugated-cosmetic-mailer-box/,related_product,391,"Custom Corrugated Mailer Box",http://localhost/hopgiayvpn/product/custom-corrugated-mailer-box/,"custom corrugated mailer box","Same category with a different packed product, structure or support option.","After the structure/opening section.",200,http://localhost/hopgiayvpn/product/custom-corrugated-mailer-box/,0,,VALID_EXISTING_URL
5897,"CUSTOM CORRUGATED COSMETIC MAILER BOX",http://localhost/hopgiayvpn/product/custom-corrugated-cosmetic-mailer-box/,related_product,386,"Custom Printed Corrugated Ecommerce Box",http://localhost/hopgiayvpn/product/custom-printed-corrugated-ecommerce-box/,"custom printed corrugated ecommerce box","Same category with a different packed product, structure or support option.","After the insert, material or use-case section.",200,http://localhost/hopgiayvpn/product/custom-printed-corrugated-ecommerce-box/,0,,VALID_EXISTING_URL
5897,"CUSTOM CORRUGATED COSMETIC MAILER BOX",http://localhost/hopgiayvpn/product/custom-corrugated-cosmetic-mailer-box/,related_product,5972,"CUSTOM CORRUGATED GIFT SET MAILER BOX",http://localhost/hopgiayvpn/product/custom-corrugated-gift-set-mailer-box/,"custom corrugated gift set mailer box","Same category with a different packed product, structure or support option.","After the insert, material or use-case section.",200,http://localhost/hopgiayvpn/product/custom-corrugated-gift-set-mailer-box/,0,,VALID_EXISTING_URL
5897,"CUSTOM CORRUGATED COSMETIC MAILER BOX",http://localhost/hopgiayvpn/product/custom-corrugated-cosmetic-mailer-box/,supporting_guide,1148,"Matte vs Gloss Lamination for Paper Packaging: Practical Differences",http://localhost/hopgiayvpn/matte-vs-gloss-lamination-for-packaging/,"matte vs gloss lamination for paper packaging: practical differences","Existing guide matches the product structure, material, insert or industry-use vocabulary.","Inside the relevant structure/material paragraph.",200,http://localhost/hopgiayvpn/matte-vs-gloss-lamination-for-packaging/,0,,VALID_EXISTING_URL
5897,"CUSTOM CORRUGATED COSMETIC MAILER BOX",http://localhost/hopgiayvpn/product/custom-corrugated-cosmetic-mailer-box/,supporting_guide,928,"How to Choose Paper Material for Product Packaging",http://localhost/hopgiayvpn/how-to-choose-paper-material-for-product-packaging/,"how to choose paper material for product packaging","Existing guide matches the product structure, material, insert or industry-use vocabulary.","Near the quote-preparation or sampling checklist.",200,http://localhost/hopgiayvpn/how-to-choose-paper-material-for-product-packaging/,0,,VALID_EXISTING_URL
5924,"CUSTOM CORRUGATED ELECTRONICS MAILER BOX",http://localhost/hopgiayvpn/product/custom-corrugated-electronics-mailer-box/,category_hub,,"Corrugated Mailer Boxes",http://localhost/hopgiayvpn/products/corrugated-mailer-boxes/,"corrugated mailer boxes","Connect the product to its most specific existing category hub.","Product introduction or breadcrumb-support paragraph.",200,http://localhost/hopgiayvpn/products/corrugated-mailer-boxes/,0,,VALID_EXISTING_URL
5924,"CUSTOM CORRUGATED ELECTRONICS MAILER BOX",http://localhost/hopgiayvpn/product/custom-corrugated-electronics-mailer-box/,related_product,1027,"KRAFT CORRUGATED MAILER BOX",http://localhost/hopgiayvpn/product/kraft-corrugated-mailer-box/,"kraft corrugated mailer box","Same category with a different packed product, structure or support option.","After the structure/opening section.",200,http://localhost/hopgiayvpn/product/kraft-corrugated-mailer-box/,0,,VALID_EXISTING_URL
5924,"CUSTOM CORRUGATED ELECTRONICS MAILER BOX",http://localhost/hopgiayvpn/product/custom-corrugated-electronics-mailer-box/,related_product,6024,"CUSTOM CORRUGATED SUBSCRIPTION BOX",http://localhost/hopgiayvpn/product/custom-corrugated-subscription-box/,"custom corrugated subscription box","Same category with a different packed product, structure or support option.","After the insert, material or use-case section.",200,http://localhost/hopgiayvpn/product/custom-corrugated-subscription-box/,0,,VALID_EXISTING_URL
5924,"CUSTOM CORRUGATED ELECTRONICS MAILER BOX",http://localhost/hopgiayvpn/product/custom-corrugated-electronics-mailer-box/,related_product,5824,"CUSTOM CORRUGATED BOOK MAILER BOX",http://localhost/hopgiayvpn/product/custom-corrugated-book-mailer-box/,"custom corrugated book mailer box","Same category with a different packed product, structure or support option.","After the insert, material or use-case section.",200,http://localhost/hopgiayvpn/product/custom-corrugated-book-mailer-box/,0,,VALID_EXISTING_URL
5924,"CUSTOM CORRUGATED ELECTRONICS MAILER BOX",http://localhost/hopgiayvpn/product/custom-corrugated-electronics-mailer-box/,supporting_guide,1148,"Matte vs Gloss Lamination for Paper Packaging: Practical Differences",http://localhost/hopgiayvpn/matte-vs-gloss-lamination-for-packaging/,"matte vs gloss lamination for paper packaging: practical differences","Existing guide matches the product structure, material, insert or industry-use vocabulary.","Inside the relevant structure/material paragraph.",200,http://localhost/hopgiayvpn/matte-vs-gloss-lamination-for-packaging/,0,,VALID_EXISTING_URL
5924,"CUSTOM CORRUGATED ELECTRONICS MAILER BOX",http://localhost/hopgiayvpn/product/custom-corrugated-electronics-mailer-box/,supporting_guide,928,"How to Choose Paper Material for Product Packaging",http://localhost/hopgiayvpn/how-to-choose-paper-material-for-product-packaging/,"how to choose paper material for product packaging","Existing guide matches the product structure, material, insert or industry-use vocabulary.","Near the quote-preparation or sampling checklist.",200,http://localhost/hopgiayvpn/how-to-choose-paper-material-for-product-packaging/,0,,VALID_EXISTING_URL
5952,"CUSTOM CORRUGATED FOOD DELIVERY BOX",http://localhost/hopgiayvpn/product/custom-corrugated-food-delivery-box/,category_hub,,"Food Paper Boxes",http://localhost/hopgiayvpn/products/food-paper-boxes/,"food paper boxes","Connect the product to its most specific existing category hub.","Product introduction or breadcrumb-support paragraph.",200,http://localhost/hopgiayvpn/products/food-paper-boxes/,0,,VALID_EXISTING_URL
5952,"CUSTOM CORRUGATED FOOD DELIVERY BOX",http://localhost/hopgiayvpn/product/custom-corrugated-food-delivery-box/,related_product,239,"Custom Pizza Packaging Box",http://localhost/hopgiayvpn/product/custom-pizza-packaging-box/,"custom pizza packaging box","Same category with a different packed product, structure or support option.","After the structure/opening section.",200,http://localhost/hopgiayvpn/product/custom-pizza-packaging-box/,0,,VALID_EXISTING_URL
5952,"CUSTOM CORRUGATED FOOD DELIVERY BOX",http://localhost/hopgiayvpn/product/custom-corrugated-food-delivery-box/,related_product,757,"CUSTOM PRINTED CORRUGATED PET FOOD BOX",http://localhost/hopgiayvpn/product/custom-printed-corrugated-pet-food-box/,"custom printed corrugated pet food box","Same category with a different packed product, structure or support option.","After the insert, material or use-case section.",200,http://localhost/hopgiayvpn/product/custom-printed-corrugated-pet-food-box/,0,,VALID_EXISTING_URL
5952,"CUSTOM CORRUGATED FOOD DELIVERY BOX",http://localhost/hopgiayvpn/product/custom-corrugated-food-delivery-box/,related_product,981,"CUSTOM PAPER EGG PACKAGING BOXES",http://localhost/hopgiayvpn/product/custom-paper-egg-packaging-boxes/,"custom paper egg packaging boxes","Same category with a different packed product, structure or support option.","After the insert, material or use-case section.",200,http://localhost/hopgiayvpn/product/custom-paper-egg-packaging-boxes/,0,,VALID_EXISTING_URL
5952,"CUSTOM CORRUGATED FOOD DELIVERY BOX",http://localhost/hopgiayvpn/product/custom-corrugated-food-delivery-box/,supporting_guide,1148,"Matte vs Gloss Lamination for Paper Packaging: Practical Differences",http://localhost/hopgiayvpn/matte-vs-gloss-lamination-for-packaging/,"matte vs gloss lamination for paper packaging: practical differences","Existing guide matches the product structure, material, insert or industry-use vocabulary.","Inside the relevant structure/material paragraph.",200,http://localhost/hopgiayvpn/matte-vs-gloss-lamination-for-packaging/,0,,VALID_EXISTING_URL
5952,"CUSTOM CORRUGATED FOOD DELIVERY BOX",http://localhost/hopgiayvpn/product/custom-corrugated-food-delivery-box/,supporting_guide,928,"How to Choose Paper Material for Product Packaging",http://localhost/hopgiayvpn/how-to-choose-paper-material-for-product-packaging/,"how to choose paper material for product packaging","Existing guide matches the product structure, material, insert or industry-use vocabulary.","Near the quote-preparation or sampling checklist.",200,http://localhost/hopgiayvpn/how-to-choose-paper-material-for-product-packaging/,0,,VALID_EXISTING_URL
5972,"CUSTOM CORRUGATED GIFT SET MAILER BOX",http://localhost/hopgiayvpn/product/custom-corrugated-gift-set-mailer-box/,category_hub,,"Corrugated Mailer Boxes",http://localhost/hopgiayvpn/products/corrugated-mailer-boxes/,"corrugated mailer boxes","Connect the product to its most specific existing category hub.","Product introduction or breadcrumb-support paragraph.",200,http://localhost/hopgiayvpn/products/corrugated-mailer-boxes/,0,,VALID_EXISTING_URL
5972,"CUSTOM CORRUGATED GIFT SET MAILER BOX",http://localhost/hopgiayvpn/product/custom-corrugated-gift-set-mailer-box/,related_product,6024,"CUSTOM CORRUGATED SUBSCRIPTION BOX",http://localhost/hopgiayvpn/product/custom-corrugated-subscription-box/,"custom corrugated subscription box","Same category with a different packed product, structure or support option.","After the structure/opening section.",200,http://localhost/hopgiayvpn/product/custom-corrugated-subscription-box/,0,,VALID_EXISTING_URL
5972,"CUSTOM CORRUGATED GIFT SET MAILER BOX",http://localhost/hopgiayvpn/product/custom-corrugated-gift-set-mailer-box/,related_product,391,"Custom Corrugated Mailer Box",http://localhost/hopgiayvpn/product/custom-corrugated-mailer-box/,"custom corrugated mailer box","Same category with a different packed product, structure or support option.","After the insert, material or use-case section.",200,http://localhost/hopgiayvpn/product/custom-corrugated-mailer-box/,0,,VALID_EXISTING_URL
5972,"CUSTOM CORRUGATED GIFT SET MAILER BOX",http://localhost/hopgiayvpn/product/custom-corrugated-gift-set-mailer-box/,related_product,5897,"CUSTOM CORRUGATED COSMETIC MAILER BOX",http://localhost/hopgiayvpn/product/custom-corrugated-cosmetic-mailer-box/,"custom corrugated cosmetic mailer box","Same category with a different packed product, structure or support option.","After the insert, material or use-case section.",200,http://localhost/hopgiayvpn/product/custom-corrugated-cosmetic-mailer-box/,0,,VALID_EXISTING_URL
5972,"CUSTOM CORRUGATED GIFT SET MAILER BOX",http://localhost/hopgiayvpn/product/custom-corrugated-gift-set-mailer-box/,supporting_guide,1148,"Matte vs Gloss Lamination for Paper Packaging: Practical Differences",http://localhost/hopgiayvpn/matte-vs-gloss-lamination-for-packaging/,"matte vs gloss lamination for paper packaging: practical differences","Existing guide matches the product structure, material, insert or industry-use vocabulary.","Inside the relevant structure/material paragraph.",200,http://localhost/hopgiayvpn/matte-vs-gloss-lamination-for-packaging/,0,,VALID_EXISTING_URL
5972,"CUSTOM CORRUGATED GIFT SET MAILER BOX",http://localhost/hopgiayvpn/product/custom-corrugated-gift-set-mailer-box/,supporting_guide,928,"How to Choose Paper Material for Product Packaging",http://localhost/hopgiayvpn/how-to-choose-paper-material-for-product-packaging/,"how to choose paper material for product packaging","Existing guide matches the product structure, material, insert or industry-use vocabulary.","Near the quote-preparation or sampling checklist.",200,http://localhost/hopgiayvpn/how-to-choose-paper-material-for-product-packaging/,0,,VALID_EXISTING_URL
6000,"CUSTOM CORRUGATED SHOE MAILER BOX",http://localhost/hopgiayvpn/product/custom-corrugated-shoe-mailer-box/,category_hub,,"Corrugated Mailer Boxes",http://localhost/hopgiayvpn/products/corrugated-mailer-boxes/,"corrugated mailer boxes","Connect the product to its most specific existing category hub.","Product introduction or breadcrumb-support paragraph.",200,http://localhost/hopgiayvpn/products/corrugated-mailer-boxes/,0,,VALID_EXISTING_URL
6000,"CUSTOM CORRUGATED SHOE MAILER BOX",http://localhost/hopgiayvpn/product/custom-corrugated-shoe-mailer-box/,related_product,5803,"CUSTOM CORRUGATED APPAREL MAILER BOX",http://localhost/hopgiayvpn/product/custom-corrugated-apparel-mailer-box/,"custom corrugated apparel mailer box","Same category with a different packed product, structure or support option.","After the structure/opening section.",200,http://localhost/hopgiayvpn/product/custom-corrugated-apparel-mailer-box/,0,,VALID_EXISTING_URL
6000,"CUSTOM CORRUGATED SHOE MAILER BOX",http://localhost/hopgiayvpn/product/custom-corrugated-shoe-mailer-box/,related_product,391,"Custom Corrugated Mailer Box",http://localhost/hopgiayvpn/product/custom-corrugated-mailer-box/,"custom corrugated mailer box","Same category with a different packed product, structure or support option.","After the insert, material or use-case section.",200,http://localhost/hopgiayvpn/product/custom-corrugated-mailer-box/,0,,VALID_EXISTING_URL
6000,"CUSTOM CORRUGATED SHOE MAILER BOX",http://localhost/hopgiayvpn/product/custom-corrugated-shoe-mailer-box/,related_product,5824,"CUSTOM CORRUGATED BOOK MAILER BOX",http://localhost/hopgiayvpn/product/custom-corrugated-book-mailer-box/,"custom corrugated book mailer box","Same category with a different packed product, structure or support option.","After the insert, material or use-case section.",200,http://localhost/hopgiayvpn/product/custom-corrugated-book-mailer-box/,0,,VALID_EXISTING_URL
6000,"CUSTOM CORRUGATED SHOE MAILER BOX",http://localhost/hopgiayvpn/product/custom-corrugated-shoe-mailer-box/,supporting_guide,928,"How to Choose Paper Material for Product Packaging",http://localhost/hopgiayvpn/how-to-choose-paper-material-for-product-packaging/,"how to choose paper material for product packaging","Existing guide matches the product structure, material, insert or industry-use vocabulary.","Inside the relevant structure/material paragraph.",200,http://localhost/hopgiayvpn/how-to-choose-paper-material-for-product-packaging/,0,,VALID_EXISTING_URL
6000,"CUSTOM CORRUGATED SHOE MAILER BOX",http://localhost/hopgiayvpn/product/custom-corrugated-shoe-mailer-box/,supporting_guide,1148,"Matte vs Gloss Lamination for Paper Packaging: Practical Differences",http://localhost/hopgiayvpn/matte-vs-gloss-lamination-for-packaging/,"matte vs gloss lamination for paper packaging: practical differences","Existing guide matches the product structure, material, insert or industry-use vocabulary.","Near the quote-preparation or sampling checklist.",200,http://localhost/hopgiayvpn/matte-vs-gloss-lamination-for-packaging/,0,,VALID_EXISTING_URL
6024,"CUSTOM CORRUGATED SUBSCRIPTION BOX",http://localhost/hopgiayvpn/product/custom-corrugated-subscription-box/,category_hub,,"Corrugated Mailer Boxes",http://localhost/hopgiayvpn/products/corrugated-mailer-boxes/,"corrugated mailer boxes","Connect the product to its most specific existing category hub.","Product introduction or breadcrumb-support paragraph.",200,http://localhost/hopgiayvpn/products/corrugated-mailer-boxes/,0,,VALID_EXISTING_URL
6024,"CUSTOM CORRUGATED SUBSCRIPTION BOX",http://localhost/hopgiayvpn/product/custom-corrugated-subscription-box/,related_product,5972,"CUSTOM CORRUGATED GIFT SET MAILER BOX",http://localhost/hopgiayvpn/product/custom-corrugated-gift-set-mailer-box/,"custom corrugated gift set mailer box","Same category with a different packed product, structure or support option.","After the structure/opening section.",200,http://localhost/hopgiayvpn/product/custom-corrugated-gift-set-mailer-box/,0,,VALID_EXISTING_URL
6024,"CUSTOM CORRUGATED SUBSCRIPTION BOX",http://localhost/hopgiayvpn/product/custom-corrugated-subscription-box/,related_product,5897,"CUSTOM CORRUGATED COSMETIC MAILER BOX",http://localhost/hopgiayvpn/product/custom-corrugated-cosmetic-mailer-box/,"custom corrugated cosmetic mailer box","Same category with a different packed product, structure or support option.","After the insert, material or use-case section.",200,http://localhost/hopgiayvpn/product/custom-corrugated-cosmetic-mailer-box/,0,,VALID_EXISTING_URL
6024,"CUSTOM CORRUGATED SUBSCRIPTION BOX",http://localhost/hopgiayvpn/product/custom-corrugated-subscription-box/,related_product,391,"Custom Corrugated Mailer Box",http://localhost/hopgiayvpn/product/custom-corrugated-mailer-box/,"custom corrugated mailer box","Same category with a different packed product, structure or support option.","After the insert, material or use-case section.",200,http://localhost/hopgiayvpn/product/custom-corrugated-mailer-box/,0,,VALID_EXISTING_URL
6024,"CUSTOM CORRUGATED SUBSCRIPTION BOX",http://localhost/hopgiayvpn/product/custom-corrugated-subscription-box/,supporting_guide,1148,"Matte vs Gloss Lamination for Paper Packaging: Practical Differences",http://localhost/hopgiayvpn/matte-vs-gloss-lamination-for-packaging/,"matte vs gloss lamination for paper packaging: practical differences","Existing guide matches the product structure, material, insert or industry-use vocabulary.","Inside the relevant structure/material paragraph.",200,http://localhost/hopgiayvpn/matte-vs-gloss-lamination-for-packaging/,0,,VALID_EXISTING_URL
6024,"CUSTOM CORRUGATED SUBSCRIPTION BOX",http://localhost/hopgiayvpn/product/custom-corrugated-subscription-box/,supporting_guide,928,"How to Choose Paper Material for Product Packaging",http://localhost/hopgiayvpn/how-to-choose-paper-material-for-product-packaging/,"how to choose paper material for product packaging","Existing guide matches the product structure, material, insert or industry-use vocabulary.","Near the quote-preparation or sampling checklist.",200,http://localhost/hopgiayvpn/how-to-choose-paper-material-for-product-packaging/,0,,VALID_EXISTING_URL
7081,"BOARD GAME PACKAGING BOX",http://localhost/hopgiayvpn/product/board-game-packaging-box/,category_hub,,"Toy and Game Packaging Boxes",http://localhost/hopgiayvpn/products/toy-and-game-packaging-boxes/,"toy and game packaging boxes","Connect the product to its most specific existing category hub.","Product introduction or breadcrumb-support paragraph.",200,http://localhost/hopgiayvpn/products/toy-and-game-packaging-boxes/,0,,VALID_EXISTING_URL
7081,"BOARD GAME PACKAGING BOX",http://localhost/hopgiayvpn/product/board-game-packaging-box/,related_product,7082,"CARD GAME PACKAGING BOX",http://localhost/hopgiayvpn/product/card-game-packaging-box/,"card game packaging box","Same category with a different packed product, structure or support option.","After the structure/opening section.",200,http://localhost/hopgiayvpn/product/card-game-packaging-box/,0,,VALID_EXISTING_URL
7081,"BOARD GAME PACKAGING BOX",http://localhost/hopgiayvpn/product/board-game-packaging-box/,related_product,7087,"PUZZLE PACKAGING BOX",http://localhost/hopgiayvpn/product/puzzle-packaging-box/,"puzzle packaging box","Same category with a different packed product, structure or support option.","After the insert, material or use-case section.",200,http://localhost/hopgiayvpn/product/puzzle-packaging-box/,0,,VALID_EXISTING_URL
7081,"BOARD GAME PACKAGING BOX",http://localhost/hopgiayvpn/product/board-game-packaging-box/,related_product,7086,"EDUCATIONAL TOY PACKAGING BOX",http://localhost/hopgiayvpn/product/educational-toy-packaging-box/,"educational toy packaging box","Same category with a different packed product, structure or support option.","After the insert, material or use-case section.",200,http://localhost/hopgiayvpn/product/educational-toy-packaging-box/,0,,VALID_EXISTING_URL
7081,"BOARD GAME PACKAGING BOX",http://localhost/hopgiayvpn/product/board-game-packaging-box/,supporting_guide,928,"How to Choose Paper Material for Product Packaging",http://localhost/hopgiayvpn/how-to-choose-paper-material-for-product-packaging/,"how to choose paper material for product packaging","Existing guide matches the product structure, material, insert or industry-use vocabulary.","Inside the relevant structure/material paragraph.",200,http://localhost/hopgiayvpn/how-to-choose-paper-material-for-product-packaging/,0,,VALID_EXISTING_URL
7081,"BOARD GAME PACKAGING BOX",http://localhost/hopgiayvpn/product/board-game-packaging-box/,supporting_guide,1205,"How to Prepare Artwork for Printed Paper Boxes",http://localhost/hopgiayvpn/how-to-prepare-artwork-for-printed-paper-boxes/,"how to prepare artwork for printed paper boxes","Existing guide matches the product structure, material, insert or industry-use vocabulary.","Near the quote-preparation or sampling checklist.",200,http://localhost/hopgiayvpn/how-to-prepare-artwork-for-printed-paper-boxes/,0,,VALID_EXISTING_URL
7082,"CARD GAME PACKAGING BOX",http://localhost/hopgiayvpn/product/card-game-packaging-box/,category_hub,,"Toy and Game Packaging Boxes",http://localhost/hopgiayvpn/products/toy-and-game-packaging-boxes/,"toy and game packaging boxes","Connect the product to its most specific existing category hub.","Product introduction or breadcrumb-support paragraph.",200,http://localhost/hopgiayvpn/products/toy-and-game-packaging-boxes/,0,,VALID_EXISTING_URL
7082,"CARD GAME PACKAGING BOX",http://localhost/hopgiayvpn/product/card-game-packaging-box/,related_product,7081,"BOARD GAME PACKAGING BOX",http://localhost/hopgiayvpn/product/board-game-packaging-box/,"board game packaging box","Same category with a different packed product, structure or support option.","After the structure/opening section.",200,http://localhost/hopgiayvpn/product/board-game-packaging-box/,0,,VALID_EXISTING_URL
7082,"CARD GAME PACKAGING BOX",http://localhost/hopgiayvpn/product/card-game-packaging-box/,related_product,7087,"PUZZLE PACKAGING BOX",http://localhost/hopgiayvpn/product/puzzle-packaging-box/,"puzzle packaging box","Same category with a different packed product, structure or support option.","After the insert, material or use-case section.",200,http://localhost/hopgiayvpn/product/puzzle-packaging-box/,0,,VALID_EXISTING_URL
7082,"CARD GAME PACKAGING BOX",http://localhost/hopgiayvpn/product/card-game-packaging-box/,related_product,7086,"EDUCATIONAL TOY PACKAGING BOX",http://localhost/hopgiayvpn/product/educational-toy-packaging-box/,"educational toy packaging box","Same category with a different packed product, structure or support option.","After the insert, material or use-case section.",200,http://localhost/hopgiayvpn/product/educational-toy-packaging-box/,0,,VALID_EXISTING_URL
7082,"CARD GAME PACKAGING BOX",http://localhost/hopgiayvpn/product/card-game-packaging-box/,supporting_guide,928,"How to Choose Paper Material for Product Packaging",http://localhost/hopgiayvpn/how-to-choose-paper-material-for-product-packaging/,"how to choose paper material for product packaging","Existing guide matches the product structure, material, insert or industry-use vocabulary.","Inside the relevant structure/material paragraph.",200,http://localhost/hopgiayvpn/how-to-choose-paper-material-for-product-packaging/,0,,VALID_EXISTING_URL
7082,"CARD GAME PACKAGING BOX",http://localhost/hopgiayvpn/product/card-game-packaging-box/,supporting_guide,1205,"How to Prepare Artwork for Printed Paper Boxes",http://localhost/hopgiayvpn/how-to-prepare-artwork-for-printed-paper-boxes/,"how to prepare artwork for printed paper boxes","Existing guide matches the product structure, material, insert or industry-use vocabulary.","Near the quote-preparation or sampling checklist.",200,http://localhost/hopgiayvpn/how-to-prepare-artwork-for-printed-paper-boxes/,0,,VALID_EXISTING_URL
7083,"CHILDRENS CRAFT KIT PACKAGING BOX",http://localhost/hopgiayvpn/product/childrens-craft-kit-packaging-box/,category_hub,,"Toy and Game Packaging Boxes",http://localhost/hopgiayvpn/products/toy-and-game-packaging-boxes/,"toy and game packaging boxes","Connect the product to its most specific existing category hub.","Product introduction or breadcrumb-support paragraph.",200,http://localhost/hopgiayvpn/products/toy-and-game-packaging-boxes/,0,,VALID_EXISTING_URL
7083,"CHILDRENS CRAFT KIT PACKAGING BOX",http://localhost/hopgiayvpn/product/childrens-craft-kit-packaging-box/,related_product,7086,"EDUCATIONAL TOY PACKAGING BOX",http://localhost/hopgiayvpn/product/educational-toy-packaging-box/,"educational toy packaging box","Same category with a different packed product, structure or support option.","After the structure/opening section.",200,http://localhost/hopgiayvpn/product/educational-toy-packaging-box/,0,,VALID_EXISTING_URL
7083,"CHILDRENS CRAFT KIT PACKAGING BOX",http://localhost/hopgiayvpn/product/childrens-craft-kit-packaging-box/,related_product,7085,"CUSTOM TOY PACKAGING BOX",http://localhost/hopgiayvpn/product/custom-toy-packaging-box/,"custom toy packaging box","Same category with a different packed product, structure or support option.","After the insert, material or use-case section.",200,http://localhost/hopgiayvpn/product/custom-toy-packaging-box/,0,,VALID_EXISTING_URL
7083,"CHILDRENS CRAFT KIT PACKAGING BOX",http://localhost/hopgiayvpn/product/childrens-craft-kit-packaging-box/,related_product,7087,"PUZZLE PACKAGING BOX",http://localhost/hopgiayvpn/product/puzzle-packaging-box/,"puzzle packaging box","Same category with a different packed product, structure or support option.","After the insert, material or use-case section.",200,http://localhost/hopgiayvpn/product/puzzle-packaging-box/,0,,VALID_EXISTING_URL
7083,"CHILDRENS CRAFT KIT PACKAGING BOX",http://localhost/hopgiayvpn/product/childrens-craft-kit-packaging-box/,supporting_guide,928,"How to Choose Paper Material for Product Packaging",http://localhost/hopgiayvpn/how-to-choose-paper-material-for-product-packaging/,"how to choose paper material for product packaging","Existing guide matches the product structure, material, insert or industry-use vocabulary.","Inside the relevant structure/material paragraph.",200,http://localhost/hopgiayvpn/how-to-choose-paper-material-for-product-packaging/,0,,VALID_EXISTING_URL
7083,"CHILDRENS CRAFT KIT PACKAGING BOX",http://localhost/hopgiayvpn/product/childrens-craft-kit-packaging-box/,supporting_guide,1205,"How to Prepare Artwork for Printed Paper Boxes",http://localhost/hopgiayvpn/how-to-prepare-artwork-for-printed-paper-boxes/,"how to prepare artwork for printed paper boxes","Existing guide matches the product structure, material, insert or industry-use vocabulary.","Near the quote-preparation or sampling checklist.",200,http://localhost/hopgiayvpn/how-to-prepare-artwork-for-printed-paper-boxes/,0,,VALID_EXISTING_URL
7084,"COLLECTIBLE FIGURE PACKAGING BOX",http://localhost/hopgiayvpn/product/collectible-figure-packaging-box/,category_hub,,"Toy and Game Packaging Boxes",http://localhost/hopgiayvpn/products/toy-and-game-packaging-boxes/,"toy and game packaging boxes","Connect the product to its most specific existing category hub.","Product introduction or breadcrumb-support paragraph.",200,http://localhost/hopgiayvpn/products/toy-and-game-packaging-boxes/,0,,VALID_EXISTING_URL
7084,"COLLECTIBLE FIGURE PACKAGING BOX",http://localhost/hopgiayvpn/product/collectible-figure-packaging-box/,related_product,7082,"CARD GAME PACKAGING BOX",http://localhost/hopgiayvpn/product/card-game-packaging-box/,"card game packaging box","Same category with a different packed product, structure or support option.","After the structure/opening section.",200,http://localhost/hopgiayvpn/product/card-game-packaging-box/,0,,VALID_EXISTING_URL
7084,"COLLECTIBLE FIGURE PACKAGING BOX",http://localhost/hopgiayvpn/product/collectible-figure-packaging-box/,related_product,7086,"EDUCATIONAL TOY PACKAGING BOX",http://localhost/hopgiayvpn/product/educational-toy-packaging-box/,"educational toy packaging box","Same category with a different packed product, structure or support option.","After the insert, material or use-case section.",200,http://localhost/hopgiayvpn/product/educational-toy-packaging-box/,0,,VALID_EXISTING_URL
7084,"COLLECTIBLE FIGURE PACKAGING BOX",http://localhost/hopgiayvpn/product/collectible-figure-packaging-box/,related_product,7081,"BOARD GAME PACKAGING BOX",http://localhost/hopgiayvpn/product/board-game-packaging-box/,"board game packaging box","Same category with a different packed product, structure or support option.","After the insert, material or use-case section.",200,http://localhost/hopgiayvpn/product/board-game-packaging-box/,0,,VALID_EXISTING_URL
7084,"COLLECTIBLE FIGURE PACKAGING BOX",http://localhost/hopgiayvpn/product/collectible-figure-packaging-box/,supporting_guide,928,"How to Choose Paper Material for Product Packaging",http://localhost/hopgiayvpn/how-to-choose-paper-material-for-product-packaging/,"how to choose paper material for product packaging","Existing guide matches the product structure, material, insert or industry-use vocabulary.","Inside the relevant structure/material paragraph.",200,http://localhost/hopgiayvpn/how-to-choose-paper-material-for-product-packaging/,0,,VALID_EXISTING_URL
7084,"COLLECTIBLE FIGURE PACKAGING BOX",http://localhost/hopgiayvpn/product/collectible-figure-packaging-box/,supporting_guide,1205,"How to Prepare Artwork for Printed Paper Boxes",http://localhost/hopgiayvpn/how-to-prepare-artwork-for-printed-paper-boxes/,"how to prepare artwork for printed paper boxes","Existing guide matches the product structure, material, insert or industry-use vocabulary.","Near the quote-preparation or sampling checklist.",200,http://localhost/hopgiayvpn/how-to-prepare-artwork-for-printed-paper-boxes/,0,,VALID_EXISTING_URL
7085,"CUSTOM TOY PACKAGING BOX",http://localhost/hopgiayvpn/product/custom-toy-packaging-box/,category_hub,,"Toy and Game Packaging Boxes",http://localhost/hopgiayvpn/products/toy-and-game-packaging-boxes/,"toy and game packaging boxes","Connect the product to its most specific existing category hub.","Product introduction or breadcrumb-support paragraph.",200,http://localhost/hopgiayvpn/products/toy-and-game-packaging-boxes/,0,,VALID_EXISTING_URL
7085,"CUSTOM TOY PACKAGING BOX",http://localhost/hopgiayvpn/product/custom-toy-packaging-box/,related_product,7086,"EDUCATIONAL TOY PACKAGING BOX",http://localhost/hopgiayvpn/product/educational-toy-packaging-box/,"educational toy packaging box","Same category with a different packed product, structure or support option.","After the structure/opening section.",200,http://localhost/hopgiayvpn/product/educational-toy-packaging-box/,0,,VALID_EXISTING_URL
7085,"CUSTOM TOY PACKAGING BOX",http://localhost/hopgiayvpn/product/custom-toy-packaging-box/,related_product,7082,"CARD GAME PACKAGING BOX",http://localhost/hopgiayvpn/product/card-game-packaging-box/,"card game packaging box","Same category with a different packed product, structure or support option.","After the insert, material or use-case section.",200,http://localhost/hopgiayvpn/product/card-game-packaging-box/,0,,VALID_EXISTING_URL
7085,"CUSTOM TOY PACKAGING BOX",http://localhost/hopgiayvpn/product/custom-toy-packaging-box/,related_product,7087,"PUZZLE PACKAGING BOX",http://localhost/hopgiayvpn/product/puzzle-packaging-box/,"puzzle packaging box","Same category with a different packed product, structure or support option.","After the insert, material or use-case section.",200,http://localhost/hopgiayvpn/product/puzzle-packaging-box/,0,,VALID_EXISTING_URL
7085,"CUSTOM TOY PACKAGING BOX",http://localhost/hopgiayvpn/product/custom-toy-packaging-box/,supporting_guide,928,"How to Choose Paper Material for Product Packaging",http://localhost/hopgiayvpn/how-to-choose-paper-material-for-product-packaging/,"how to choose paper material for product packaging","Existing guide matches the product structure, material, insert or industry-use vocabulary.","Inside the relevant structure/material paragraph.",200,http://localhost/hopgiayvpn/how-to-choose-paper-material-for-product-packaging/,0,,VALID_EXISTING_URL
7085,"CUSTOM TOY PACKAGING BOX",http://localhost/hopgiayvpn/product/custom-toy-packaging-box/,supporting_guide,1205,"How to Prepare Artwork for Printed Paper Boxes",http://localhost/hopgiayvpn/how-to-prepare-artwork-for-printed-paper-boxes/,"how to prepare artwork for printed paper boxes","Existing guide matches the product structure, material, insert or industry-use vocabulary.","Near the quote-preparation or sampling checklist.",200,http://localhost/hopgiayvpn/how-to-prepare-artwork-for-printed-paper-boxes/,0,,VALID_EXISTING_URL
7086,"EDUCATIONAL TOY PACKAGING BOX",http://localhost/hopgiayvpn/product/educational-toy-packaging-box/,category_hub,,"Toy and Game Packaging Boxes",http://localhost/hopgiayvpn/products/toy-and-game-packaging-boxes/,"toy and game packaging boxes","Connect the product to its most specific existing category hub.","Product introduction or breadcrumb-support paragraph.",200,http://localhost/hopgiayvpn/products/toy-and-game-packaging-boxes/,0,,VALID_EXISTING_URL
7086,"EDUCATIONAL TOY PACKAGING BOX",http://localhost/hopgiayvpn/product/educational-toy-packaging-box/,related_product,7087,"PUZZLE PACKAGING BOX",http://localhost/hopgiayvpn/product/puzzle-packaging-box/,"puzzle packaging box","Same category with a different packed product, structure or support option.","After the structure/opening section.",200,http://localhost/hopgiayvpn/product/puzzle-packaging-box/,0,,VALID_EXISTING_URL
7086,"EDUCATIONAL TOY PACKAGING BOX",http://localhost/hopgiayvpn/product/educational-toy-packaging-box/,related_product,7082,"CARD GAME PACKAGING BOX",http://localhost/hopgiayvpn/product/card-game-packaging-box/,"card game packaging box","Same category with a different packed product, structure or support option.","After the insert, material or use-case section.",200,http://localhost/hopgiayvpn/product/card-game-packaging-box/,0,,VALID_EXISTING_URL
7086,"EDUCATIONAL TOY PACKAGING BOX",http://localhost/hopgiayvpn/product/educational-toy-packaging-box/,related_product,7085,"CUSTOM TOY PACKAGING BOX",http://localhost/hopgiayvpn/product/custom-toy-packaging-box/,"custom toy packaging box","Same category with a different packed product, structure or support option.","After the insert, material or use-case section.",200,http://localhost/hopgiayvpn/product/custom-toy-packaging-box/,0,,VALID_EXISTING_URL
7086,"EDUCATIONAL TOY PACKAGING BOX",http://localhost/hopgiayvpn/product/educational-toy-packaging-box/,supporting_guide,928,"How to Choose Paper Material for Product Packaging",http://localhost/hopgiayvpn/how-to-choose-paper-material-for-product-packaging/,"how to choose paper material for product packaging","Existing guide matches the product structure, material, insert or industry-use vocabulary.","Inside the relevant structure/material paragraph.",200,http://localhost/hopgiayvpn/how-to-choose-paper-material-for-product-packaging/,0,,VALID_EXISTING_URL
7086,"EDUCATIONAL TOY PACKAGING BOX",http://localhost/hopgiayvpn/product/educational-toy-packaging-box/,supporting_guide,1205,"How to Prepare Artwork for Printed Paper Boxes",http://localhost/hopgiayvpn/how-to-prepare-artwork-for-printed-paper-boxes/,"how to prepare artwork for printed paper boxes","Existing guide matches the product structure, material, insert or industry-use vocabulary.","Near the quote-preparation or sampling checklist.",200,http://localhost/hopgiayvpn/how-to-prepare-artwork-for-printed-paper-boxes/,0,,VALID_EXISTING_URL
7087,"PUZZLE PACKAGING BOX",http://localhost/hopgiayvpn/product/puzzle-packaging-box/,category_hub,,"Toy and Game Packaging Boxes",http://localhost/hopgiayvpn/products/toy-and-game-packaging-boxes/,"toy and game packaging boxes","Connect the product to its most specific existing category hub.","Product introduction or breadcrumb-support paragraph.",200,http://localhost/hopgiayvpn/products/toy-and-game-packaging-boxes/,0,,VALID_EXISTING_URL
7087,"PUZZLE PACKAGING BOX",http://localhost/hopgiayvpn/product/puzzle-packaging-box/,related_product,7082,"CARD GAME PACKAGING BOX",http://localhost/hopgiayvpn/product/card-game-packaging-box/,"card game packaging box","Same category with a different packed product, structure or support option.","After the structure/opening section.",200,http://localhost/hopgiayvpn/product/card-game-packaging-box/,0,,VALID_EXISTING_URL
7087,"PUZZLE PACKAGING BOX",http://localhost/hopgiayvpn/product/puzzle-packaging-box/,related_product,7081,"BOARD GAME PACKAGING BOX",http://localhost/hopgiayvpn/product/board-game-packaging-box/,"board game packaging box","Same category with a different packed product, structure or support option.","After the insert, material or use-case section.",200,http://localhost/hopgiayvpn/product/board-game-packaging-box/,0,,VALID_EXISTING_URL
7087,"PUZZLE PACKAGING BOX",http://localhost/hopgiayvpn/product/puzzle-packaging-box/,related_product,7086,"EDUCATIONAL TOY PACKAGING BOX",http://localhost/hopgiayvpn/product/educational-toy-packaging-box/,"educational toy packaging box","Same category with a different packed product, structure or support option.","After the insert, material or use-case section.",200,http://localhost/hopgiayvpn/product/educational-toy-packaging-box/,0,,VALID_EXISTING_URL
7087,"PUZZLE PACKAGING BOX",http://localhost/hopgiayvpn/product/puzzle-packaging-box/,supporting_guide,928,"How to Choose Paper Material for Product Packaging",http://localhost/hopgiayvpn/how-to-choose-paper-material-for-product-packaging/,"how to choose paper material for product packaging","Existing guide matches the product structure, material, insert or industry-use vocabulary.","Inside the relevant structure/material paragraph.",200,http://localhost/hopgiayvpn/how-to-choose-paper-material-for-product-packaging/,0,,VALID_EXISTING_URL
7087,"PUZZLE PACKAGING BOX",http://localhost/hopgiayvpn/product/puzzle-packaging-box/,supporting_guide,1205,"How to Prepare Artwork for Printed Paper Boxes",http://localhost/hopgiayvpn/how-to-prepare-artwork-for-printed-paper-boxes/,"how to prepare artwork for printed paper boxes","Existing guide matches the product structure, material, insert or industry-use vocabulary.","Near the quote-preparation or sampling checklist.",200,http://localhost/hopgiayvpn/how-to-prepare-artwork-for-printed-paper-boxes/,0,,VALID_EXISTING_URL
7088,"COFFEE CAPSULE PACKAGING BOX",http://localhost/hopgiayvpn/product/coffee-capsule-packaging-box/,category_hub,,"Tea and Coffee Packaging Boxes",http://localhost/hopgiayvpn/products/tea-and-coffee-packaging-boxes/,"tea and coffee packaging boxes","Connect the product to its most specific existing category hub.","Product introduction or breadcrumb-support paragraph.",200,http://localhost/hopgiayvpn/products/tea-and-coffee-packaging-boxes/,0,,VALID_EXISTING_URL
7088,"COFFEE CAPSULE PACKAGING BOX",http://localhost/hopgiayvpn/product/coffee-capsule-packaging-box/,related_product,7089,"COFFEE DRIP BAG PACKAGING BOX",http://localhost/hopgiayvpn/product/coffee-drip-bag-packaging-box/,"coffee drip bag packaging box","Same category with a different packed product, structure or support option.","After the structure/opening section.",200,http://localhost/hopgiayvpn/product/coffee-drip-bag-packaging-box/,0,,VALID_EXISTING_URL
7088,"COFFEE CAPSULE PACKAGING BOX",http://localhost/hopgiayvpn/product/coffee-capsule-packaging-box/,related_product,7091,"CUSTOM TEA BAG PACKAGING BOX",http://localhost/hopgiayvpn/product/custom-tea-bag-packaging-box/,"custom tea bag packaging box","Same category with a different packed product, structure or support option.","After the insert, material or use-case section.",200,http://localhost/hopgiayvpn/product/custom-tea-bag-packaging-box/,0,,VALID_EXISTING_URL
7088,"COFFEE CAPSULE PACKAGING BOX",http://localhost/hopgiayvpn/product/coffee-capsule-packaging-box/,related_product,7090,"CUSTOM COFFEE BEAN PACKAGING BOX",http://localhost/hopgiayvpn/product/custom-coffee-bean-packaging-box/,"custom coffee bean packaging box","Same category with a different packed product, structure or support option.","After the insert, material or use-case section.",200,http://localhost/hopgiayvpn/product/custom-coffee-bean-packaging-box/,0,,VALID_EXISTING_URL
7088,"COFFEE CAPSULE PACKAGING BOX",http://localhost/hopgiayvpn/product/coffee-capsule-packaging-box/,supporting_guide,928,"How to Choose Paper Material for Product Packaging",http://localhost/hopgiayvpn/how-to-choose-paper-material-for-product-packaging/,"how to choose paper material for product packaging","Existing guide matches the product structure, material, insert or industry-use vocabulary.","Inside the relevant structure/material paragraph.",200,http://localhost/hopgiayvpn/how-to-choose-paper-material-for-product-packaging/,0,,VALID_EXISTING_URL
7088,"COFFEE CAPSULE PACKAGING BOX",http://localhost/hopgiayvpn/product/coffee-capsule-packaging-box/,supporting_guide,1205,"How to Prepare Artwork for Printed Paper Boxes",http://localhost/hopgiayvpn/how-to-prepare-artwork-for-printed-paper-boxes/,"how to prepare artwork for printed paper boxes","Existing guide matches the product structure, material, insert or industry-use vocabulary.","Near the quote-preparation or sampling checklist.",200,http://localhost/hopgiayvpn/how-to-prepare-artwork-for-printed-paper-boxes/,0,,VALID_EXISTING_URL
7089,"COFFEE DRIP BAG PACKAGING BOX",http://localhost/hopgiayvpn/product/coffee-drip-bag-packaging-box/,category_hub,,"Tea and Coffee Packaging Boxes",http://localhost/hopgiayvpn/products/tea-and-coffee-packaging-boxes/,"tea and coffee packaging boxes","Connect the product to its most specific existing category hub.","Product introduction or breadcrumb-support paragraph.",200,http://localhost/hopgiayvpn/products/tea-and-coffee-packaging-boxes/,0,,VALID_EXISTING_URL
7089,"COFFEE DRIP BAG PACKAGING BOX",http://localhost/hopgiayvpn/product/coffee-drip-bag-packaging-box/,related_product,7091,"CUSTOM TEA BAG PACKAGING BOX",http://localhost/hopgiayvpn/product/custom-tea-bag-packaging-box/,"custom tea bag packaging box","Same category with a different packed product, structure or support option.","After the structure/opening section.",200,http://localhost/hopgiayvpn/product/custom-tea-bag-packaging-box/,0,,VALID_EXISTING_URL
7089,"COFFEE DRIP BAG PACKAGING BOX",http://localhost/hopgiayvpn/product/coffee-drip-bag-packaging-box/,related_product,7090,"CUSTOM COFFEE BEAN PACKAGING BOX",http://localhost/hopgiayvpn/product/custom-coffee-bean-packaging-box/,"custom coffee bean packaging box","Same category with a different packed product, structure or support option.","After the insert, material or use-case section.",200,http://localhost/hopgiayvpn/product/custom-coffee-bean-packaging-box/,0,,VALID_EXISTING_URL
7089,"COFFEE DRIP BAG PACKAGING BOX",http://localhost/hopgiayvpn/product/coffee-drip-bag-packaging-box/,related_product,7092,"LOOSE LEAF TEA PACKAGING BOX",http://localhost/hopgiayvpn/product/loose-leaf-tea-packaging-box/,"loose leaf tea packaging box","Same category with a different packed product, structure or support option.","After the insert, material or use-case section.",200,http://localhost/hopgiayvpn/product/loose-leaf-tea-packaging-box/,0,,VALID_EXISTING_URL
7089,"COFFEE DRIP BAG PACKAGING BOX",http://localhost/hopgiayvpn/product/coffee-drip-bag-packaging-box/,supporting_guide,928,"How to Choose Paper Material for Product Packaging",http://localhost/hopgiayvpn/how-to-choose-paper-material-for-product-packaging/,"how to choose paper material for product packaging","Existing guide matches the product structure, material, insert or industry-use vocabulary.","Inside the relevant structure/material paragraph.",200,http://localhost/hopgiayvpn/how-to-choose-paper-material-for-product-packaging/,0,,VALID_EXISTING_URL
7089,"COFFEE DRIP BAG PACKAGING BOX",http://localhost/hopgiayvpn/product/coffee-drip-bag-packaging-box/,supporting_guide,1205,"How to Prepare Artwork for Printed Paper Boxes",http://localhost/hopgiayvpn/how-to-prepare-artwork-for-printed-paper-boxes/,"how to prepare artwork for printed paper boxes","Existing guide matches the product structure, material, insert or industry-use vocabulary.","Near the quote-preparation or sampling checklist.",200,http://localhost/hopgiayvpn/how-to-prepare-artwork-for-printed-paper-boxes/,0,,VALID_EXISTING_URL
7090,"CUSTOM COFFEE BEAN PACKAGING BOX",http://localhost/hopgiayvpn/product/custom-coffee-bean-packaging-box/,category_hub,,"Tea and Coffee Packaging Boxes",http://localhost/hopgiayvpn/products/tea-and-coffee-packaging-boxes/,"tea and coffee packaging boxes","Connect the product to its most specific existing category hub.","Product introduction or breadcrumb-support paragraph.",200,http://localhost/hopgiayvpn/products/tea-and-coffee-packaging-boxes/,0,,VALID_EXISTING_URL
7090,"CUSTOM COFFEE BEAN PACKAGING BOX",http://localhost/hopgiayvpn/product/custom-coffee-bean-packaging-box/,related_product,7092,"LOOSE LEAF TEA PACKAGING BOX",http://localhost/hopgiayvpn/product/loose-leaf-tea-packaging-box/,"loose leaf tea packaging box","Same category with a different packed product, structure or support option.","After the structure/opening section.",200,http://localhost/hopgiayvpn/product/loose-leaf-tea-packaging-box/,0,,VALID_EXISTING_URL
7090,"CUSTOM COFFEE BEAN PACKAGING BOX",http://localhost/hopgiayvpn/product/custom-coffee-bean-packaging-box/,related_product,7091,"CUSTOM TEA BAG PACKAGING BOX",http://localhost/hopgiayvpn/product/custom-tea-bag-packaging-box/,"custom tea bag packaging box","Same category with a different packed product, structure or support option.","After the insert, material or use-case section.",200,http://localhost/hopgiayvpn/product/custom-tea-bag-packaging-box/,0,,VALID_EXISTING_URL
7090,"CUSTOM COFFEE BEAN PACKAGING BOX",http://localhost/hopgiayvpn/product/custom-coffee-bean-packaging-box/,related_product,7089,"COFFEE DRIP BAG PACKAGING BOX",http://localhost/hopgiayvpn/product/coffee-drip-bag-packaging-box/,"coffee drip bag packaging box","Same category with a different packed product, structure or support option.","After the insert, material or use-case section.",200,http://localhost/hopgiayvpn/product/coffee-drip-bag-packaging-box/,0,,VALID_EXISTING_URL
7090,"CUSTOM COFFEE BEAN PACKAGING BOX",http://localhost/hopgiayvpn/product/custom-coffee-bean-packaging-box/,supporting_guide,928,"How to Choose Paper Material for Product Packaging",http://localhost/hopgiayvpn/how-to-choose-paper-material-for-product-packaging/,"how to choose paper material for product packaging","Existing guide matches the product structure, material, insert or industry-use vocabulary.","Inside the relevant structure/material paragraph.",200,http://localhost/hopgiayvpn/how-to-choose-paper-material-for-product-packaging/,0,,VALID_EXISTING_URL
7090,"CUSTOM COFFEE BEAN PACKAGING BOX",http://localhost/hopgiayvpn/product/custom-coffee-bean-packaging-box/,supporting_guide,1205,"How to Prepare Artwork for Printed Paper Boxes",http://localhost/hopgiayvpn/how-to-prepare-artwork-for-printed-paper-boxes/,"how to prepare artwork for printed paper boxes","Existing guide matches the product structure, material, insert or industry-use vocabulary.","Near the quote-preparation or sampling checklist.",200,http://localhost/hopgiayvpn/how-to-prepare-artwork-for-printed-paper-boxes/,0,,VALID_EXISTING_URL
7091,"CUSTOM TEA BAG PACKAGING BOX",http://localhost/hopgiayvpn/product/custom-tea-bag-packaging-box/,category_hub,,"Tea and Coffee Packaging Boxes",http://localhost/hopgiayvpn/products/tea-and-coffee-packaging-boxes/,"tea and coffee packaging boxes","Connect the product to its most specific existing category hub.","Product introduction or breadcrumb-support paragraph.",200,http://localhost/hopgiayvpn/products/tea-and-coffee-packaging-boxes/,0,,VALID_EXISTING_URL
7091,"CUSTOM TEA BAG PACKAGING BOX",http://localhost/hopgiayvpn/product/custom-tea-bag-packaging-box/,related_product,7089,"COFFEE DRIP BAG PACKAGING BOX",http://localhost/hopgiayvpn/product/coffee-drip-bag-packaging-box/,"coffee drip bag packaging box","Same category with a different packed product, structure or support option.","After the structure/opening section.",200,http://localhost/hopgiayvpn/product/coffee-drip-bag-packaging-box/,0,,VALID_EXISTING_URL
7091,"CUSTOM TEA BAG PACKAGING BOX",http://localhost/hopgiayvpn/product/custom-tea-bag-packaging-box/,related_product,7090,"CUSTOM COFFEE BEAN PACKAGING BOX",http://localhost/hopgiayvpn/product/custom-coffee-bean-packaging-box/,"custom coffee bean packaging box","Same category with a different packed product, structure or support option.","After the insert, material or use-case section.",200,http://localhost/hopgiayvpn/product/custom-coffee-bean-packaging-box/,0,,VALID_EXISTING_URL
7091,"CUSTOM TEA BAG PACKAGING BOX",http://localhost/hopgiayvpn/product/custom-tea-bag-packaging-box/,related_product,7092,"LOOSE LEAF TEA PACKAGING BOX",http://localhost/hopgiayvpn/product/loose-leaf-tea-packaging-box/,"loose leaf tea packaging box","Same category with a different packed product, structure or support option.","After the insert, material or use-case section.",200,http://localhost/hopgiayvpn/product/loose-leaf-tea-packaging-box/,0,,VALID_EXISTING_URL
7091,"CUSTOM TEA BAG PACKAGING BOX",http://localhost/hopgiayvpn/product/custom-tea-bag-packaging-box/,supporting_guide,928,"How to Choose Paper Material for Product Packaging",http://localhost/hopgiayvpn/how-to-choose-paper-material-for-product-packaging/,"how to choose paper material for product packaging","Existing guide matches the product structure, material, insert or industry-use vocabulary.","Inside the relevant structure/material paragraph.",200,http://localhost/hopgiayvpn/how-to-choose-paper-material-for-product-packaging/,0,,VALID_EXISTING_URL
7091,"CUSTOM TEA BAG PACKAGING BOX",http://localhost/hopgiayvpn/product/custom-tea-bag-packaging-box/,supporting_guide,1205,"How to Prepare Artwork for Printed Paper Boxes",http://localhost/hopgiayvpn/how-to-prepare-artwork-for-printed-paper-boxes/,"how to prepare artwork for printed paper boxes","Existing guide matches the product structure, material, insert or industry-use vocabulary.","Near the quote-preparation or sampling checklist.",200,http://localhost/hopgiayvpn/how-to-prepare-artwork-for-printed-paper-boxes/,0,,VALID_EXISTING_URL
7092,"LOOSE LEAF TEA PACKAGING BOX",http://localhost/hopgiayvpn/product/loose-leaf-tea-packaging-box/,category_hub,,"Tea and Coffee Packaging Boxes",http://localhost/hopgiayvpn/products/tea-and-coffee-packaging-boxes/,"tea and coffee packaging boxes","Connect the product to its most specific existing category hub.","Product introduction or breadcrumb-support paragraph.",200,http://localhost/hopgiayvpn/products/tea-and-coffee-packaging-boxes/,0,,VALID_EXISTING_URL
7092,"LOOSE LEAF TEA PACKAGING BOX",http://localhost/hopgiayvpn/product/loose-leaf-tea-packaging-box/,related_product,7090,"CUSTOM COFFEE BEAN PACKAGING BOX",http://localhost/hopgiayvpn/product/custom-coffee-bean-packaging-box/,"custom coffee bean packaging box","Same category with a different packed product, structure or support option.","After the structure/opening section.",200,http://localhost/hopgiayvpn/product/custom-coffee-bean-packaging-box/,0,,VALID_EXISTING_URL
7092,"LOOSE LEAF TEA PACKAGING BOX",http://localhost/hopgiayvpn/product/loose-leaf-tea-packaging-box/,related_product,7089,"COFFEE DRIP BAG PACKAGING BOX",http://localhost/hopgiayvpn/product/coffee-drip-bag-packaging-box/,"coffee drip bag packaging box","Same category with a different packed product, structure or support option.","After the insert, material or use-case section.",200,http://localhost/hopgiayvpn/product/coffee-drip-bag-packaging-box/,0,,VALID_EXISTING_URL
7092,"LOOSE LEAF TEA PACKAGING BOX",http://localhost/hopgiayvpn/product/loose-leaf-tea-packaging-box/,related_product,7091,"CUSTOM TEA BAG PACKAGING BOX",http://localhost/hopgiayvpn/product/custom-tea-bag-packaging-box/,"custom tea bag packaging box","Same category with a different packed product, structure or support option.","After the insert, material or use-case section.",200,http://localhost/hopgiayvpn/product/custom-tea-bag-packaging-box/,0,,VALID_EXISTING_URL
7092,"LOOSE LEAF TEA PACKAGING BOX",http://localhost/hopgiayvpn/product/loose-leaf-tea-packaging-box/,supporting_guide,928,"How to Choose Paper Material for Product Packaging",http://localhost/hopgiayvpn/how-to-choose-paper-material-for-product-packaging/,"how to choose paper material for product packaging","Existing guide matches the product structure, material, insert or industry-use vocabulary.","Inside the relevant structure/material paragraph.",200,http://localhost/hopgiayvpn/how-to-choose-paper-material-for-product-packaging/,0,,VALID_EXISTING_URL
7092,"LOOSE LEAF TEA PACKAGING BOX",http://localhost/hopgiayvpn/product/loose-leaf-tea-packaging-box/,supporting_guide,1205,"How to Prepare Artwork for Printed Paper Boxes",http://localhost/hopgiayvpn/how-to-prepare-artwork-for-printed-paper-boxes/,"how to prepare artwork for printed paper boxes","Existing guide matches the product structure, material, insert or industry-use vocabulary.","Near the quote-preparation or sampling checklist.",200,http://localhost/hopgiayvpn/how-to-prepare-artwork-for-printed-paper-boxes/,0,,VALID_EXISTING_URL
7093,"TEA COFFEE GIFT SET BOX",http://localhost/hopgiayvpn/product/tea-coffee-gift-set-box/,category_hub,,"Tea and Coffee Packaging Boxes",http://localhost/hopgiayvpn/products/tea-and-coffee-packaging-boxes/,"tea and coffee packaging boxes","Connect the product to its most specific existing category hub.","Product introduction or breadcrumb-support paragraph.",200,http://localhost/hopgiayvpn/products/tea-and-coffee-packaging-boxes/,0,,VALID_EXISTING_URL
7093,"TEA COFFEE GIFT SET BOX",http://localhost/hopgiayvpn/product/tea-coffee-gift-set-box/,related_product,7090,"CUSTOM COFFEE BEAN PACKAGING BOX",http://localhost/hopgiayvpn/product/custom-coffee-bean-packaging-box/,"custom coffee bean packaging box","Same category with a different packed product, structure or support option.","After the structure/opening section.",200,http://localhost/hopgiayvpn/product/custom-coffee-bean-packaging-box/,0,,VALID_EXISTING_URL
7093,"TEA COFFEE GIFT SET BOX",http://localhost/hopgiayvpn/product/tea-coffee-gift-set-box/,related_product,7088,"COFFEE CAPSULE PACKAGING BOX",http://localhost/hopgiayvpn/product/coffee-capsule-packaging-box/,"coffee capsule packaging box","Same category with a different packed product, structure or support option.","After the insert, material or use-case section.",200,http://localhost/hopgiayvpn/product/coffee-capsule-packaging-box/,0,,VALID_EXISTING_URL
7093,"TEA COFFEE GIFT SET BOX",http://localhost/hopgiayvpn/product/tea-coffee-gift-set-box/,related_product,7094,"TEA GIFT BOX WITH COMPARTMENTS",http://localhost/hopgiayvpn/product/tea-gift-box-with-compartments/,"tea gift box with compartments","Same category with a different packed product, structure or support option.","After the insert, material or use-case section.",200,http://localhost/hopgiayvpn/product/tea-gift-box-with-compartments/,0,,VALID_EXISTING_URL
7093,"TEA COFFEE GIFT SET BOX",http://localhost/hopgiayvpn/product/tea-coffee-gift-set-box/,supporting_guide,928,"How to Choose Paper Material for Product Packaging",http://localhost/hopgiayvpn/how-to-choose-paper-material-for-product-packaging/,"how to choose paper material for product packaging","Existing guide matches the product structure, material, insert or industry-use vocabulary.","Inside the relevant structure/material paragraph.",200,http://localhost/hopgiayvpn/how-to-choose-paper-material-for-product-packaging/,0,,VALID_EXISTING_URL
7093,"TEA COFFEE GIFT SET BOX",http://localhost/hopgiayvpn/product/tea-coffee-gift-set-box/,supporting_guide,1205,"How to Prepare Artwork for Printed Paper Boxes",http://localhost/hopgiayvpn/how-to-prepare-artwork-for-printed-paper-boxes/,"how to prepare artwork for printed paper boxes","Existing guide matches the product structure, material, insert or industry-use vocabulary.","Near the quote-preparation or sampling checklist.",200,http://localhost/hopgiayvpn/how-to-prepare-artwork-for-printed-paper-boxes/,0,,VALID_EXISTING_URL
7094,"TEA GIFT BOX WITH COMPARTMENTS",http://localhost/hopgiayvpn/product/tea-gift-box-with-compartments/,category_hub,,"Tea and Coffee Packaging Boxes",http://localhost/hopgiayvpn/products/tea-and-coffee-packaging-boxes/,"tea and coffee packaging boxes","Connect the product to its most specific existing category hub.","Product introduction or breadcrumb-support paragraph.",200,http://localhost/hopgiayvpn/products/tea-and-coffee-packaging-boxes/,0,,VALID_EXISTING_URL
7094,"TEA GIFT BOX WITH COMPARTMENTS",http://localhost/hopgiayvpn/product/tea-gift-box-with-compartments/,related_product,7088,"COFFEE CAPSULE PACKAGING BOX",http://localhost/hopgiayvpn/product/coffee-capsule-packaging-box/,"coffee capsule packaging box","Same category with a different packed product, structure or support option.","After the structure/opening section.",200,http://localhost/hopgiayvpn/product/coffee-capsule-packaging-box/,0,,VALID_EXISTING_URL
7094,"TEA GIFT BOX WITH COMPARTMENTS",http://localhost/hopgiayvpn/product/tea-gift-box-with-compartments/,related_product,7091,"CUSTOM TEA BAG PACKAGING BOX",http://localhost/hopgiayvpn/product/custom-tea-bag-packaging-box/,"custom tea bag packaging box","Same category with a different packed product, structure or support option.","After the insert, material or use-case section.",200,http://localhost/hopgiayvpn/product/custom-tea-bag-packaging-box/,0,,VALID_EXISTING_URL
7094,"TEA GIFT BOX WITH COMPARTMENTS",http://localhost/hopgiayvpn/product/tea-gift-box-with-compartments/,related_product,7093,"TEA COFFEE GIFT SET BOX",http://localhost/hopgiayvpn/product/tea-coffee-gift-set-box/,"tea coffee gift set box","Same category with a different packed product, structure or support option.","After the insert, material or use-case section.",200,http://localhost/hopgiayvpn/product/tea-coffee-gift-set-box/,0,,VALID_EXISTING_URL
7094,"TEA GIFT BOX WITH COMPARTMENTS",http://localhost/hopgiayvpn/product/tea-gift-box-with-compartments/,supporting_guide,928,"How to Choose Paper Material for Product Packaging",http://localhost/hopgiayvpn/how-to-choose-paper-material-for-product-packaging/,"how to choose paper material for product packaging","Existing guide matches the product structure, material, insert or industry-use vocabulary.","Inside the relevant structure/material paragraph.",200,http://localhost/hopgiayvpn/how-to-choose-paper-material-for-product-packaging/,0,,VALID_EXISTING_URL
7094,"TEA GIFT BOX WITH COMPARTMENTS",http://localhost/hopgiayvpn/product/tea-gift-box-with-compartments/,supporting_guide,1205,"How to Prepare Artwork for Printed Paper Boxes",http://localhost/hopgiayvpn/how-to-prepare-artwork-for-printed-paper-boxes/,"how to prepare artwork for printed paper boxes","Existing guide matches the product structure, material, insert or industry-use vocabulary.","Near the quote-preparation or sampling checklist.",200,http://localhost/hopgiayvpn/how-to-prepare-artwork-for-printed-paper-boxes/,0,,VALID_EXISTING_URL
7095,"CUSTOM PET FOOD PACKAGING BOX",http://localhost/hopgiayvpn/product/custom-pet-food-packaging-box/,category_hub,,"Pet Product Packaging Boxes",http://localhost/hopgiayvpn/products/pet-product-packaging-boxes/,"pet product packaging boxes","Connect the product to its most specific existing category hub.","Product introduction or breadcrumb-support paragraph.",200,http://localhost/hopgiayvpn/products/pet-product-packaging-boxes/,0,,VALID_EXISTING_URL
7095,"CUSTOM PET FOOD PACKAGING BOX",http://localhost/hopgiayvpn/product/custom-pet-food-packaging-box/,related_product,7096,"CUSTOM PET TREAT PACKAGING BOX",http://localhost/hopgiayvpn/product/custom-pet-treat-packaging-box/,"custom pet treat packaging box","Same category with a different packed product, structure or support option.","After the structure/opening section.",200,http://localhost/hopgiayvpn/product/custom-pet-treat-packaging-box/,0,,VALID_EXISTING_URL
7095,"CUSTOM PET FOOD PACKAGING BOX",http://localhost/hopgiayvpn/product/custom-pet-food-packaging-box/,related_product,7101,"PET SUPPLEMENT PACKAGING BOX",http://localhost/hopgiayvpn/product/pet-supplement-packaging-box/,"pet supplement packaging box","Same category with a different packed product, structure or support option.","After the insert, material or use-case section.",200,http://localhost/hopgiayvpn/product/pet-supplement-packaging-box/,0,,VALID_EXISTING_URL
7095,"CUSTOM PET FOOD PACKAGING BOX",http://localhost/hopgiayvpn/product/custom-pet-food-packaging-box/,related_product,7098,"PET GROOMING PRODUCT PACKAGING BOX",http://localhost/hopgiayvpn/product/pet-grooming-product-packaging-box/,"pet grooming product packaging box","Same category with a different packed product, structure or support option.","After the insert, material or use-case section.",200,http://localhost/hopgiayvpn/product/pet-grooming-product-packaging-box/,0,,VALID_EXISTING_URL
7095,"CUSTOM PET FOOD PACKAGING BOX",http://localhost/hopgiayvpn/product/custom-pet-food-packaging-box/,supporting_guide,928,"How to Choose Paper Material for Product Packaging",http://localhost/hopgiayvpn/how-to-choose-paper-material-for-product-packaging/,"how to choose paper material for product packaging","Existing guide matches the product structure, material, insert or industry-use vocabulary.","Inside the relevant structure/material paragraph.",200,http://localhost/hopgiayvpn/how-to-choose-paper-material-for-product-packaging/,0,,VALID_EXISTING_URL
7095,"CUSTOM PET FOOD PACKAGING BOX",http://localhost/hopgiayvpn/product/custom-pet-food-packaging-box/,supporting_guide,1205,"How to Prepare Artwork for Printed Paper Boxes",http://localhost/hopgiayvpn/how-to-prepare-artwork-for-printed-paper-boxes/,"how to prepare artwork for printed paper boxes","Existing guide matches the product structure, material, insert or industry-use vocabulary.","Near the quote-preparation or sampling checklist.",200,http://localhost/hopgiayvpn/how-to-prepare-artwork-for-printed-paper-boxes/,0,,VALID_EXISTING_URL
7096,"CUSTOM PET TREAT PACKAGING BOX",http://localhost/hopgiayvpn/product/custom-pet-treat-packaging-box/,category_hub,,"Pet Product Packaging Boxes",http://localhost/hopgiayvpn/products/pet-product-packaging-boxes/,"pet product packaging boxes","Connect the product to its most specific existing category hub.","Product introduction or breadcrumb-support paragraph.",200,http://localhost/hopgiayvpn/products/pet-product-packaging-boxes/,0,,VALID_EXISTING_URL
7096,"CUSTOM PET TREAT PACKAGING BOX",http://localhost/hopgiayvpn/product/custom-pet-treat-packaging-box/,related_product,7095,"CUSTOM PET FOOD PACKAGING BOX",http://localhost/hopgiayvpn/product/custom-pet-food-packaging-box/,"custom pet food packaging box","Same category with a different packed product, structure or support option.","After the structure/opening section.",200,http://localhost/hopgiayvpn/product/custom-pet-food-packaging-box/,0,,VALID_EXISTING_URL
7096,"CUSTOM PET TREAT PACKAGING BOX",http://localhost/hopgiayvpn/product/custom-pet-treat-packaging-box/,related_product,7101,"PET SUPPLEMENT PACKAGING BOX",http://localhost/hopgiayvpn/product/pet-supplement-packaging-box/,"pet supplement packaging box","Same category with a different packed product, structure or support option.","After the insert, material or use-case section.",200,http://localhost/hopgiayvpn/product/pet-supplement-packaging-box/,0,,VALID_EXISTING_URL
7096,"CUSTOM PET TREAT PACKAGING BOX",http://localhost/hopgiayvpn/product/custom-pet-treat-packaging-box/,related_product,7098,"PET GROOMING PRODUCT PACKAGING BOX",http://localhost/hopgiayvpn/product/pet-grooming-product-packaging-box/,"pet grooming product packaging box","Same category with a different packed product, structure or support option.","After the insert, material or use-case section.",200,http://localhost/hopgiayvpn/product/pet-grooming-product-packaging-box/,0,,VALID_EXISTING_URL
7096,"CUSTOM PET TREAT PACKAGING BOX",http://localhost/hopgiayvpn/product/custom-pet-treat-packaging-box/,supporting_guide,928,"How to Choose Paper Material for Product Packaging",http://localhost/hopgiayvpn/how-to-choose-paper-material-for-product-packaging/,"how to choose paper material for product packaging","Existing guide matches the product structure, material, insert or industry-use vocabulary.","Inside the relevant structure/material paragraph.",200,http://localhost/hopgiayvpn/how-to-choose-paper-material-for-product-packaging/,0,,VALID_EXISTING_URL
7096,"CUSTOM PET TREAT PACKAGING BOX",http://localhost/hopgiayvpn/product/custom-pet-treat-packaging-box/,supporting_guide,1205,"How to Prepare Artwork for Printed Paper Boxes",http://localhost/hopgiayvpn/how-to-prepare-artwork-for-printed-paper-boxes/,"how to prepare artwork for printed paper boxes","Existing guide matches the product structure, material, insert or industry-use vocabulary.","Near the quote-preparation or sampling checklist.",200,http://localhost/hopgiayvpn/how-to-prepare-artwork-for-printed-paper-boxes/,0,,VALID_EXISTING_URL
7097,"PET ACCESSORY GIFT BOX",http://localhost/hopgiayvpn/product/pet-accessory-gift-box/,category_hub,,"Pet Product Packaging Boxes",http://localhost/hopgiayvpn/products/pet-product-packaging-boxes/,"pet product packaging boxes","Connect the product to its most specific existing category hub.","Product introduction or breadcrumb-support paragraph.",200,http://localhost/hopgiayvpn/products/pet-product-packaging-boxes/,0,,VALID_EXISTING_URL
7097,"PET ACCESSORY GIFT BOX",http://localhost/hopgiayvpn/product/pet-accessory-gift-box/,related_product,7101,"PET SUPPLEMENT PACKAGING BOX",http://localhost/hopgiayvpn/product/pet-supplement-packaging-box/,"pet supplement packaging box","Same category with a different packed product, structure or support option.","After the structure/opening section.",200,http://localhost/hopgiayvpn/product/pet-supplement-packaging-box/,0,,VALID_EXISTING_URL
7097,"PET ACCESSORY GIFT BOX",http://localhost/hopgiayvpn/product/pet-accessory-gift-box/,related_product,7100,"PET SUBSCRIPTION MAILER BOX",http://localhost/hopgiayvpn/product/pet-subscription-mailer-box/,"pet subscription mailer box","Same category with a different packed product, structure or support option.","After the insert, material or use-case section.",200,http://localhost/hopgiayvpn/product/pet-subscription-mailer-box/,0,,VALID_EXISTING_URL
7097,"PET ACCESSORY GIFT BOX",http://localhost/hopgiayvpn/product/pet-accessory-gift-box/,related_product,7096,"CUSTOM PET TREAT PACKAGING BOX",http://localhost/hopgiayvpn/product/custom-pet-treat-packaging-box/,"custom pet treat packaging box","Same category with a different packed product, structure or support option.","After the insert, material or use-case section.",200,http://localhost/hopgiayvpn/product/custom-pet-treat-packaging-box/,0,,VALID_EXISTING_URL
7097,"PET ACCESSORY GIFT BOX",http://localhost/hopgiayvpn/product/pet-accessory-gift-box/,supporting_guide,928,"How to Choose Paper Material for Product Packaging",http://localhost/hopgiayvpn/how-to-choose-paper-material-for-product-packaging/,"how to choose paper material for product packaging","Existing guide matches the product structure, material, insert or industry-use vocabulary.","Inside the relevant structure/material paragraph.",200,http://localhost/hopgiayvpn/how-to-choose-paper-material-for-product-packaging/,0,,VALID_EXISTING_URL
7097,"PET ACCESSORY GIFT BOX",http://localhost/hopgiayvpn/product/pet-accessory-gift-box/,supporting_guide,1205,"How to Prepare Artwork for Printed Paper Boxes",http://localhost/hopgiayvpn/how-to-prepare-artwork-for-printed-paper-boxes/,"how to prepare artwork for printed paper boxes","Existing guide matches the product structure, material, insert or industry-use vocabulary.","Near the quote-preparation or sampling checklist.",200,http://localhost/hopgiayvpn/how-to-prepare-artwork-for-printed-paper-boxes/,0,,VALID_EXISTING_URL
7098,"PET GROOMING PRODUCT PACKAGING BOX",http://localhost/hopgiayvpn/product/pet-grooming-product-packaging-box/,category_hub,,"Pet Product Packaging Boxes",http://localhost/hopgiayvpn/products/pet-product-packaging-boxes/,"pet product packaging boxes","Connect the product to its most specific existing category hub.","Product introduction or breadcrumb-support paragraph.",200,http://localhost/hopgiayvpn/products/pet-product-packaging-boxes/,0,,VALID_EXISTING_URL
7098,"PET GROOMING PRODUCT PACKAGING BOX",http://localhost/hopgiayvpn/product/pet-grooming-product-packaging-box/,related_product,7101,"PET SUPPLEMENT PACKAGING BOX",http://localhost/hopgiayvpn/product/pet-supplement-packaging-box/,"pet supplement packaging box","Same category with a different packed product, structure or support option.","After the structure/opening section.",200,http://localhost/hopgiayvpn/product/pet-supplement-packaging-box/,0,,VALID_EXISTING_URL
7098,"PET GROOMING PRODUCT PACKAGING BOX",http://localhost/hopgiayvpn/product/pet-grooming-product-packaging-box/,related_product,7095,"CUSTOM PET FOOD PACKAGING BOX",http://localhost/hopgiayvpn/product/custom-pet-food-packaging-box/,"custom pet food packaging box","Same category with a different packed product, structure or support option.","After the insert, material or use-case section.",200,http://localhost/hopgiayvpn/product/custom-pet-food-packaging-box/,0,,VALID_EXISTING_URL
7098,"PET GROOMING PRODUCT PACKAGING BOX",http://localhost/hopgiayvpn/product/pet-grooming-product-packaging-box/,related_product,7096,"CUSTOM PET TREAT PACKAGING BOX",http://localhost/hopgiayvpn/product/custom-pet-treat-packaging-box/,"custom pet treat packaging box","Same category with a different packed product, structure or support option.","After the insert, material or use-case section.",200,http://localhost/hopgiayvpn/product/custom-pet-treat-packaging-box/,0,,VALID_EXISTING_URL
7098,"PET GROOMING PRODUCT PACKAGING BOX",http://localhost/hopgiayvpn/product/pet-grooming-product-packaging-box/,supporting_guide,928,"How to Choose Paper Material for Product Packaging",http://localhost/hopgiayvpn/how-to-choose-paper-material-for-product-packaging/,"how to choose paper material for product packaging","Existing guide matches the product structure, material, insert or industry-use vocabulary.","Inside the relevant structure/material paragraph.",200,http://localhost/hopgiayvpn/how-to-choose-paper-material-for-product-packaging/,0,,VALID_EXISTING_URL
7098,"PET GROOMING PRODUCT PACKAGING BOX",http://localhost/hopgiayvpn/product/pet-grooming-product-packaging-box/,supporting_guide,1205,"How to Prepare Artwork for Printed Paper Boxes",http://localhost/hopgiayvpn/how-to-prepare-artwork-for-printed-paper-boxes/,"how to prepare artwork for printed paper boxes","Existing guide matches the product structure, material, insert or industry-use vocabulary.","Near the quote-preparation or sampling checklist.",200,http://localhost/hopgiayvpn/how-to-prepare-artwork-for-printed-paper-boxes/,0,,VALID_EXISTING_URL
7099,"PET PRODUCT SAMPLE KIT BOX",http://localhost/hopgiayvpn/product/pet-product-sample-kit-box/,category_hub,,"Pet Product Packaging Boxes",http://localhost/hopgiayvpn/products/pet-product-packaging-boxes/,"pet product packaging boxes","Connect the product to its most specific existing category hub.","Product introduction or breadcrumb-support paragraph.",200,http://localhost/hopgiayvpn/products/pet-product-packaging-boxes/,0,,VALID_EXISTING_URL
7099,"PET PRODUCT SAMPLE KIT BOX",http://localhost/hopgiayvpn/product/pet-product-sample-kit-box/,related_product,7098,"PET GROOMING PRODUCT PACKAGING BOX",http://localhost/hopgiayvpn/product/pet-grooming-product-packaging-box/,"pet grooming product packaging box","Same category with a different packed product, structure or support option.","After the structure/opening section.",200,http://localhost/hopgiayvpn/product/pet-grooming-product-packaging-box/,0,,VALID_EXISTING_URL
7099,"PET PRODUCT SAMPLE KIT BOX",http://localhost/hopgiayvpn/product/pet-product-sample-kit-box/,related_product,7100,"PET SUBSCRIPTION MAILER BOX",http://localhost/hopgiayvpn/product/pet-subscription-mailer-box/,"pet subscription mailer box","Same category with a different packed product, structure or support option.","After the insert, material or use-case section.",200,http://localhost/hopgiayvpn/product/pet-subscription-mailer-box/,0,,VALID_EXISTING_URL
7099,"PET PRODUCT SAMPLE KIT BOX",http://localhost/hopgiayvpn/product/pet-product-sample-kit-box/,related_product,7095,"CUSTOM PET FOOD PACKAGING BOX",http://localhost/hopgiayvpn/product/custom-pet-food-packaging-box/,"custom pet food packaging box","Same category with a different packed product, structure or support option.","After the insert, material or use-case section.",200,http://localhost/hopgiayvpn/product/custom-pet-food-packaging-box/,0,,VALID_EXISTING_URL
7099,"PET PRODUCT SAMPLE KIT BOX",http://localhost/hopgiayvpn/product/pet-product-sample-kit-box/,supporting_guide,928,"How to Choose Paper Material for Product Packaging",http://localhost/hopgiayvpn/how-to-choose-paper-material-for-product-packaging/,"how to choose paper material for product packaging","Existing guide matches the product structure, material, insert or industry-use vocabulary.","Inside the relevant structure/material paragraph.",200,http://localhost/hopgiayvpn/how-to-choose-paper-material-for-product-packaging/,0,,VALID_EXISTING_URL
7099,"PET PRODUCT SAMPLE KIT BOX",http://localhost/hopgiayvpn/product/pet-product-sample-kit-box/,supporting_guide,1205,"How to Prepare Artwork for Printed Paper Boxes",http://localhost/hopgiayvpn/how-to-prepare-artwork-for-printed-paper-boxes/,"how to prepare artwork for printed paper boxes","Existing guide matches the product structure, material, insert or industry-use vocabulary.","Near the quote-preparation or sampling checklist.",200,http://localhost/hopgiayvpn/how-to-prepare-artwork-for-printed-paper-boxes/,0,,VALID_EXISTING_URL
7100,"PET SUBSCRIPTION MAILER BOX",http://localhost/hopgiayvpn/product/pet-subscription-mailer-box/,category_hub,,"Pet Product Packaging Boxes",http://localhost/hopgiayvpn/products/pet-product-packaging-boxes/,"pet product packaging boxes","Connect the product to its most specific existing category hub.","Product introduction or breadcrumb-support paragraph.",200,http://localhost/hopgiayvpn/products/pet-product-packaging-boxes/,0,,VALID_EXISTING_URL
7100,"PET SUBSCRIPTION MAILER BOX",http://localhost/hopgiayvpn/product/pet-subscription-mailer-box/,related_product,7097,"PET ACCESSORY GIFT BOX",http://localhost/hopgiayvpn/product/pet-accessory-gift-box/,"pet accessory gift box","Same category with a different packed product, structure or support option.","After the structure/opening section.",200,http://localhost/hopgiayvpn/product/pet-accessory-gift-box/,0,,VALID_EXISTING_URL
7100,"PET SUBSCRIPTION MAILER BOX",http://localhost/hopgiayvpn/product/pet-subscription-mailer-box/,related_product,7096,"CUSTOM PET TREAT PACKAGING BOX",http://localhost/hopgiayvpn/product/custom-pet-treat-packaging-box/,"custom pet treat packaging box","Same category with a different packed product, structure or support option.","After the insert, material or use-case section.",200,http://localhost/hopgiayvpn/product/custom-pet-treat-packaging-box/,0,,VALID_EXISTING_URL
7100,"PET SUBSCRIPTION MAILER BOX",http://localhost/hopgiayvpn/product/pet-subscription-mailer-box/,related_product,7101,"PET SUPPLEMENT PACKAGING BOX",http://localhost/hopgiayvpn/product/pet-supplement-packaging-box/,"pet supplement packaging box","Same category with a different packed product, structure or support option.","After the insert, material or use-case section.",200,http://localhost/hopgiayvpn/product/pet-supplement-packaging-box/,0,,VALID_EXISTING_URL
7100,"PET SUBSCRIPTION MAILER BOX",http://localhost/hopgiayvpn/product/pet-subscription-mailer-box/,supporting_guide,928,"How to Choose Paper Material for Product Packaging",http://localhost/hopgiayvpn/how-to-choose-paper-material-for-product-packaging/,"how to choose paper material for product packaging","Existing guide matches the product structure, material, insert or industry-use vocabulary.","Inside the relevant structure/material paragraph.",200,http://localhost/hopgiayvpn/how-to-choose-paper-material-for-product-packaging/,0,,VALID_EXISTING_URL
7100,"PET SUBSCRIPTION MAILER BOX",http://localhost/hopgiayvpn/product/pet-subscription-mailer-box/,supporting_guide,1205,"How to Prepare Artwork for Printed Paper Boxes",http://localhost/hopgiayvpn/how-to-prepare-artwork-for-printed-paper-boxes/,"how to prepare artwork for printed paper boxes","Existing guide matches the product structure, material, insert or industry-use vocabulary.","Near the quote-preparation or sampling checklist.",200,http://localhost/hopgiayvpn/how-to-prepare-artwork-for-printed-paper-boxes/,0,,VALID_EXISTING_URL
7101,"PET SUPPLEMENT PACKAGING BOX",http://localhost/hopgiayvpn/product/pet-supplement-packaging-box/,category_hub,,"Pet Product Packaging Boxes",http://localhost/hopgiayvpn/products/pet-product-packaging-boxes/,"pet product packaging boxes","Connect the product to its most specific existing category hub.","Product introduction or breadcrumb-support paragraph.",200,http://localhost/hopgiayvpn/products/pet-product-packaging-boxes/,0,,VALID_EXISTING_URL
7101,"PET SUPPLEMENT PACKAGING BOX",http://localhost/hopgiayvpn/product/pet-supplement-packaging-box/,related_product,7095,"CUSTOM PET FOOD PACKAGING BOX",http://localhost/hopgiayvpn/product/custom-pet-food-packaging-box/,"custom pet food packaging box","Same category with a different packed product, structure or support option.","After the structure/opening section.",200,http://localhost/hopgiayvpn/product/custom-pet-food-packaging-box/,0,,VALID_EXISTING_URL
7101,"PET SUPPLEMENT PACKAGING BOX",http://localhost/hopgiayvpn/product/pet-supplement-packaging-box/,related_product,7096,"CUSTOM PET TREAT PACKAGING BOX",http://localhost/hopgiayvpn/product/custom-pet-treat-packaging-box/,"custom pet treat packaging box","Same category with a different packed product, structure or support option.","After the insert, material or use-case section.",200,http://localhost/hopgiayvpn/product/custom-pet-treat-packaging-box/,0,,VALID_EXISTING_URL
7101,"PET SUPPLEMENT PACKAGING BOX",http://localhost/hopgiayvpn/product/pet-supplement-packaging-box/,related_product,7098,"PET GROOMING PRODUCT PACKAGING BOX",http://localhost/hopgiayvpn/product/pet-grooming-product-packaging-box/,"pet grooming product packaging box","Same category with a different packed product, structure or support option.","After the insert, material or use-case section.",200,http://localhost/hopgiayvpn/product/pet-grooming-product-packaging-box/,0,,VALID_EXISTING_URL
7101,"PET SUPPLEMENT PACKAGING BOX",http://localhost/hopgiayvpn/product/pet-supplement-packaging-box/,supporting_guide,928,"How to Choose Paper Material for Product Packaging",http://localhost/hopgiayvpn/how-to-choose-paper-material-for-product-packaging/,"how to choose paper material for product packaging","Existing guide matches the product structure, material, insert or industry-use vocabulary.","Inside the relevant structure/material paragraph.",200,http://localhost/hopgiayvpn/how-to-choose-paper-material-for-product-packaging/,0,,VALID_EXISTING_URL
7101,"PET SUPPLEMENT PACKAGING BOX",http://localhost/hopgiayvpn/product/pet-supplement-packaging-box/,supporting_guide,1205,"How to Prepare Artwork for Printed Paper Boxes",http://localhost/hopgiayvpn/how-to-prepare-artwork-for-printed-paper-boxes/,"how to prepare artwork for printed paper boxes","Existing guide matches the product structure, material, insert or industry-use vocabulary.","Near the quote-preparation or sampling checklist.",200,http://localhost/hopgiayvpn/how-to-prepare-artwork-for-printed-paper-boxes/,0,,VALID_EXISTING_URL
7181,"CUSTOM WHITE PAPER SHOPPING BAG WITH BROWN ROPE HANDLES",http://localhost/hopgiayvpn/product/custom-white-paper-shopping-bag-with-brown-rope-handles/,category_hub,,"Paper Bags with Logo",http://localhost/hopgiayvpn/products/paper-bags-with-logo/,"paper bags with logo","Connect the product to its most specific existing category hub.","Product introduction or breadcrumb-support paragraph.",200,http://localhost/hopgiayvpn/products/paper-bags-with-logo/,0,,VALID_EXISTING_URL
7181,"CUSTOM WHITE PAPER SHOPPING BAG WITH BROWN ROPE HANDLES",http://localhost/hopgiayvpn/product/custom-white-paper-shopping-bag-with-brown-rope-handles/,related_product,379,"Custom Paper Shopping Bag with Handles",http://localhost/hopgiayvpn/product/custom-paper-shopping-bag-with-handles/,"custom paper shopping bag with handles","Same category with a different packed product, structure or support option.","After the structure/opening section.",200,http://localhost/hopgiayvpn/product/custom-paper-shopping-bag-with-handles/,0,,VALID_EXISTING_URL
7181,"CUSTOM WHITE PAPER SHOPPING BAG WITH BROWN ROPE HANDLES",http://localhost/hopgiayvpn/product/custom-white-paper-shopping-bag-with-brown-rope-handles/,related_product,254,"Custom Rigid Gift Box with Matching Paper Bag",http://localhost/hopgiayvpn/product/custom-rigid-gift-box-with-matching-paper-bag/,"custom rigid gift box with matching paper bag","Same category with a different packed product, structure or support option.","After the insert, material or use-case section.",200,http://localhost/hopgiayvpn/product/custom-rigid-gift-box-with-matching-paper-bag/,0,,VALID_EXISTING_URL
7181,"CUSTOM WHITE PAPER SHOPPING BAG WITH BROWN ROPE HANDLES",http://localhost/hopgiayvpn/product/custom-white-paper-shopping-bag-with-brown-rope-handles/,related_product,373,"Custom Luxury Paper Gift Bag with Ribbon Handles",http://localhost/hopgiayvpn/product/custom-luxury-paper-gift-bag-with-ribbon-handles/,"custom luxury paper gift bag with ribbon handles","Same category with a different packed product, structure or support option.","After the insert, material or use-case section.",200,http://localhost/hopgiayvpn/product/custom-luxury-paper-gift-bag-with-ribbon-handles/,0,,VALID_EXISTING_URL
7181,"CUSTOM WHITE PAPER SHOPPING BAG WITH BROWN ROPE HANDLES",http://localhost/hopgiayvpn/product/custom-white-paper-shopping-bag-with-brown-rope-handles/,supporting_guide,445,"How to Make Paper Bags Stronger for Retail Packaging",http://localhost/hopgiayvpn/how-to-make-paper-bags-stronger/,"how to make paper bags stronger for retail packaging","Existing guide matches the product structure, material, insert or industry-use vocabulary.","Inside the relevant structure/material paragraph.",200,http://localhost/hopgiayvpn/how-to-make-paper-bags-stronger/,0,,VALID_EXISTING_URL
7187,"CUSTOM RUST PAPER SHOPPING BAG WITH ROPE HANDLES",http://localhost/hopgiayvpn/product/custom-rust-paper-shopping-bag-with-rope-handles/,category_hub,,"Paper Bags with Logo",http://localhost/hopgiayvpn/products/paper-bags-with-logo/,"paper bags with logo","Connect the product to its most specific existing category hub.","Product introduction or breadcrumb-support paragraph.",200,http://localhost/hopgiayvpn/products/paper-bags-with-logo/,0,,VALID_EXISTING_URL
7187,"CUSTOM RUST PAPER SHOPPING BAG WITH ROPE HANDLES",http://localhost/hopgiayvpn/product/custom-rust-paper-shopping-bag-with-rope-handles/,related_product,7181,"CUSTOM WHITE PAPER SHOPPING BAG WITH BROWN ROPE HANDLES",http://localhost/hopgiayvpn/product/custom-white-paper-shopping-bag-with-brown-rope-handles/,"custom white paper shopping bag with brown rope handles","Same category with a different packed product, structure or support option.","After the structure/opening section.",200,http://localhost/hopgiayvpn/product/custom-white-paper-shopping-bag-with-brown-rope-handles/,0,,VALID_EXISTING_URL
7187,"CUSTOM RUST PAPER SHOPPING BAG WITH ROPE HANDLES",http://localhost/hopgiayvpn/product/custom-rust-paper-shopping-bag-with-rope-handles/,related_product,7192,"CUSTOM PINK PAPER GIFT BAG WITH TWISTED HANDLES",http://localhost/hopgiayvpn/product/custom-pink-paper-gift-bag-with-twisted-handles/,"custom pink paper gift bag with twisted handles","Same category with a different packed product, structure or support option.","After the insert, material or use-case section.",200,http://localhost/hopgiayvpn/product/custom-pink-paper-gift-bag-with-twisted-handles/,0,,VALID_EXISTING_URL
7187,"CUSTOM RUST PAPER SHOPPING BAG WITH ROPE HANDLES",http://localhost/hopgiayvpn/product/custom-rust-paper-shopping-bag-with-rope-handles/,related_product,379,"Custom Paper Shopping Bag with Handles",http://localhost/hopgiayvpn/product/custom-paper-shopping-bag-with-handles/,"custom paper shopping bag with handles","Same category with a different packed product, structure or support option.","After the insert, material or use-case section.",200,http://localhost/hopgiayvpn/product/custom-paper-shopping-bag-with-handles/,0,,VALID_EXISTING_URL
7187,"CUSTOM RUST PAPER SHOPPING BAG WITH ROPE HANDLES",http://localhost/hopgiayvpn/product/custom-rust-paper-shopping-bag-with-rope-handles/,supporting_guide,445,"How to Make Paper Bags Stronger for Retail Packaging",http://localhost/hopgiayvpn/how-to-make-paper-bags-stronger/,"how to make paper bags stronger for retail packaging","Existing guide matches the product structure, material, insert or industry-use vocabulary.","Inside the relevant structure/material paragraph.",200,http://localhost/hopgiayvpn/how-to-make-paper-bags-stronger/,0,,VALID_EXISTING_URL
7192,"CUSTOM PINK PAPER GIFT BAG WITH TWISTED HANDLES",http://localhost/hopgiayvpn/product/custom-pink-paper-gift-bag-with-twisted-handles/,category_hub,,"Paper Bags with Logo",http://localhost/hopgiayvpn/products/paper-bags-with-logo/,"paper bags with logo","Connect the product to its most specific existing category hub.","Product introduction or breadcrumb-support paragraph.",200,http://localhost/hopgiayvpn/products/paper-bags-with-logo/,0,,VALID_EXISTING_URL
7192,"CUSTOM PINK PAPER GIFT BAG WITH TWISTED HANDLES",http://localhost/hopgiayvpn/product/custom-pink-paper-gift-bag-with-twisted-handles/,related_product,379,"Custom Paper Shopping Bag with Handles",http://localhost/hopgiayvpn/product/custom-paper-shopping-bag-with-handles/,"custom paper shopping bag with handles","Same category with a different packed product, structure or support option.","After the structure/opening section.",200,http://localhost/hopgiayvpn/product/custom-paper-shopping-bag-with-handles/,0,,VALID_EXISTING_URL
7192,"CUSTOM PINK PAPER GIFT BAG WITH TWISTED HANDLES",http://localhost/hopgiayvpn/product/custom-pink-paper-gift-bag-with-twisted-handles/,related_product,7187,"CUSTOM RUST PAPER SHOPPING BAG WITH ROPE HANDLES",http://localhost/hopgiayvpn/product/custom-rust-paper-shopping-bag-with-rope-handles/,"custom rust paper shopping bag with rope handles","Same category with a different packed product, structure or support option.","After the insert, material or use-case section.",200,http://localhost/hopgiayvpn/product/custom-rust-paper-shopping-bag-with-rope-handles/,0,,VALID_EXISTING_URL
7192,"CUSTOM PINK PAPER GIFT BAG WITH TWISTED HANDLES",http://localhost/hopgiayvpn/product/custom-pink-paper-gift-bag-with-twisted-handles/,related_product,254,"Custom Rigid Gift Box with Matching Paper Bag",http://localhost/hopgiayvpn/product/custom-rigid-gift-box-with-matching-paper-bag/,"custom rigid gift box with matching paper bag","Same category with a different packed product, structure or support option.","After the insert, material or use-case section.",200,http://localhost/hopgiayvpn/product/custom-rigid-gift-box-with-matching-paper-bag/,0,,VALID_EXISTING_URL
7192,"CUSTOM PINK PAPER GIFT BAG WITH TWISTED HANDLES",http://localhost/hopgiayvpn/product/custom-pink-paper-gift-bag-with-twisted-handles/,supporting_guide,445,"How to Make Paper Bags Stronger for Retail Packaging",http://localhost/hopgiayvpn/how-to-make-paper-bags-stronger/,"how to make paper bags stronger for retail packaging","Existing guide matches the product structure, material, insert or industry-use vocabulary.","Inside the relevant structure/material paragraph.",200,http://localhost/hopgiayvpn/how-to-make-paper-bags-stronger/,0,,VALID_EXISTING_URL
7199,"CUSTOM LIME GREEN PAPER SHOPPING BAG WITH ROPE HANDLES",http://localhost/hopgiayvpn/product/custom-lime-green-paper-shopping-bag-with-rope-handles/,category_hub,,"Paper Bags with Logo",http://localhost/hopgiayvpn/products/paper-bags-with-logo/,"paper bags with logo","Connect the product to its most specific existing category hub.","Product introduction or breadcrumb-support paragraph.",200,http://localhost/hopgiayvpn/products/paper-bags-with-logo/,0,,VALID_EXISTING_URL
7199,"CUSTOM LIME GREEN PAPER SHOPPING BAG WITH ROPE HANDLES",http://localhost/hopgiayvpn/product/custom-lime-green-paper-shopping-bag-with-rope-handles/,related_product,7181,"CUSTOM WHITE PAPER SHOPPING BAG WITH BROWN ROPE HANDLES",http://localhost/hopgiayvpn/product/custom-white-paper-shopping-bag-with-brown-rope-handles/,"custom white paper shopping bag with brown rope handles","Same category with a different packed product, structure or support option.","After the structure/opening section.",200,http://localhost/hopgiayvpn/product/custom-white-paper-shopping-bag-with-brown-rope-handles/,0,,VALID_EXISTING_URL
7199,"CUSTOM LIME GREEN PAPER SHOPPING BAG WITH ROPE HANDLES",http://localhost/hopgiayvpn/product/custom-lime-green-paper-shopping-bag-with-rope-handles/,related_product,7187,"CUSTOM RUST PAPER SHOPPING BAG WITH ROPE HANDLES",http://localhost/hopgiayvpn/product/custom-rust-paper-shopping-bag-with-rope-handles/,"custom rust paper shopping bag with rope handles","Same category with a different packed product, structure or support option.","After the insert, material or use-case section.",200,http://localhost/hopgiayvpn/product/custom-rust-paper-shopping-bag-with-rope-handles/,0,,VALID_EXISTING_URL
7199,"CUSTOM LIME GREEN PAPER SHOPPING BAG WITH ROPE HANDLES",http://localhost/hopgiayvpn/product/custom-lime-green-paper-shopping-bag-with-rope-handles/,related_product,379,"Custom Paper Shopping Bag with Handles",http://localhost/hopgiayvpn/product/custom-paper-shopping-bag-with-handles/,"custom paper shopping bag with handles","Same category with a different packed product, structure or support option.","After the insert, material or use-case section.",200,http://localhost/hopgiayvpn/product/custom-paper-shopping-bag-with-handles/,0,,VALID_EXISTING_URL
7199,"CUSTOM LIME GREEN PAPER SHOPPING BAG WITH ROPE HANDLES",http://localhost/hopgiayvpn/product/custom-lime-green-paper-shopping-bag-with-rope-handles/,supporting_guide,445,"How to Make Paper Bags Stronger for Retail Packaging",http://localhost/hopgiayvpn/how-to-make-paper-bags-stronger/,"how to make paper bags stronger for retail packaging","Existing guide matches the product structure, material, insert or industry-use vocabulary.","Inside the relevant structure/material paragraph.",200,http://localhost/hopgiayvpn/how-to-make-paper-bags-stronger/,0,,VALID_EXISTING_URL
7204,"CUSTOM BIRTHDAY PAPER GIFT BAG WITH CANDLE PRINT",http://localhost/hopgiayvpn/product/custom-birthday-paper-gift-bag-with-candle-print/,category_hub,,"Paper Bags with Logo",http://localhost/hopgiayvpn/products/paper-bags-with-logo/,"paper bags with logo","Connect the product to its most specific existing category hub.","Product introduction or breadcrumb-support paragraph.",200,http://localhost/hopgiayvpn/products/paper-bags-with-logo/,0,,VALID_EXISTING_URL
7204,"CUSTOM BIRTHDAY PAPER GIFT BAG WITH CANDLE PRINT",http://localhost/hopgiayvpn/product/custom-birthday-paper-gift-bag-with-candle-print/,related_product,7209,"CUSTOM BIRTHDAY PAPER GIFT BAG WITH PRESENT PRINT",http://localhost/hopgiayvpn/product/custom-birthday-paper-gift-bag-with-present-print/,"custom birthday paper gift bag with present print","Same category with a different packed product, structure or support option.","After the structure/opening section.",200,http://localhost/hopgiayvpn/product/custom-birthday-paper-gift-bag-with-present-print/,0,,VALID_EXISTING_URL
7204,"CUSTOM BIRTHDAY PAPER GIFT BAG WITH CANDLE PRINT",http://localhost/hopgiayvpn/product/custom-birthday-paper-gift-bag-with-candle-print/,related_product,7192,"CUSTOM PINK PAPER GIFT BAG WITH TWISTED HANDLES",http://localhost/hopgiayvpn/product/custom-pink-paper-gift-bag-with-twisted-handles/,"custom pink paper gift bag with twisted handles","Same category with a different packed product, structure or support option.","After the insert, material or use-case section.",200,http://localhost/hopgiayvpn/product/custom-pink-paper-gift-bag-with-twisted-handles/,0,,VALID_EXISTING_URL
7204,"CUSTOM BIRTHDAY PAPER GIFT BAG WITH CANDLE PRINT",http://localhost/hopgiayvpn/product/custom-birthday-paper-gift-bag-with-candle-print/,related_product,7181,"CUSTOM WHITE PAPER SHOPPING BAG WITH BROWN ROPE HANDLES",http://localhost/hopgiayvpn/product/custom-white-paper-shopping-bag-with-brown-rope-handles/,"custom white paper shopping bag with brown rope handles","Same category with a different packed product, structure or support option.","After the insert, material or use-case section.",200,http://localhost/hopgiayvpn/product/custom-white-paper-shopping-bag-with-brown-rope-handles/,0,,VALID_EXISTING_URL
7204,"CUSTOM BIRTHDAY PAPER GIFT BAG WITH CANDLE PRINT",http://localhost/hopgiayvpn/product/custom-birthday-paper-gift-bag-with-candle-print/,supporting_guide,445,"How to Make Paper Bags Stronger for Retail Packaging",http://localhost/hopgiayvpn/how-to-make-paper-bags-stronger/,"how to make paper bags stronger for retail packaging","Existing guide matches the product structure, material, insert or industry-use vocabulary.","Inside the relevant structure/material paragraph.",200,http://localhost/hopgiayvpn/how-to-make-paper-bags-stronger/,0,,VALID_EXISTING_URL
7209,"CUSTOM BIRTHDAY PAPER GIFT BAG WITH PRESENT PRINT",http://localhost/hopgiayvpn/product/custom-birthday-paper-gift-bag-with-present-print/,category_hub,,"Paper Bags with Logo",http://localhost/hopgiayvpn/products/paper-bags-with-logo/,"paper bags with logo","Connect the product to its most specific existing category hub.","Product introduction or breadcrumb-support paragraph.",200,http://localhost/hopgiayvpn/products/paper-bags-with-logo/,0,,VALID_EXISTING_URL
7209,"CUSTOM BIRTHDAY PAPER GIFT BAG WITH PRESENT PRINT",http://localhost/hopgiayvpn/product/custom-birthday-paper-gift-bag-with-present-print/,related_product,7204,"CUSTOM BIRTHDAY PAPER GIFT BAG WITH CANDLE PRINT",http://localhost/hopgiayvpn/product/custom-birthday-paper-gift-bag-with-candle-print/,"custom birthday paper gift bag with candle print","Same category with a different packed product, structure or support option.","After the structure/opening section.",200,http://localhost/hopgiayvpn/product/custom-birthday-paper-gift-bag-with-candle-print/,0,,VALID_EXISTING_URL
7209,"CUSTOM BIRTHDAY PAPER GIFT BAG WITH PRESENT PRINT",http://localhost/hopgiayvpn/product/custom-birthday-paper-gift-bag-with-present-print/,related_product,7181,"CUSTOM WHITE PAPER SHOPPING BAG WITH BROWN ROPE HANDLES",http://localhost/hopgiayvpn/product/custom-white-paper-shopping-bag-with-brown-rope-handles/,"custom white paper shopping bag with brown rope handles","Same category with a different packed product, structure or support option.","After the insert, material or use-case section.",200,http://localhost/hopgiayvpn/product/custom-white-paper-shopping-bag-with-brown-rope-handles/,0,,VALID_EXISTING_URL
7209,"CUSTOM BIRTHDAY PAPER GIFT BAG WITH PRESENT PRINT",http://localhost/hopgiayvpn/product/custom-birthday-paper-gift-bag-with-present-print/,related_product,725,"CUSTOM LUXURY GIFT BOX WITH PAPER BAG",http://localhost/hopgiayvpn/product/custom-luxury-gift-box-with-paper-bag/,"custom luxury gift box with paper bag","Same category with a different packed product, structure or support option.","After the insert, material or use-case section.",200,http://localhost/hopgiayvpn/product/custom-luxury-gift-box-with-paper-bag/,0,,VALID_EXISTING_URL
7209,"CUSTOM BIRTHDAY PAPER GIFT BAG WITH PRESENT PRINT",http://localhost/hopgiayvpn/product/custom-birthday-paper-gift-bag-with-present-print/,supporting_guide,445,"How to Make Paper Bags Stronger for Retail Packaging",http://localhost/hopgiayvpn/how-to-make-paper-bags-stronger/,"how to make paper bags stronger for retail packaging","Existing guide matches the product structure, material, insert or industry-use vocabulary.","Inside the relevant structure/material paragraph.",200,http://localhost/hopgiayvpn/how-to-make-paper-bags-stronger/,0,,VALID_EXISTING_URL
7291,"CUSTOM CHRISTMAS GIFT BOX WITH RIBBON",http://localhost/hopgiayvpn/product/custom-christmas-gift-box-with-ribbon/,category_hub,,"Gift Paper Boxes",http://localhost/hopgiayvpn/products/gift-paper-boxes/,"gift paper boxes","Connect the product to its most specific existing category hub.","Product introduction or breadcrumb-support paragraph.",200,http://localhost/hopgiayvpn/products/gift-paper-boxes/,0,,VALID_EXISTING_URL
7291,"CUSTOM CHRISTMAS GIFT BOX WITH RIBBON",http://localhost/hopgiayvpn/product/custom-christmas-gift-box-with-ribbon/,related_product,243,"Custom Nested Kraft Gift Boxes with Ribbon",http://localhost/hopgiayvpn/product/custom-nested-kraft-gift-boxes-with-ribbon/,"custom nested kraft gift boxes with ribbon","Same category with a different packed product, structure or support option.","After the structure/opening section.",200,http://localhost/hopgiayvpn/product/custom-nested-kraft-gift-boxes-with-ribbon/,0,,VALID_EXISTING_URL
7291,"CUSTOM CHRISTMAS GIFT BOX WITH RIBBON",http://localhost/hopgiayvpn/product/custom-christmas-gift-box-with-ribbon/,related_product,242,"Custom Gift Box with Ribbon Bow",http://localhost/hopgiayvpn/product/custom-gift-box-with-ribbon-bow/,"custom gift box with ribbon bow","Same category with a different packed product, structure or support option.","After the insert, material or use-case section.",200,http://localhost/hopgiayvpn/product/custom-gift-box-with-ribbon-bow/,0,,VALID_EXISTING_URL
7291,"CUSTOM CHRISTMAS GIFT BOX WITH RIBBON",http://localhost/hopgiayvpn/product/custom-christmas-gift-box-with-ribbon/,related_product,1476,"Custom Watch Magnetic Presentation Box",http://localhost/hopgiayvpn/product/custom-watch-magnetic-presentation-box/,"custom watch magnetic presentation box","Same category with a different packed product, structure or support option.","After the insert, material or use-case section.",200,http://localhost/hopgiayvpn/product/custom-watch-magnetic-presentation-box/,0,,VALID_EXISTING_URL
7291,"CUSTOM CHRISTMAS GIFT BOX WITH RIBBON",http://localhost/hopgiayvpn/product/custom-christmas-gift-box-with-ribbon/,supporting_guide,1205,"How to Prepare Artwork for Printed Paper Boxes",http://localhost/hopgiayvpn/how-to-prepare-artwork-for-printed-paper-boxes/,"how to prepare artwork for printed paper boxes","Existing guide matches the product structure, material, insert or industry-use vocabulary.","Inside the relevant structure/material paragraph.",200,http://localhost/hopgiayvpn/how-to-prepare-artwork-for-printed-paper-boxes/,0,,VALID_EXISTING_URL
